2020.06.15,16:00,1.12731,1.13318,1.12596,1.13143,19534
2020.06.15,20:00,1.13144,1.13304,1.13067,1.13289,8111
2020.06.16,00:00,1.13283,1.13478,1.13252,1.13447,9777
2020.06.16,04:00,1.13446,1.13471,1.13273,1.13456,11550
2020.06.16,08:00,1.13456,1.13527,1.13098,1.13149,18690
2020.06.16,12:00,1.13149,1.13191,1.12310,1.12368,23792
2020.06.16,16:00,1.12369,1.12726,1.12274,1.12715,17844
2020.06.16,20:00,1.12717,1.12718,1.12527,1.12586,6459
2020.06.17,00:00,1.12586,1.12724,1.12544,1.12636,11136
2020.06.17,04:00,1.12637,1.12848,1.12609,1.12797,10537
2020.06.17,08:00,1.12798,1.12933,1.12239,1.12412,19505
2020.06.17,12:00,1.12412,1.12541,1.12067,1.12190,22296
2020.06.17,16:00,1.12188,1.12395,1.12085,1.12302,13633
2020.06.17,20:00,1.12295,1.12471,1.12281,1.12441,6025
2020.06.18,00:00,1.12439,1.12493,1.12242,1.12386,10626
2020.06.18,04:00,1.12387,1.12606,1.12387,1.12534,10069
2020.06.18,08:00,1.12533,1.12607,1.12294,1.12544,19089
2020.06.18,12:00,1.12543,1.12579,1.12022,1.12204,22456
2020.06.18,16:00,1.12205,1.12318,1.11851,1.12081,13865
2020.06.18,20:00,1.12081,1.12123,1.11981,1.12085,5412
2020.06.19,00:00,1.12086,1.12125,1.11983,1.12101,8741
2020.06.19,04:00,1.12100,1.12211,1.12050,1.12161,8024
2020.06.19,08:00,1.12159,1.12189,1.11939,1.12033,13753
2020.06.19,12:00,1.12033,1.12537,1.11676,1.11811,20551
2020.06.19,16:00,1.11816,1.12141,1.11741,1.11847,18011
2020.06.19,20:00,1.11847,1.11885,1.11715,1.11762,4387
2020.06.21,22:00,1.11826,1.11869,1.11746,1.11802,1818
2020.06.22,00:00,1.11802,1.11960,1.11678,1.11904,8885
2020.06.22,04:00,1.11903,1.12055,1.11879,1.11934,9045
2020.06.22,08:00,1.11935,1.12258,1.11876,1.12131,16624
2020.06.22,12:00,1.12130,1.12691,1.12026,1.12477,17310
2020.06.22,16:00,1.12476,1.12629,1.12460,1.12601,10494
2020.06.22,20:00,1.12600,1.12742,1.12522,1.12723,5109
2020.06.23,00:00,1.12724,1.12801,1.12323,1.12743,14790
2020.06.23,04:00,1.12740,1.12754,1.12560,1.12692,11413
2020.06.23,08:00,1.12691,1.13051,1.12651,1.12917,18812
2020.06.23,12:00,1.12913,1.13479,1.12849,1.13327,19424
2020.06.23,16:00,1.13328,1.13365,1.13063,1.13111,13479
2020.06.23,20:00,1.13111,1.13122,1.13011,1.13074,5456
2020.06.24,00:00,1.13073,1.13251,1.13067,1.13172,9385
2020.06.24,04:00,1.13171,1.13244,1.13118,1.13169,7852
2020.06.24,08:00,1.13168,1.13223,1.12681,1.13064,19056
2020.06.24,12:00,1.13064,1.13102,1.12566,1.12767,21558
2020.06.24,16:00,1.12769,1.12804,1.12545,1.12580,18433
2020.06.24,20:00,1.12581,1.12635,1.12477,1.12519,6417
2020.06.25,00:00,1.12518,1.12589,1.12421,1.12449,10257
2020.06.25,04:00,1.12451,1.12528,1.12344,1.12364,10209
2020.06.25,08:00,1.12362,1.12498,1.12056,1.12073,20326
2020.06.25,12:00,1.12074,1.12307,1.11897,1.12125,22886
2020.06.25,16:00,1.12124,1.12296,1.12096,1.12154,12324
2020.06.25,20:00,1.12153,1.12285,1.12120,1.12207,6512
2020.06.26,00:00,1.12207,1.12230,1.12074,1.12193,6286
2020.06.26,04:00,1.12193,1.12256,1.12052,1.12077,7006
2020.06.26,08:00,1.12076,1.12386,1.12044,1.12259,14518
2020.06.26,12:00,1.12259,1.12314,1.11948,1.12026,17412
2020.06.26,16:00,1.12028,1.12379,1.11995,1.12264,13813
2020.06.26,20:00,1.12264,1.12302,1.12174,1.12177,3802
2020.06.28,22:00,1.12143,1.12266,1.12133,1.12241,1306
2020.06.29,00:00,1.12239,1.12464,1.12194,1.12423,7517
2020.06.29,04:00,1.12425,1.12664,1.12377,1.12575,10093
2020.06.29,08:00,1.12576,1.12874,1.12402,1.12859,15171
2020.06.29,12:00,1.12858,1.12865,1.12301,1.12453,16946
2020.06.29,16:00,1.12454,1.12531,1.12190,1.12345,12752
2020.06.29,20:00,1.12344,1.12489,1.12293,1.12482,5034
2020.06.30,00:00,1.12482,1.12514,1.12343,1.12413,5158
2020.06.30,04:00,1.12414,1.12458,1.12036,1.12126,7522
2020.06.30,08:00,1.12125,1.12274,1.11979,1.12088,14984
2020.06.30,12:00,1.12088,1.12359,1.11906,1.12321,20096
2020.06.30,16:00,1.12326,1.12614,1.12292,1.12324,16799
2020.06.30,20:00,1.12324,1.12383,1.12260,1.12347,5667
2020.07.01,00:00,1.12346,1.12402,1.12272,1.12376,6630
2020.07.01,04:00,1.12378,1.12384,1.12149,1.12329,8935
2020.07.01,08:00,1.12325,1.12443,1.12001,1.12048,14506
2020.07.01,12:00,1.12047,1.12747,1.11845,1.12600,20573
2020.07.01,16:00,1.12602,1.12693,1.12447,1.12449,14033
2020.07.01,20:00,1.12447,1.12568,1.12428,1.12519,5384
2020.07.02,00:00,1.12516,1.12607,1.12471,1.12601,6885
2020.07.02,04:00,1.12600,1.12754,1.12552,1.12687,7682
2020.07.02,08:00,1.12684,1.13022,1.12616,1.12790,14836
2020.07.02,12:00,1.12787,1.12969,1.12254,1.12288,21957
2020.07.02,16:00,1.12290,1.12447,1.12229,1.12337,12676
2020.07.02,20:00,1.12336,1.12416,1.12278,1.12411,4134
2020.07.03,00:00,1.12411,1.12487,1.12328,1.12446,5850
2020.07.03,04:00,1.12447,1.12473,1.12271,1.12398,7406
2020.07.03,08:00,1.12397,1.12463,1.12190,1.12337,13270
2020.07.03,12:00,1.12338,1.12477,1.12201,1.12412,11562
2020.07.03,16:00,1.12413,1.12459,1.12354,1.12440,10117
2020.07.03,20:00,1.12440,1.12511,1.12259,1.12444,7066
2020.07.05,22:00,1.12426,1.12460,1.12361,1.12447,1258
2020.07.06,00:00,1.12448,1.12788,1.12441,1.12768,7211
2020.07.06,04:00,1.12770,1.13021,1.12761,1.12910,7587
2020.07.06,08:00,1.12911,1.13013,1.12806,1.12954,15457
2020.07.06,12:00,1.12954,1.13451,1.12932,1.13168,17333
2020.07.06,16:00,1.13170,1.13183,1.13020,1.13146,9959
2020.07.06,20:00,1.13146,1.13153,1.13045,1.13103,4418
2020.07.07,00:00,1.13100,1.13320,1.13058,1.13070,9374
2020.07.07,04:00,1.13069,1.13155,1.12912,1.12932,8741
2020.07.07,08:00,1.12932,1.12953,1.12585,1.12773,16813
2020.07.07,12:00,1.12772,1.13063,1.12711,1.12837,16528
2020.07.07,16:00,1.12837,1.13029,1.12825,1.12854,13169
2020.07.07,20:00,1.12853,1.12862,1.12676,1.12736,5742
2020.07.08,00:00,1.12733,1.12820,1.12646,1.12783,7639
2020.07.08,04:00,1.12784,1.12820,1.12618,1.12757,8284
2020.07.08,08:00,1.12757,1.12937,1.12656,1.12818,14595
2020.07.08,12:00,1.12822,1.13424,1.12757,1.13273,17125
2020.07.08,16:00,1.13276,1.13512,1.13145,1.13352,14124
2020.07.08,20:00,1.13350,1.13360,1.13254,1.13321,5496
2020.07.09,00:00,1.13319,1.13470,1.13271,1.13461,7420
2020.07.09,04:00,1.13460,1.13702,1.13431,1.13551,9311
2020.07.09,08:00,1.13550,1.13612,1.13158,1.13217,16629
2020.07.09,12:00,1.13218,1.13482,1.12899,1.12948,19418
2020.07.09,16:00,1.12949,1.13036,1.12849,1.12965,15331
2020.07.09,20:00,1.12967,1.12967,1.12797,1.12871,4994
2020.07.10,00:00,1.12865,1.12897,1.12690,1.12720,6516
2020.07.10,04:00,1.12722,1.12743,1.12576,1.12644,8485
2020.07.10,08:00,1.12643,1.12966,1.12544,1.12934,14785
2020.07.10,12:00,1.12933,1.13242,1.12731,1.13194,15765
2020.07.10,16:00,1.13190,1.13195,1.12949,1.12977,10715
2020.07.10,20:00,1.12977,1.13034,1.12951,1.12964,2900
2020.07.12,22:00,1.13040,1.13154,1.13007,1.13154,1660
2020.07.13,00:00,1.13153,1.13261,1.13032,1.13240,6238
2020.07.13,04:00,1.13241,1.13356,1.13204,1.13302,6699
2020.07.13,08:00,1.13297,1.13347,1.13004,1.13292,13667
2020.07.13,12:00,1.13291,1.13697,1.13237,1.13670,15332
2020.07.13,16:00,1.13671,1.13744,1.13510,1.13521,13357
2020.07.13,20:00,1.13520,1.13568,1.13398,1.13443,8138
2020.07.14,00:00,1.13445,1.13498,1.13349,1.13383,7791
2020.07.14,04:00,1.13383,1.13485,1.13365,1.13424,7179
2020.07.14,08:00,1.13429,1.13730,1.13248,1.13702,16619
2020.07.14,12:00,1.13700,1.14052,1.13608,1.13988,22506
2020.07.14,16:00,1.13989,1.14082,1.13916,1.13930,15501
2020.07.14,20:00,1.13929,1.14118,1.13866,1.14085,6511
2020.07.15,00:00,1.14087,1.14227,1.13997,1.14023,9061
2020.07.15,04:00,1.14022,1.14131,1.13908,1.14050,8334
2020.07.15,08:00,1.14052,1.14470,1.13982,1.14404,16673
2020.07.15,12:00,1.14406,1.14516,1.14098,1.14172,18596
2020.07.15,16:00,1.14171,1.14237,1.14010,1.14054,13587
2020.07.15,20:00,1.14052,1.14139,1.14024,1.14113,4501
2020.07.16,00:00,1.14116,1.14181,1.13998,1.14028,8850
2020.07.16,04:00,1.14027,1.14068,1.13924,1.13973,8077
2020.07.16,08:00,1.13977,1.14151,1.13779,1.13945,15826
2020.07.16,12:00,1.13946,1.14412,1.13938,1.14320,20217
2020.07.16,16:00,1.14320,1.14352,1.13749,1.13786,12288
2020.07.16,20:00,1.13783,1.13847,1.13700,1.13844,6292
2020.07.17,00:00,1.13844,1.13928,1.13771,1.13847,7445
2020.07.17,04:00,1.13847,1.13930,1.13776,1.13817,6711
2020.07.17,08:00,1.13817,1.14282,1.13793,1.14280,13354
2020.07.17,12:00,1.14280,1.14395,1.14158,1.14212,13444
2020.07.17,16:00,1.14213,1.14432,1.14202,1.14365,9626
2020.07.17,20:00,1.14365,1.14412,1.14257,1.14257,3253
2020.07.19,22:00,1.14053,1.14427,1.14042,1.14353,2435
2020.07.20,00:00,1.14354,1.14452,1.14121,1.14173,8760
2020.07.20,04:00,1.14172,1.14664,1.14141,1.14573,10940
2020.07.20,08:00,1.14573,1.14672,1.14405,1.14517,15914
2020.07.20,12:00,1.14517,1.14638,1.14022,1.14391,14734
2020.07.20,16:00,1.14391,1.14479,1.14329,1.14402,9624
2020.07.20,20:00,1.14404,1.14485,1.14389,1.14458,3900
2020.07.21,00:00,1.14459,1.14636,1.14458,1.14595,6149
2020.07.21,04:00,1.14594,1.14691,1.14225,1.14453,12049
2020.07.21,08:00,1.14455,1.14663,1.14284,1.14374,16034
2020.07.21,12:00,1.14375,1.14884,1.14247,1.14869,18880
2020.07.21,16:00,1.14872,1.15392,1.14828,1.15304,13863
2020.07.21,20:00,1.15304,1.15341,1.15191,1.15318,6198
2020.07.22,00:00,1.15318,1.15453,1.15290,1.15450,9434
2020.07.22,04:00,1.15448,1.15466,1.15186,1.15311,9141
2020.07.22,08:00,1.15311,1.15831,1.15064,1.15681,22205
2020.07.22,12:00,1.15683,1.16008,1.15560,1.15932,20811
2020.07.22,16:00,1.15931,1.15932,1.15623,1.15687,12756
2020.07.22,20:00,1.15686,1.15787,1.15659,1.15694,5233
2020.07.23,00:00,1.15694,1.15760,1.15637,1.15672,6913
2020.07.23,04:00,1.15673,1.15931,1.15671,1.15908,7887
2020.07.23,08:00,1.15909,1.15979,1.15702,1.15867,14977
2020.07.23,12:00,1.15866,1.16085,1.15399,1.15946,18688
2020.07.23,16:00,1.15948,1.16263,1.15812,1.16083,18837
2020.07.23,20:00,1.16085,1.16091,1.15885,1.16021,7688
2020.07.24,00:00,1.16020,1.16205,1.15921,1.16144,6904
2020.07.24,04:00,1.16146,1.16179,1.15897,1.16138,10120
2020.07.24,08:00,1.16138,1.16208,1.15810,1.15832,18197
2020.07.24,12:00,1.15832,1.16377,1.15826,1.16247,19776
2020.07.24,16:00,1.16248,1.16470,1.16209,1.16360,12027
2020.07.24,20:00,1.16356,1.16573,1.16341,1.16546,3592
2020.07.26,22:00,1.16428,1.16546,1.16394,1.16521,2918
2020.07.27,00:00,1.16523,1.17154,1.16419,1.17098,12512
2020.07.27,04:00,1.17099,1.17247,1.16950,1.17085,11720
2020.07.27,08:00,1.17088,1.17323,1.16815,1.17260,16827
2020.07.27,12:00,1.17260,1.17777,1.17173,1.17772,19906
2020.07.27,16:00,1.17769,1.17810,1.17429,1.17499,11895
2020.07.27,20:00,1.17498,1.17638,1.17419,1.17631,5717
2020.07.28,00:00,1.17631,1.17732,1.17429,1.17443,10353
2020.07.28,04:00,1.17445,1.17467,1.17138,1.17277,13307
2020.07.28,08:00,1.17277,1.17398,1.16984,1.17375,15886
2020.07.28,12:00,1.17374,1.17426,1.17000,1.17285,20711
2020.07.28,16:00,1.17287,1.17368,1.17122,1.17235,12698
2020.07.28,20:00,1.17236,1.17238,1.17113,1.17196,5620
2020.07.29,00:00,1.17197,1.17305,1.17137,1.17279,7671
2020.07.29,04:00,1.17279,1.17504,1.17242,1.17471,8590
2020.07.29,08:00,1.17470,1.17695,1.17415,1.17459,14856
2020.07.29,12:00,1.17458,1.17779,1.17181,1.17745,18318
2020.07.29,16:00,1.17745,1.18054,1.17577,1.17663,16311
2020.07.29,20:00,1.17661,1.17967,1.17544,1.17895,9056
2020.07.30,00:00,1.17894,1.17894,1.17654,1.17766,8093
2020.07.30,04:00,1.17767,1.17846,1.17490,1.17560,9155
2020.07.30,08:00,1.17560,1.17644,1.17306,1.17467,17415
2020.07.30,12:00,1.17465,1.18089,1.17420,1.17945,21573
2020.07.30,16:00,1.17948,1.18382,1.17746,1.18380,17836
2020.07.30,20:00,1.18382,1.18482,1.18358,1.18477,7095
2020.07.31,00:00,1.18477,1.19044,1.18427,1.18903,15419
2020.07.31,04:00,1.18903,1.19083,1.18766,1.19009,12781
2020.07.31,08:00,1.19010,1.19031,1.18380,1.18493,18401
2020.07.31,12:00,1.18495,1.18520,1.18017,1.18307,21801
2020.07.31,16:00,1.18306,1.18392,1.17615,1.17885,18638
2020.07.31,20:00,1.17882,1.17923,1.17690,1.17719,5163
2020.08.02,22:00,1.17703,1.17960,1.17675,1.17939,2421
2020.08.03,00:00,1.17940,1.17962,1.17405,1.17674,13195
2020.08.03,04:00,1.17680,1.17818,1.17486,1.17497,9382
2020.08.03,08:00,1.17499,1.17845,1.17138,1.17245,16562
2020.08.03,12:00,1.17246,1.17429,1.16957,1.17375,17199
2020.08.03,16:00,1.17376,1.17627,1.17332,1.17586,10898
2020.08.03,20:00,1.17584,1.17673,1.17519,1.17600,5255
2020.08.04,00:00,1.17601,1.17729,1.17518,1.17718,6413
2020.08.04,04:00,1.17717,1.17795,1.17631,1.17767,8701
2020.08.04,08:00,1.17767,1.18053,1.17678,1.17695,16895
2020.08.04,12:00,1.17696,1.17725,1.17209,1.17562,18965
2020.08.04,16:00,1.17565,1.17909,1.17503,1.17819,11595
2020.08.04,20:00,1.17817,1.18027,1.17817,1.17977,4995
2020.08.05,00:00,1.17978,1.18211,1.17938,1.18195,8056
2020.08.05,04:00,1.18194,1.18256,1.17991,1.18236,7470
2020.08.05,08:00,1.18239,1.18613,1.18064,1.18332,16312
2020.08.05,12:00,1.18334,1.18998,1.18325,1.18808,19176
2020.08.05,16:00,1.18812,1.19044,1.18541,1.18596,11360
2020.08.05,20:00,1.18596,1.18756,1.18552,1.18720,4355
2020.08.06,00:00,1.18720,1.18855,1.18624,1.18631,8451
2020.08.06,04:00,1.18630,1.19156,1.18626,1.18799,11505
2020.08.06,08:00,1.18801,1.18801,1.18377,1.18423,17770
2020.08.06,12:00,1.18424,1.18660,1.18176,1.18434,20090
2020.08.06,16:00,1.18434,1.18933,1.18381,1.18738,15304
2020.08.06,20:00,1.18738,1.18826,1.18642,1.18809,5825
2020.08.07,00:00,1.18809,1.18816,1.18317,1.18381,9637
2020.08.07,04:00,1.18382,1.18474,1.18192,1.18313,11173
2020.08.07,08:00,1.18312,1.18501,1.18090,1.18224,15211
2020.08.07,12:00,1.18223,1.18449,1.17550,1.17879,22971
2020.08.07,16:00,1.17880,1.17963,1.17660,1.17805,15281
2020.08.07,20:00,1.17805,1.17883,1.17797,1.17852,3484
2020.08.09,22:00,1.17863,1.17893,1.17729,1.17757,1699
2020.08.10,00:00,1.17758,1.17978,1.17758,1.17925,5957
2020.08.10,04:00,1.17922,1.18002,1.17646,1.17655,6299
2020.08.10,08:00,1.17656,1.17753,1.17446,1.17456,12593
2020.08.10,12:00,1.17457,1.17913,1.17403,1.17653,14293
2020.08.10,16:00,1.17653,1.17715,1.17429,1.17434,10985
2020.08.10,20:00,1.17435,1.17443,1.17354,1.17411,5495
2020.08.11,00:00,1.17407,1.17500,1.17216,1.17441,6628
2020.08.11,04:00,1.17441,1.17561,1.17227,1.17331,8579
2020.08.11,08:00,1.17333,1.18069,1.17299,1.17906,17166
2020.08.11,12:00,1.17906,1.18065,1.17566,1.17649,21100
2020.08.11,16:00,1.17648,1.17882,1.17411,1.17447,15534
2020.08.11,20:00,1.17446,1.17463,1.17279,1.17429,7205
2020.08.12,00:00,1.17427,1.17432,1.17155,1.17199,10667
2020.08.12,04:00,1.17197,1.17381,1.17106,1.17252,10335
2020.08.12,08:00,1.17253,1.17786,1.17247,1.17777,16491
2020.08.12,12:00,1.17778,1.18163,1.17555,1.18047,20930
2020.08.12,16:00,1.18048,1.18052,1.17833,1.17835,13057
2020.08.12,20:00,1.17835,1.17902,1.17787,1.17873,5320
2020.08.13,00:00,1.17873,1.18166,1.17850,1.18097,7487
2020.08.13,04:00,1.18097,1.18376,1.18001,1.18246,8341
2020.08.13,08:00,1.18244,1.18527,1.18152,1.18423,15992
2020.08.13,12:00,1.18420,1.18637,1.18227,1.18394,18442
2020.08.13,16:00,1.18391,1.18395,1.17931,1.17977,13162
2020.08.13,20:00,1.17976,1.18169,1.17963,1.18169,5421
2020.08.14,00:00,1.18169,1.18201,1.18011,1.18089,5363
2020.08.14,04:00,1.18089,1.18260,1.18018,1.18081,6539
2020.08.14,08:00,1.18079,1.18175,1.17816,1.18089,14400
2020.08.14,12:00,1.18084,1.18371,1.18060,1.18283,15604
2020.08.14,16:00,1.18286,1.18499,1.18240,1.18379,9323
2020.08.14,20:00,1.18379,1.18412,1.18334,1.18407,2315
2020.08.16,22:00,1.18389,1.18451,1.18264,1.18412,1383
2020.08.17,00:00,1.18413,1.18669,1.18409,1.18572,5643
2020.08.17,04:00,1.18569,1.18675,1.18516,1.18616,5580
2020.08.17,08:00,1.18617,1.18658,1.18283,1.18502,14108
2020.08.17,12:00,1.18505,1.18805,1.18336,1.18674,14938
2020.08.17,16:00,1.18673,1.18709,1.18564,1.18655,10085
2020.08.17,20:00,1.18654,1.18757,1.18632,1.18723,4425
2020.08.18,00:00,1.18722,1.18961,1.18708,1.18885,7447
2020.08.18,04:00,1.18891,1.19036,1.18831,1.18852,7780
2020.08.18,08:00,1.18852,1.19147,1.18822,1.19005,15955
2020.08.18,12:00,1.19004,1.19651,1.18978,1.19198,19318
2020.08.18,16:00,1.19202,1.19382,1.19177,1.19375,10637
2020.08.18,20:00,1.19374,1.19394,1.19273,1.19391,4924
2020.08.19,00:00,1.19391,1.19523,1.19320,1.19364,6931
2020.08.19,04:00,1.19364,1.19471,1.19273,1.19349,7248
2020.08.19,08:00,1.19348,1.19504,1.19220,1.19370,14098
2020.08.19,12:00,1.19370,1.19484,1.18960,1.18999,16003
2020.08.19,16:00,1.18999,1.19087,1.18300,1.18556,18433
2020.08.19,20:00,1.18555,1.18594,1.18356,1.18511,7831
2020.08.20,00:00,1.18508,1.18508,1.18309,1.18439,7252
2020.08.20,04:00,1.18440,1.18530,1.18322,1.18386,8429
2020.08.20,08:00,1.18385,1.18682,1.18117,1.18395,18332
2020.08.20,12:00,1.18394,1.18552,1.18019,1.18410,20590
2020.08.20,16:00,1.18410,1.18647,1.18382,1.18516,13170
2020.08.20,20:00,1.18515,1.18653,1.18492,1.18649,5072
2020.08.21,00:00,1.18649,1.18764,1.18623,1.18711,6639
2020.08.21,04:00,1.18713,1.18824,1.18649,1.18700,6313
2020.08.21,08:00,1.18700,1.18729,1.17831,1.18024,18746
2020.08.21,12:00,1.18025,1.18025,1.17538,1.17791,20493
2020.08.21,16:00,1.17791,1.17885,1.17614,1.17877,11656
2020.08.21,20:00,1.17878,1.17982,1.17852,1.17961,2946
2020.08.23,22:00,1.17885,1.18015,1.17831,1.18007,1894
2020.08.24,00:00,1.18013,1.18062,1.17902,1.17907,5572
2020.08.24,04:00,1.17909,1.18084,1.17841,1.18056,5729
2020.08.24,08:00,1.18055,1.18437,1.18027,1.18317,12280
2020.08.24,12:00,1.18319,1.18491,1.18107,1.18129,14966
2020.08.24,16:00,1.18128,1.18140,1.17911,1.17916,11680
2020.08.24,20:00,1.17916,1.17947,1.17837,1.17935,4597
2020.08.25,00:00,1.17935,1.18078,1.17837,1.18045,7271
2020.08.25,04:00,1.18045,1.18147,1.17983,1.17993,7013
2020.08.25,08:00,1.17993,1.18421,1.17978,1.18255,14635
2020.08.25,12:00,1.18256,1.18430,1.18034,1.18223,18212
2020.08.25,16:00,1.18224,1.18344,1.18048,1.18339,12564
2020.08.25,20:00,1.18339,1.18371,1.18301,1.18330,4163
2020.08.26,00:00,1.18330,1.18387,1.18172,1.18191,6080
2020.08.26,04:00,1.18191,1.18206,1.18067,1.18120,6591
2020.08.26,08:00,1.18115,1.18251,1.18001,1.18127,14561
2020.08.26,12:00,1.18128,1.18272,1.17718,1.18173,17011
2020.08.26,16:00,1.18174,1.18387,1.18103,1.18149,11743
2020.08.26,20:00,1.18147,1.18377,1.18147,1.18361,4959
2020.08.27,00:00,1.18360,1.18493,1.18254,1.18273,7270
2020.08.27,04:00,1.18273,1.18389,1.18237,1.18304,7570
2020.08.27,08:00,1.18307,1.18400,1.18014,1.18052,14237
2020.08.27,12:00,1.18053,1.19010,1.17620,1.17881,26087
2020.08.27,16:00,1.17881,1.18343,1.17792,1.18221,21294
2020.08.27,20:00,1.18220,1.18271,1.18141,1.18181,5509
2020.08.28,00:00,1.18180,1.18357,1.18105,1.18349,7663
2020.08.28,04:00,1.18352,1.18791,1.18345,1.18665,14792
2020.08.28,08:00,1.18664,1.19193,1.18663,1.19041,19061
2020.08.28,12:00,1.19042,1.19186,1.18671,1.18959,21508
2020.08.28,16:00,1.18959,1.19064,1.18835,1.18900,12490
2020.08.28,20:00,1.18900,1.19058,1.18831,1.19057,3586
2020.08.30,22:00,1.18933,1.19131,1.18899,1.19081,2468
2020.08.31,00:00,1.19083,1.19291,1.18964,1.19139,9900
2020.08.31,04:00,1.19138,1.19169,1.18934,1.19060,7346
2020.08.31,08:00,1.19062,1.19260,1.18841,1.19189,14673
2020.08.31,12:00,1.19189,1.19656,1.19183,1.19600,16620
2020.08.31,16:00,1.19602,1.19603,1.19332,1.19342,12984
2020.08.31,20:00,1.19341,1.19397,1.19253,1.19367,6110
2020.09.01,00:00,1.19367,1.19942,1.19354,1.19909,10463
2020.09.01,04:00,1.19909,1.19969,1.19747,1.19763,11252
2020.09.01,08:00,1.19763,1.19963,1.19613,1.19868,17391
2020.09.01,12:00,1.19868,1.20103,1.19356,1.19629,19933
2020.09.01,16:00,1.19632,1.19658,1.19039,1.19097,14904
2020.09.01,20:00,1.19096,1.19209,1.19010,1.19174,4511
2020.09.02,00:00,1.19177,1.19283,1.18916,1.19053,7545
2020.09.02,04:00,1.19052,1.19130,1.18902,1.19030,6704
2020.09.02,08:00,1.19030,1.19074,1.18519,1.18609,15958
2020.09.02,12:00,1.18608,1.18759,1.18220,1.18399,19913
2020.09.02,16:00,1.18399,1.18489,1.18228,1.18241,14740
2020.09.02,20:00,1.18240,1.18573,1.18235,1.18531,5861
2020.09.03,00:00,1.18534,1.18542,1.18212,1.18267,7942
2020.09.03,04:00,1.18267,1.18274,1.17890,1.17982,11482
2020.09.03,08:00,1.17978,1.18356,1.17885,1.18120,16538
2020.09.03,12:00,1.18121,1.18486,1.18016,1.18370,18216
2020.09.03,16:00,1.18369,1.18589,1.18107,1.18563,18511
2020.09.03,20:00,1.18563,1.18641,1.18441,1.18458,6540
2020.09.04,00:00,1.18459,1.18576,1.18385,1.18409,7844
2020.09.04,04:00,1.18407,1.18527,1.18344,1.18362,7539
2020.09.04,08:00,1.18363,1.18650,1.18330,1.18468,14773
2020.09.04,12:00,1.18468,1.18545,1.17857,1.17968,23989
2020.09.04,16:00,1.17968,1.18543,1.17807,1.18509,17291
2020.09.04,20:00,1.18512,1.18524,1.18361,1.18390,4607
2020.09.06,22:00,1.18443,1.18459,1.18313,1.18401,1903
2020.09.07,00:00,1.18399,1.18431,1.18295,1.18345,6471
2020.09.07,04:00,1.18345,1.18379,1.18241,1.18278,6296
2020.09.07,08:00,1.18286,1.18482,1.18122,1.18186,12621
2020.09.07,12:00,1.18187,1.18320,1.18146,1.18257,8358
2020.09.07,16:00,1.18258,1.18280,1.18124,1.18127,5133
2020.09.07,20:00,1.18126,1.18200,1.18110,1.18156,4120
2020.09.08,00:00,1.18155,1.18212,1.17948,1.18047,6758
2020.09.08,04:00,1.18046,1.18269,1.17974,1.18162,7667
2020.09.08,08:00,1.18163,1.18208,1.17774,1.18000,17828
2020.09.08,12:00,1.18000,1.18056,1.17652,1.17930,23911
2020.09.08,16:00,1.17928,1.18055,1.17772,1.17814,14964
2020.09.08,20:00,1.17814,1.17851,1.17568,1.17663,7283
2020.09.09,00:00,1.17665,1.17793,1.17586,1.17743,7896
2020.09.09,04:00,1.17744,1.17823,1.17603,1.17658,8398
2020.09.09,08:00,1.17662,1.17869,1.17534,1.17546,14433
2020.09.09,12:00,1.17547,1.18330,1.17525,1.18071,21739
2020.09.09,16:00,1.18085,1.18214,1.17985,1.18077,10716
2020.09.09,20:00,1.18077,1.18105,1.17969,1.18086,5106
2020.09.10,00:00,1.18086,1.18235,1.18002,1.18217,7141
2020.09.10,04:00,1.18217,1.18364,1.18184,1.18259,6454
2020.09.10,08:00,1.18257,1.18440,1.18156,1.18373,13327
2020.09.10,12:00,1.18372,1.19169,1.18308,1.18732,24215
2020.09.10,16:00,1.18731,1.18870,1.18178,1.18245,20608
2020.09.10,20:00,1.18246,1.18282,1.18092,1.18267,8643
2020.09.11,00:00,1.18267,1.18398,1.18218,1.18327,6611
2020.09.11,04:00,1.18326,1.18411,1.18281,1.18355,7362
2020.09.11,08:00,1.18358,1.18736,1.18306,1.18586,14759
2020.09.11,12:00,1.18587,1.18644,1.18274,1.18283,16113
2020.09.11,16:00,1.18283,1.18405,1.18258,1.18303,13148
2020.09.11,20:00,1.18301,1.18478,1.18268,1.18456,4252
2020.09.13,22:00,1.18340,1.18471,1.18332,1.18450,1520
2020.09.14,00:00,1.18454,1.18501,1.18316,1.18488,5537
2020.09.14,04:00,1.18488,1.18540,1.18422,1.18432,5902
2020.09.14,08:00,1.18431,1.18756,1.18431,1.18727,12725
2020.09.14,12:00,1.18727,1.18874,1.18633,1.18708,13198
2020.09.14,16:00,1.18707,1.18839,1.18589,1.18642,8296
2020.09.14,20:00,1.18643,1.18696,1.18601,1.18674,4697
2020.09.15,00:00,1.18673,1.18815,1.18583,1.18798,6412
2020.09.15,04:00,1.18799,1.18992,1.18799,1.18876,6142
2020.09.15,08:00,1.18875,1.18988,1.18755,1.18988,11727
2020.09.15,12:00,1.18987,1.18998,1.18393,1.18503,15674
2020.09.15,16:00,1.18506,1.18543,1.18442,1.18535,8791
2020.09.15,20:00,1.18536,1.18536,1.18442,1.18473,4016
2020.09.16,00:00,1.18475,1.18485,1.18284,1.18450,6361
2020.09.16,04:00,1.18448,1.18543,1.18407,1.18493,5882
2020.09.16,08:00,1.18491,1.18819,1.18462,1.18685,10645
2020.09.16,12:00,1.18688,1.18761,1.18091,1.18298,16655
2020.09.16,16:00,1.18298,1.18540,1.17871,1.17992,16991
2020.09.16,20:00,1.17994,1.18187,1.17902,1.18154,9262
2020.09.17,00:00,1.18155,1.18155,1.17595,1.17673,10179
2020.09.17,04:00,1.17672,1.17784,1.17372,1.17734,11576
2020.09.17,08:00,1.17739,1.18117,1.17700,1.17981,16359
2020.09.17,12:00,1.17980,1.18171,1.17888,1.18073,19923
2020.09.17,16:00,1.18073,1.18439,1.18063,1.18384,11750
2020.09.17,20:00,1.18383,1.18541,1.18340,1.18521,5648
2020.09.18,00:00,1.18519,1.18613,1.18427,1.18456,8905
2020.09.18,04:00,1.18456,1.18658,1.18450,1.18647,6970
2020.09.18,08:00,1.18649,1.18684,1.18366,1.18407,11744
2020.09.18,12:00,1.18408,1.18699,1.18256,1.18599,14592
2020.09.18,16:00,1.18597,1.18670,1.18505,1.18530,11779
2020.09.18,20:00,1.18530,1.18533,1.18395,1.18412,3534
2020.09.20,22:00,1.18393,1.18492,1.18366,1.18479,1934
2020.09.21,00:00,1.18477,1.18618,1.18424,1.18582,5492
2020.09.21,04:00,1.18583,1.18713,1.18544,1.18578,6158
2020.09.21,08:00,1.18582,1.18677,1.17752,1.17869,19004
2020.09.21,12:00,1.17866,1.17968,1.17316,1.17403,20040
2020.09.21,16:00,1.17404,1.17575,1.17313,1.17537,13658
2020.09.21,20:00,1.17535,1.17744,1.17533,1.17642,6234
2020.09.22,00:00,1.17641,1.17703,1.17525,1.17629,7823
2020.09.22,04:00,1.17630,1.17710,1.17334,1.17467,8099
2020.09.22,08:00,1.17466,1.17669,1.17198,1.17610,17234
2020.09.22,12:00,1.17609,1.17612,1.17028,1.17032,18637
2020.09.22,16:00,1.17034,1.17161,1.16913,1.17045,13974
2020.09.22,20:00,1.17045,1.17127,1.17028,1.17064,4595
2020.09.23,00:00,1.17065,1.17101,1.16749,1.16804,9723
2020.09.23,04:00,1.16805,1.16937,1.16717,1.16910,9115
2020.09.23,08:00,1.16909,1.17186,1.16744,1.17077,14491
2020.09.23,12:00,1.17080,1.17110,1.16640,1.16739,16362
2020.09.23,16:00,1.16739,1.16896,1.16567,1.16569,13985
2020.09.23,20:00,1.16571,1.16643,1.16511,1.16616,6491
2020.09.24,00:00,1.16617,1.16793,1.16515,1.16613,8759
2020.09.24,04:00,1.16613,1.16651,1.16439,1.16523,8463
2020.09.24,08:00,1.16518,1.16733,1.16329,1.16427,13510
2020.09.24,12:00,1.16428,1.16564,1.16261,1.16393,18553
2020.09.24,16:00,1.16394,1.16865,1.16355,1.16660,15255
2020.09.24,20:00,1.16659,1.16744,1.16595,1.16721,6496
2020.09.25,00:00,1.16721,1.16767,1.16622,1.16663,5168
2020.09.25,04:00,1.16664,1.16787,1.16616,1.16759,6818
2020.09.25,08:00,1.16756,1.16846,1.16382,1.16433,14675
2020.09.25,12:00,1.16440,1.16447,1.16144,1.16183,16897
2020.09.25,16:00,1.16185,1.16292,1.16117,1.16216,9451
2020.09.25,20:00,1.16219,1.16347,1.16217,1.16295,3741
2020.09.27,22:00,1.16187,1.16373,1.16156,1.16323,1553
2020.09.28,00:00,1.16324,1.16371,1.16147,1.16342,5787
2020.09.28,04:00,1.16342,1.16397,1.16247,1.16263,4853
2020.09.28,08:00,1.16261,1.16652,1.16221,1.16595,13102
2020.09.28,12:00,1.16594,1.16795,1.16421,1.16428,14822
2020.09.28,16:00,1.16433,1.16681,1.16421,1.16632,9300
2020.09.28,20:00,1.16636,1.16708,1.16603,1.16685,4709
2020.09.29,00:00,1.16689,1.16834,1.16666,1.16702,5386
2020.09.29,04:00,1.16705,1.16819,1.16647,1.16802,6165
2020.09.29,08:00,1.16794,1.16979,1.16654,1.16979,13319
2020.09.29,12:00,1.16980,1.17435,1.16927,1.17306,15617
2020.09.29,16:00,1.17308,1.17452,1.17093,1.17363,11954
2020.09.29,20:00,1.17364,1.17445,1.17352,1.17440,4668
2020.09.30,00:00,1.17443,1.17544,1.17357,1.17460,6546
2020.09.30,04:00,1.17453,1.17457,1.17223,1.17337,9035
2020.09.30,08:00,1.17338,1.17423,1.16937,1.17099,16429
2020.09.30,12:00,1.17099,1.17399,1.16845,1.17279,19114
2020.09.30,16:00,1.17278,1.17513,1.17054,1.17162,17524
2020.09.30,20:00,1.17163,1.17307,1.17107,1.17298,7992
2020.10.01,00:00,1.17300,1.17431,1.17168,1.17404,6871
2020.10.01,04:00,1.17410,1.17572,1.17384,1.17529,7021
2020.10.01,08:00,1.17530,1.17568,1.17217,1.17424,18837
2020.10.01,12:00,1.17428,1.17691,1.17210,1.17356,21437
2020.10.01,16:00,1.17359,1.17554,1.17335,1.17456,14443
2020.10.01,20:00,1.17458,1.17500,1.17370,1.17443,5178
2020.10.02,00:00,1.17444,1.17445,1.17136,1.17193,6968
2020.10.02,04:00,1.17193,1.17382,1.16951,1.17368,15361
2020.10.02,08:00,1.17369,1.17411,1.17082,1.17124,18333
2020.10.02,12:00,1.17124,1.17332,1.16982,1.17141,20208
2020.10.02,16:00,1.17136,1.17215,1.17012,1.17117,15847
2020.10.02,20:00,1.17118,1.17163,1.17091,1.17161,3896
2020.10.04,22:00,1.17105,1.17169,1.17062,1.17146,1840
2020.10.05,00:00,1.17145,1.17353,1.17125,1.17316,7494
2020.10.05,04:00,1.17318,1.17352,1.17205,1.17241,6622
2020.10.05,08:00,1.17240,1.17589,1.17195,1.17527,13907
2020.10.05,12:00,1.17522,1.17971,1.17460,1.17893,14441
2020.10.05,16:00,1.17893,1.17919,1.17712,1.17745,9389
2020.10.05,20:00,1.17747,1.17879,1.17745,1.17871,4770
2020.10.06,00:00,1.17875,1.17925,1.17831,1.17905,5596
2020.10.06,04:00,1.17905,1.17980,1.17772,1.17848,7768
2020.10.06,08:00,1.17847,1.17995,1.17651,1.17776,14694
2020.10.06,12:00,1.17777,1.18073,1.17746,1.17908,16687
2020.10.06,16:00,1.17908,1.17938,1.17351,1.17553,12271
2020.10.06,20:00,1.17550,1.17598,1.17300,1.17335,10899
2020.10.07,00:00,1.17334,1.17401,1.17246,1.17309,7010
2020.10.07,04:00,1.17310,1.17546,1.17268,1.17543,8047
2020.10.07,08:00,1.17543,1.17667,1.17488,1.17583,14588
2020.10.07,12:00,1.17583,1.17813,1.17575,1.17610,16202
2020.10.07,16:00,1.17610,1.17746,1.17595,1.17668,10949
2020.10.07,20:00,1.17667,1.17700,1.17579,1.17678,5026
2020.10.08,00:00,1.17681,1.17712,1.17591,1.17704,6584
2020.10.08,04:00,1.17705,1.17812,1.17669,1.17778,5989
2020.10.08,08:00,1.17780,1.17785,1.17525,1.17597,12524
2020.10.08,12:00,1.17598,1.17684,1.17325,1.17470,13520
2020.10.08,16:00,1.17471,1.17594,1.17441,1.17572,9953
2020.10.08,20:00,1.17571,1.17643,1.17500,1.17635,4281
2020.10.09,00:00,1.17640,1.17785,1.17573,1.17779,6672
2020.10.09,04:00,1.17779,1.17804,1.17662,1.17733,5994
2020.10.09,08:00,1.17734,1.18080,1.17702,1.18024,11908
2020.10.09,12:00,1.18023,1.18232,1.17929,1.18143,12411
2020.10.09,16:00,1.18144,1.18276,1.18076,1.18245,9874
2020.10.09,20:00,1.18247,1.18301,1.18221,1.18288,2859
2020.10.11,22:00,1.18095,1.18227,1.18041,1.18160,2499
2020.10.12,00:00,1.18168,1.18213,1.18083,1.18172,6428
2020.10.12,04:00,1.18171,1.18262,1.18103,1.18150,5455
2020.10.12,08:00,1.18151,1.18227,1.17945,1.17962,11348
2020.10.12,12:00,1.17963,1.18161,1.17863,1.18132,10779
2020.10.12,16:00,1.18136,1.18145,1.18017,1.18096,7197
2020.10.12,20:00,1.18097,1.18161,1.18032,1.18135,4295
2020.10.13,00:00,1.18136,1.18143,1.17902,1.17961,7060
2020.10.13,04:00,1.17961,1.18026,1.17866,1.17866,7329
2020.10.13,08:00,1.17867,1.17988,1.17778,1.17904,11113
2020.10.13,12:00,1.17909,1.17981,1.17373,1.17439,14705
2020.10.13,16:00,1.17438,1.17477,1.17306,1.17443,9680
2020.10.13,20:00,1.17443,1.17490,1.17404,1.17433,3930
2020.10.14,00:00,1.17429,1.17505,1.17348,1.17427,7103
2020.10.14,04:00,1.17428,1.17469,1.17393,1.17441,7066
2020.10.14,08:00,1.17438,1.17530,1.17197,1.17338,13778
2020.10.14,12:00,1.17339,1.17703,1.17337,1.17578,13139
2020.10.14,16:00,1.17580,1.17673,1.17433,1.17501,9696
2020.10.14,20:00,1.17501,1.17549,1.17402,1.17423,4657
2020.10.15,00:00,1.17428,1.17554,1.17415,1.17432,6999
2020.10.15,04:00,1.17433,1.17573,1.17349,1.17364,6608
2020.10.15,08:00,1.17366,1.17423,1.17027,1.17173,14593
2020.10.15,12:00,1.17173,1.17217,1.16881,1.16992,15600
2020.10.15,16:00,1.16991,1.17060,1.16902,1.16965,10305
2020.10.15,20:00,1.16965,1.17104,1.16960,1.17051,4355
2020.10.16,00:00,1.17051,1.17150,1.17002,1.17030,6241
2020.10.16,04:00,1.17031,1.17090,1.16936,1.17036,5924
2020.10.16,08:00,1.17031,1.17232,1.17001,1.17174,11872
2020.10.16,12:00,1.17174,1.17456,1.17131,1.17198,13881
2020.10.16,16:00,1.17197,1.17242,1.17134,1.17182,7523
2020.10.16,20:00,1.17183,1.17192,1.17125,1.17158,3156
2020.10.18,22:00,1.17153,1.17201,1.17120,1.17125,1424
2020.10.19,00:00,1.17124,1.17245,1.17081,1.17143,6522
2020.10.19,04:00,1.17142,1.17142,1.17027,1.17041,5326
2020.10.19,08:00,1.17040,1.17667,1.17040,1.17663,12215
2020.10.19,12:00,1.17664,1.17931,1.17641,1.17817,11828
2020.10.19,16:00,1.17817,1.17902,1.17664,1.17665,8363
2020.10.19,20:00,1.17664,1.17729,1.17631,1.17677,4970
2020.10.20,00:00,1.17679,1.17755,1.17636,1.17684,5702
2020.10.20,04:00,1.17684,1.17799,1.17663,1.17669,5430
2020.10.20,08:00,1.17668,1.18174,1.17595,1.18131,12240
2020.10.20,12:00,1.18132,1.18403,1.18002,1.18299,13710
2020.10.20,16:00,1.18301,1.18357,1.18191,1.18267,8582
2020.10.20,20:00,1.18268,1.18293,1.18190,1.18277,4871
2020.10.21,00:00,1.18276,1.18431,1.18257,1.18376,6979
2020.10.21,04:00,1.18375,1.18622,1.18367,1.18548,7435
2020.10.21,08:00,1.18546,1.18698,1.18425,1.18587,14522
2020.10.21,12:00,1.18586,1.18803,1.18411,1.18734,15897
2020.10.21,16:00,1.18734,1.18793,1.18608,1.18608,12080
2020.10.21,20:00,1.18608,1.18647,1.18470,1.18591,5033
2020.10.22,00:00,1.18592,1.18606,1.18378,1.18418,7918
2020.10.22,04:00,1.18419,1.18591,1.18393,1.18500,5631
2020.10.22,08:00,1.18494,1.18664,1.18244,1.18287,13256
2020.10.22,12:00,1.18286,1.18362,1.18111,1.18281,15147
2020.10.22,16:00,1.18281,1.18329,1.18159,1.18183,8366
2020.10.22,20:00,1.18183,1.18236,1.18154,1.18223,4268
2020.10.23,00:00,1.18225,1.18228,1.17864,1.18033,7919
2020.10.23,04:00,1.18031,1.18041,1.17911,1.17984,5247
2020.10.23,08:00,1.17983,1.18532,1.17964,1.18472,12407
2020.10.23,12:00,1.18473,1.18596,1.18251,1.18348,13586
2020.10.23,16:00,1.18349,1.18612,1.18327,1.18581,7521
2020.10.23,20:00,1.18580,1.18643,1.18563,1.18595,2230
2020.10.25,22:00,1.18525,1.18592,1.18403,1.18414,3001
2020.10.26,00:00,1.18417,1.18500,1.18333,1.18360,6135
2020.10.26,04:00,1.18359,1.18375,1.18287,1.18337,4374
2020.10.26,08:00,1.18338,1.18470,1.18027,1.18228,12558
2020.10.26,12:00,1.18231,1.18274,1.18052,1.18121,12960
2020.10.26,16:00,1.18118,1.18259,1.18073,1.18127,9707
2020.10.26,20:00,1.18124,1.18152,1.18037,1.18067,4736
2020.10.27,00:00,1.18070,1.18245,1.18064,1.18224,5450
2020.10.27,04:00,1.18224,1.18353,1.18169,1.18313,4570
2020.10.27,08:00,1.18316,1.18316,1.17959,1.18142,11871
2020.10.27,12:00,1.18138,1.18383,1.18130,1.18237,11530
2020.10.27,16:00,1.18239,1.18365,1.18115,1.18116,7643
2020.10.27,20:00,1.18115,1.18155,1.17692,1.17797,5502
2020.10.28,00:00,1.17797,1.17875,1.17723,1.17775,6783
2020.10.28,04:00,1.17774,1.17847,1.17644,1.17672,4577
2020.10.28,08:00,1.17674,1.17777,1.17371,1.17376,14889
2020.10.28,12:00,1.17376,1.17462,1.17174,1.17321,17386
2020.10.28,16:00,1.17322,1.17598,1.17303,1.17503,11507
2020.10.28,20:00,1.17506,1.17553,1.17431,1.17481,4673
2020.10.29,00:00,1.17482,1.17583,1.17434,1.17472,6136
2020.10.29,04:00,1.17474,1.17569,1.17437,1.17543,5501
2020.10.29,08:00,1.17543,1.17549,1.17144,1.17169,15125
2020.10.29,12:00,1.17168,1.17203,1.16739,1.16833,20850
2020.10.29,16:00,1.16833,1.16843,1.16498,1.16698,12310
2020.10.29,20:00,1.16698,1.16780,1.16677,1.16691,5148
2020.10.30,00:00,1.16693,1.16895,1.16684,1.16851,6907
2020.10.30,04:00,1.16853,1.16939,1.16747,1.16776,7598
2020.10.30,08:00,1.16777,1.16832,1.16599,1.16723,15805
2020.10.30,12:00,1.16723,1.17037,1.16643,1.16774,16805
2020.10.30,16:00,1.16773,1.16875,1.16396,1.16435,14126
2020.10.30,20:00,1.16436,1.16503,1.16412,1.16459,3657
2020.11.01,23:00,1.16457,1.16491,1.16427,1.16438,577
2020.11.02,00:00,1.16436,1.16482,1.16374,1.16436,7635
2020.11.02,04:00,1.16435,1.16437,1.16295,1.16424,5816
2020.11.02,08:00,1.16426,1.16505,1.16220,1.16473,15496
2020.11.02,12:00,1.16471,1.16552,1.16288,1.16316,12895
2020.11.02,16:00,1.16307,1.16401,1.16224,1.16241,10128
2020.11.02,20:00,1.16241,1.16412,1.16234,1.16387,4487
2020.11.03,00:00,1.16369,1.16448,1.16217,1.16414,4389
2020.11.03,04:00,1.16416,1.16539,1.16403,1.16487,6504
2020.11.03,08:00,1.16488,1.16880,1.16485,1.16829,15759
2020.11.03,12:00,1.16829,1.17175,1.16779,1.16984,21497
2020.11.03,16:00,1.16985,1.17390,1.16985,1.17227,20854
2020.11.03,20:00,1.17229,1.17284,1.16949,1.17015,8922
2020.11.04,00:00,1.17014,1.17698,1.16874,1.16886,22612
2020.11.04,04:00,1.16887,1.17253,1.16021,1.16535,74144
2020.11.04,08:00,1.16534,1.16946,1.16275,1.16670,45103
2020.11.04,12:00,1.16670,1.17447,1.16624,1.17179,42330
2020.11.04,16:00,1.17181,1.17334,1.16795,1.17287,43467
2020.11.04,20:00,1.17287,1.17287,1.17093,1.17149,20958
2020.11.05,00:00,1.17147,1.17383,1.17129,1.17283,9601
2020.11.05,04:00,1.17286,1.17414,1.17100,1.17372,15506
2020.11.05,08:00,1.17374,1.17691,1.17268,1.17622,27926
2020.11.05,12:00,1.17622,1.18459,1.17543,1.18441,34574
2020.11.05,16:00,1.18441,1.18589,1.18003,1.18074,40910
2020.11.05,20:00,1.18074,1.18434,1.17907,1.18254,21648
2020.11.06,00:00,1.18253,1.18453,1.18035,1.18040,13294
2020.11.06,04:00,1.18042,1.18325,1.17947,1.18183,15904
2020.11.06,08:00,1.18183,1.18525,1.18122,1.18423,20939
2020.11.06,12:00,1.18423,1.18834,1.18248,1.18742,30550
2020.11.06,16:00,1.18742,1.18901,1.18503,1.18844,46021
2020.11.06,20:00,1.18846,1.18895,1.18754,1.18780,12308
2020.11.07,00:00,1.18778,1.18811,1.18708,1.18731,2035
2020.11.09,01:00,1.18875,1.18944,1.18788,1.18872,13037
2020.11.09,05:00,1.18868,1.18950,1.18794,1.18797,8850
2020.11.09,09:00,1.18799,1.18977,1.18641,1.18730,27440
2020.11.09,13:00,1.18731,1.19060,1.18593,1.18922,55331
2020.11.09,17:00,1.18922,1.19193,1.17946,1.18178,62250
2020.11.09,21:00,1.18177,1.18355,1.18022,1.18114,19105
2020.11.10,00:00,1.18112,1.18270,1.18062,1.18140,12891
2020.11.10,04:00,1.18138,1.18378,1.18130,1.18346,17725
2020.11.10,08:00,1.18347,1.18425,1.18132,1.18339,25646
2020.11.10,12:00,1.18338,1.18396,1.17792,1.18089,39634
2020.11.10,16:00,1.18088,1.18334,1.17923,1.18092,46441
2020.11.10,20:00,1.18091,1.18253,1.18026,1.18081,17038
2020.11.11,00:00,1.18080,1.18256,1.18037,1.18171,7554
2020.11.11,04:00,1.18171,1.18320,1.18163,1.18221,10262
2020.11.11,08:00,1.18221,1.18274,1.17833,1.17883,15496
2020.11.11,12:00,1.17883,1.17992,1.17529,1.17719,28348
2020.11.11,16:00,1.17717,1.17735,1.17449,1.17653,22745
2020.11.11,20:00,1.17652,1.17805,1.17620,1.17797,7216
2020.11.12,00:00,1.17795,1.17817,1.17714,1.17786,5359
2020.11.12,04:00,1.17785,1.17876,1.17687,1.17693,8836
2020.11.12,08:00,1.17692,1.17914,1.17579,1.17884,14120
2020.11.12,12:00,1.17883,1.18223,1.17833,1.17974,20455
2020.11.12,16:00,1.17975,1.18168,1.17865,1.18134,27960
2020.11.12,20:00,1.18133,1.18143,1.17953,1.18064,12601
2020.11.13,00:00,1.18062,1.18130,1.17988,1.18064,6103
2020.11.13,04:00,1.18063,1.18127,1.17982,1.18029,8588
2020.11.13,08:00,1.18030,1.18222,1.18000,1.18132,11640
2020.11.13,12:00,1.18131,1.18337,1.18062,1.18155,17445
2020.11.13,16:00,1.18155,1.18308,1.18076,1.18230,20682
2020.11.13,20:00,1.18229,1.18346,1.18220,1.18318,8831
2020.11.14,00:00,1.18319,1.18368,1.18314,1.18335,1351
2020.11.16,01:00,1.18388,1.18482,1.18188,1.18473,8656
2020.11.16,05:00,1.18473,1.18540,1.18445,1.18463,6396
2020.11.16,09:00,1.18464,1.18680,1.18396,1.18441,12612
2020.11.16,13:00,1.18440,1.18485,1.18134,1.18206,34891
2020.11.16,17:00,1.18204,1.18447,1.18180,1.18411,20800
2020.11.16,21:00,1.18409,1.18518,1.18360,1.18515,5343
2020.11.17,00:00,1.18515,1.18638,1.18473,1.18635,6627
2020.11.17,04:00,1.18634,1.18662,1.18568,1.18581,6728
2020.11.17,08:00,1.18582,1.18748,1.18421,1.18733,9765
2020.11.17,12:00,1.18733,1.18847,1.18641,1.18799,17106
2020.11.17,16:00,1.18799,1.18930,1.18569,1.18604,22547
2020.11.17,20:00,1.18604,1.18685,1.18566,1.18646,8332
2020.11.18,00:00,1.18645,1.18655,1.18548,1.18580,5509
2020.11.18,04:00,1.18580,1.18691,1.18497,1.18674,6587
2020.11.18,08:00,1.18675,1.18901,1.18664,1.18775,11717
2020.11.18,12:00,1.18774,1.18884,1.18609,1.18664,18936
2020.11.18,16:00,1.18666,1.18760,1.18508,1.18682,20931
2020.11.18,20:00,1.18681,1.18712,1.18522,1.18522,9760
2020.11.19,00:00,1.18520,1.18566,1.18311,1.18363,7658
2020.11.19,04:00,1.18364,1.18505,1.18328,1.18463,8367
2020.11.19,08:00,1.18462,1.18515,1.18211,1.18259,12363
2020.11.19,12:00,1.18260,1.18406,1.18155,1.18351,19984
2020.11.19,16:00,1.18351,1.18448,1.18175,1.18414,21715
2020.11.19,20:00,1.18413,1.18795,1.18400,1.18779,8921
2020.11.20,00:00,1.18780,1.18816,1.18540,1.18739,6128
2020.11.20,04:00,1.18740,1.18854,1.18698,1.18838,6585
2020.11.20,08:00,1.18838,1.18900,1.18651,1.18725,12143
2020.11.20,12:00,1.18724,1.18775,1.18504,1.18710,20476
2020.11.20,16:00,1.18709,1.18750,1.18492,1.18556,18087
2020.11.20,20:00,1.18555,1.18609,1.18490,1.18573,6865
2020.11.21,00:00,1.18572,1.18629,1.18535,1.18537,1738
2020.11.23,01:00,1.18453,1.18773,1.18452,1.18759,6785
2020.11.23,05:00,1.18758,1.18762,1.18708,1.18760,3317
2020.11.23,09:00,1.18759,1.18821,1.18624,1.18769,14667
2020.11.23,13:00,1.18768,1.19051,1.18748,1.18988,19390
2020.11.23,17:00,1.18989,1.18997,1.17993,1.18406,30003
2020.11.23,21:00,1.18408,1.18471,1.18343,1.18374,5792
2020.11.24,00:00,1.18374,1.18468,1.18328,1.18381,5143
2020.11.24,04:00,1.18381,1.18545,1.18381,1.18534,8042
2020.11.24,08:00,1.18533,1.18782,1.18454,1.18726,11028
2020.11.24,12:00,1.18725,1.18933,1.18603,1.18673,21188
2020.11.24,16:00,1.18674,1.18856,1.18405,1.18732,24230
2020.11.24,20:00,1.18733,1.18932,1.18646,1.18915,8333
2020.11.25,00:00,1.18914,1.19010,1.18865,1.18960,5847
2020.11.25,04:00,1.18959,1.19094,1.18949,1.19036,10259
2020.11.25,08:00,1.19037,1.19290,1.18903,1.19091,17131
2020.11.25,12:00,1.19091,1.19093,1.18811,1.18949,21599
2020.11.25,16:00,1.18949,1.19255,1.18884,1.19068,25349
2020.11.25,20:00,1.19070,1.19238,1.19054,1.19228,8626
2020.11.26,00:00,1.19230,1.19253,1.19025,1.19214,4592
2020.11.26,04:00,1.19214,1.19286,1.19206,1.19236,5516
2020.11.26,08:00,1.19235,1.19402,1.19140,1.19147,11197
2020.11.26,12:00,1.19146,1.19238,1.18845,1.18952,16789
2020.11.26,16:00,1.18954,1.19091,1.18924,1.19084,12232
2020.11.26,20:00,1.19083,1.19179,1.19045,1.19117,4004
2020.11.27,00:00,1.19117,1.19137,1.19068,1.19129,4177
2020.11.27,04:00,1.19130,1.19242,1.19093,1.19236,5587
2020.11.27,08:00,1.19237,1.19320,1.19067,1.19304,8394
2020.11.27,12:00,1.19303,1.19310,1.19067,1.19240,13389
2020.11.27,16:00,1.19241,1.19610,1.19198,1.19530,20600
2020.11.27,20:00,1.19531,1.19622,1.19492,1.19596,5277
2020.11.28,00:00,1.19594,1.19627,1.19581,1.19616,1392
2020.11.30,01:00,1.19577,1.19732,1.19577,1.19732,7123
2020.11.30,05:00,1.19730,1.19740,1.19644,1.19714,6316
2020.11.30,09:00,1.19715,1.19844,1.19615,1.19837,12829
2020.11.30,13:00,1.19838,1.19915,1.19723,1.19857,14312
2020.11.30,17:00,1.19856,1.20024,1.19411,1.19535,32461
2020.11.30,21:00,1.19536,1.19586,1.19265,1.19269,6622
2020.12.01,00:00,1.19271,1.19449,1.19223,1.19425,6685
2020.12.01,04:00,1.19425,1.19591,1.19400,1.19567,6588
2020.12.01,08:00,1.19568,1.19849,1.19532,1.19791,10079
2020.12.01,12:00,1.19793,1.19819,1.19594,1.19664,18189
2020.12.01,16:00,1.19665,1.20538,1.19647,1.20370,34014
2020.12.01,20:00,1.20371,1.20746,1.20370,1.20710,11970
2020.12.02,00:00,1.20710,1.20758,1.20640,1.20660,6657
2020.12.02,04:00,1.20663,1.20829,1.20597,1.20743,9040
2020.12.02,08:00,1.20743,1.20868,1.20459,1.20475,17633
2020.12.02,12:00,1.20475,1.20640,1.20394,1.20588,20895
2020.12.02,16:00,1.20587,1.21076,1.20574,1.20921,35224
2020.12.02,20:00,1.20922,1.21035,1.20872,1.21008,10210
2020.12.03,00:00,1.21009,1.21177,1.21009,1.21050,7082
2020.12.03,04:00,1.21050,1.21243,1.21035,1.21165,7749
2020.12.03,08:00,1.21165,1.21386,1.21127,1.21207,14065
2020.12.03,12:00,1.21207,1.21605,1.21002,1.21548,22348
2020.12.03,16:00,1.21549,1.21737,1.21436,1.21507,30898
2020.12.03,20:00,1.21506,1.21509,1.21320,1.21448,11596
2020.12.04,00:00,1.21449,1.21532,1.21250,1.21488,6429
2020.12.04,04:00,1.21490,1.21521,1.21383,1.21412,7849
2020.12.04,08:00,1.21413,1.21656,1.21404,1.21599,13773
2020.12.04,12:00,1.21598,1.21766,1.21558,1.21577,24288
2020.12.04,16:00,1.21578,1.21710,1.21309,1.21404,35497
2020.12.04,20:00,1.21403,1.21510,1.21116,1.21264,9412
2020.12.05,00:00,1.21265,1.21292,1.21094,1.21201,2649
2020.12.07,01:00,1.21292,1.21353,1.21180,1.21343,8198
2020.12.07,05:00,1.21342,1.21395,1.21297,1.21310,5286
2020.12.07,09:00,1.21309,1.21321,1.20778,1.20923,20139
2020.12.07,13:00,1.20923,1.21387,1.20844,1.21365,23688
2020.12.07,17:00,1.21364,1.21655,1.21290,1.21324,22754
2020.12.07,21:00,1.21323,1.21324,1.21076,1.21076,10203
2020.12.08,00:00,1.21075,1.21134,1.21034,1.21070,4728
2020.12.08,04:00,1.21069,1.21155,1.21044,1.21136,6507
2020.12.08,08:00,1.21135,1.21313,1.20948,1.21243,13510
2020.12.08,12:00,1.21244,1.21333,1.21065,1.21140,21701
2020.12.08,16:00,1.21137,1.21329,1.20993,1.21100,33916
2020.12.08,20:00,1.21101,1.21165,1.20994,1.21060,8037
2020.12.09,00:00,1.21060,1.21139,1.20965,1.21110,4904
2020.12.09,04:00,1.21110,1.21287,1.21071,1.21281,7076
2020.12.09,08:00,1.21281,1.21465,1.21242,1.21358,12628
2020.12.09,12:00,1.21356,1.21358,1.21004,1.21090,20937
2020.12.09,16:00,1.21089,1.21229,1.20718,1.20790,29271
2020.12.09,20:00,1.20792,1.20842,1.20582,1.20791,15647
2020.12.10,00:00,1.20791,1.20838,1.20533,1.20811,5492
2020.12.10,04:00,1.20811,1.20997,1.20790,1.20985,7793
2020.12.10,08:00,1.20984,1.20987,1.20849,1.20902,12877
2020.12.10,12:00,1.20900,1.21176,1.20804,1.21104,23325
2020.12.10,16:00,1.21104,1.21582,1.20958,1.21159,50663
2020.12.10,20:00,1.21160,1.21441,1.21126,1.21422,15104
2020.12.11,00:00,1.21421,1.21459,1.21310,1.21440,5961
2020.12.11,04:00,1.21441,1.21595,1.21441,1.21548,8326
2020.12.11,08:00,1.21547,1.21622,1.21134,1.21249,15509
2020.12.11,12:00,1.21250,1.21369,1.21095,1.21256,25260
2020.12.11,16:00,1.21257,1.21326,1.21048,1.21115,31856
2020.12.11,20:00,1.21116,1.21195,1.21074,1.21166,10253
2020.12.12,00:00,1.21168,1.21169,1.21071,1.21071,2901
2020.12.14,01:00,1.21339,1.21425,1.21148,1.21282,9578
2020.12.14,05:00,1.21283,1.21409,1.21277,1.21399,5331
2020.12.14,09:00,1.21398,1.21596,1.21377,1.21570,16718
2020.12.14,13:00,1.21569,1.21759,1.21471,1.21707,21167
2020.12.14,17:00,1.21706,1.21706,1.21223,1.21568,32122
2020.12.14,21:00,1.21566,1.21598,1.21382,1.21464,7549
2020.12.15,00:00,1.21465,1.21586,1.21395,1.21565,6565
2020.12.15,04:00,1.21566,1.21624,1.21451,1.21458,7400
2020.12.15,08:00,1.21459,1.21541,1.21307,1.21424,12321
2020.12.15,12:00,1.21423,1.21653,1.21205,1.21243,20399
2020.12.15,16:00,1.21243,1.21597,1.21241,1.21567,29883
2020.12.15,20:00,1.21568,1.21681,1.21467,1.21598,11531
2020.12.16,00:00,1.21598,1.21618,1.21443,1.21494,5434
2020.12.16,04:00,1.21493,1.21642,1.21460,1.21640,5690
2020.12.16,08:00,1.21641,1.22115,1.21517,1.22082,18173
2020.12.16,12:00,1.22082,1.22091,1.21852,1.21936,20946
2020.12.16,16:00,1.21938,1.22056,1.21664,1.21740,29846
2020.12.16,20:00,1.21739,1.21980,1.21241,1.21827,29377
2020.12.17,00:00,1.21828,1.22011,1.21802,1.21935,6789
2020.12.17,04:00,1.21936,1.22348,1.21914,1.22244,9643
2020.12.17,08:00,1.22246,1.22432,1.22241,1.22340,15656
2020.12.17,12:00,1.22341,1.22483,1.22232,1.22474,21313
2020.12.17,16:00,1.22474,1.22606,1.22383,1.22579,29378
2020.12.17,20:00,1.22578,1.22720,1.22557,1.22617,11448
2020.12.18,00:00,1.22624,1.22717,1.22498,1.22540,6639
2020.12.18,04:00,1.22539,1.22595,1.22374,1.22400,7420
2020.12.18,08:00,1.22400,1.22622,1.22385,1.22563,14068
2020.12.18,12:00,1.22564,1.22680,1.22423,1.22536,23655
2020.12.18,16:00,1.22537,1.22597,1.22248,1.22344,31024
2020.12.18,20:00,1.22346,1.22482,1.22318,1.22452,10063
2020.12.19,00:00,1.22453,1.22576,1.22439,1.22500,2382
2020.12.21,01:00,1.22120,1.22345,1.22040,1.22074,11845
2020.12.21,05:00,1.22074,1.22117,1.21782,1.21906,12745
2020.12.21,09:00,1.21905,1.22261,1.21673,1.21746,34236
2020.12.21,13:00,1.21746,1.22138,1.21288,1.21901,56059
2020.12.21,17:00,1.21902,1.22381,1.21902,1.22355,34631
2020.12.21,21:00,1.22354,1.22523,1.22285,1.22314,13830
2020.12.22,00:00,1.22313,1.22491,1.22246,1.22302,7202
2020.12.22,04:00,1.22301,1.22368,1.22184,1.22223,8962
2020.12.22,08:00,1.22223,1.22290,1.22054,1.22211,16455
2020.12.22,12:00,1.22210,1.22564,1.22034,1.22387,30854
2020.12.22,16:00,1.22386,1.22432,1.21599,1.21712,40983
2020.12.22,20:00,1.21712,1.21779,1.21514,1.21560,16873
2020.12.23,00:00,1.21561,1.21870,1.21551,1.21624,9597
2020.12.23,04:00,1.21626,1.21912,1.21532,1.21872,12352
2020.12.23,08:00,1.21873,1.22001,1.21713,1.21879,13439
2020.12.23,12:00,1.21878,1.21989,1.21773,1.21816,23846
2020.12.23,16:00,1.21816,1.22203,1.21595,1.21924,40072
2020.12.23,20:00,1.21924,1.21965,1.21719,1.21946,13284
2020.12.24,00:00,1.21946,1.22037,1.21788,1.22015,7512
2020.12.24,04:00,1.22014,1.22149,1.22009,1.22038,8389
2020.12.24,08:00,1.22038,1.22090,1.21929,1.22004,9383
2020.12.24,12:00,1.22005,1.22025,1.21863,1.21876,14263
2020.12.24,16:00,1.21875,1.21970,1.21766,1.21809,16959
2020.12.24,20:00,1.21810,1.21884,1.21766,1.21829,8989
2020.12.25,00:00,1.21829,1.21849,1.21813,1.21832,573
2020.12.28,01:00,1.21806,1.22074,1.21692,1.22042,12568
2020.12.28,05:00,1.22042,1.22230,1.22036,1.22227,7736
2020.12.28,09:00,1.22226,1.22498,1.22188,1.22482,14686
2020.12.28,13:00,1.22480,1.22496,1.21906,1.22121,28205
2020.12.28,17:00,1.22122,1.22392,1.22045,1.22054,24108
2020.12.28,21:00,1.22054,1.22132,1.22018,1.22125,8735
2020.12.29,00:00,1.22126,1.22339,1.22055,1.22247,8190
2020.12.29,04:00,1.22248,1.22424,1.22238,1.22389,9293
2020.12.29,08:00,1.22392,1.22574,1.22343,1.22446,10552
2020.12.29,12:00,1.22448,1.22608,1.22357,1.22552,21612
2020.12.29,16:00,1.22554,1.22743,1.22372,1.22510,31063
2020.12.29,20:00,1.22510,1.22580,1.22354,1.22492,14138
2020.12.30,00:00,1.22492,1.22772,1.22436,1.22677,7902
2020.12.30,04:00,1.22677,1.22941,1.22657,1.22842,11978
2020.12.30,08:00,1.22843,1.22900,1.22520,1.22580,14433
2020.12.30,12:00,1.22581,1.22928,1.22543,1.22887,23340
2020.12.30,16:00,1.22890,1.23092,1.22704,1.22784,37431
2020.12.30,20:00,1.22784,1.22942,1.22756,1.22909,10800
2020.12.31,00:00,1.22911,1.23074,1.22889,1.23058,6482
2020.12.31,04:00,1.23058,1.23084,1.22844,1.22858,9115
2020.12.31,08:00,1.22857,1.23033,1.22845,1.23002,13348
2020.12.31,12:00,1.23002,1.23004,1.22586,1.22709,26924
2020.12.31,16:00,1.22709,1.22864,1.22632,1.22828,5341
2021.01.04,01:00,1.22387,1.22549,1.22266,1.22518,16129
2021.01.04,05:00,1.22518,1.22584,1.22407,1.22545,11822
2021.01.04,09:00,1.22547,1.22998,1.22415,1.22924,24090
2021.01.04,13:00,1.22925,1.23053,1.22855,1.22980,29207
2021.01.04,17:00,1.22980,1.23090,1.22492,1.22522,44582
2021.01.04,21:00,1.22521,1.22560,1.22407,1.22484,12588
2021.01.05,00:00,1.22484,1.22562,1.22394,1.22549,7517
2021.01.05,04:00,1.22549,1.22760,1.22541,1.22683,12310
2021.01.05,08:00,1.22682,1.22780,1.22546,1.22733,17951
2021.01.05,12:00,1.22732,1.22899,1.22651,1.22717,27304
2021.01.05,16:00,1.22717,1.22960,1.22530,1.22939,41637
2021.01.05,20:00,1.22938,1.23048,1.22891,1.22930,16197
2021.01.06,00:00,1.22929,1.23251,1.22779,1.23081,11292
2021.01.06,04:00,1.23082,1.23144,1.22748,1.22911,28417
2021.01.06,08:00,1.22910,1.23445,1.22909,1.23240,26504
2021.01.06,12:00,1.23238,1.23485,1.23198,1.23394,33516
2021.01.06,16:00,1.23393,1.23440,1.22648,1.22889,54499
2021.01.06,20:00,1.22889,1.23391,1.22844,1.23230,29014
2021.01.07,00:00,1.23231,1.23436,1.23187,1.23318,10897
2021.01.07,04:00,1.23319,1.23364,1.23181,1.23240,11019
2021.01.07,08:00,1.23241,1.23249,1.22920,1.22936,20181
2021.01.07,12:00,1.22935,1.22948,1.22442,1.22666,35516
2021.01.07,16:00,1.22668,1.22820,1.22455,1.22631,46868
2021.01.07,20:00,1.22631,1.22784,1.22539,1.22649,16279
2021.01.08,00:00,1.22650,1.22763,1.22559,1.22571,8993
2021.01.08,04:00,1.22572,1.22640,1.22342,1.22624,16971
2021.01.08,08:00,1.22626,1.22683,1.22124,1.22229,24302
2021.01.08,12:00,1.22228,1.22529,1.22166,1.22477,26559
2021.01.08,16:00,1.22477,1.22839,1.22214,1.22508,61234
2021.01.08,20:00,1.22512,1.22524,1.21922,1.22254,25039
2021.01.09,00:00,1.22250,1.22266,1.22073,1.22139,3345
2021.01.11,01:00,1.22056,1.22223,1.21705,1.21770,12557
2021.01.11,05:00,1.21769,1.21813,1.21660,1.21809,10403
2021.01.11,09:00,1.21809,1.21990,1.21593,1.21599,25320
2021.01.11,13:00,1.21599,1.21713,1.21387,1.21438,29122
2021.01.11,17:00,1.21438,1.21736,1.21314,1.21663,37342
2021.01.11,21:00,1.21662,1.21708,1.21522,1.21526,8683
2021.01.12,00:00,1.21528,1.21611,1.21475,1.21586,6388
2021.01.12,04:00,1.21586,1.21612,1.21380,1.21421,9514
2021.01.12,08:00,1.21421,1.21745,1.21393,1.21513,15732
2021.01.12,12:00,1.21512,1.21782,1.21399,1.21545,28457
2021.01.12,16:00,1.21544,1.21675,1.21364,1.21674,34135
2021.01.12,20:00,1.21673,1.22073,1.21617,1.22049,17980
2021.01.13,00:00,1.22050,1.22154,1.22003,1.22072,8437
2021.01.13,04:00,1.22071,1.22197,1.22042,1.22079,8889
2021.01.13,08:00,1.22080,1.22220,1.21849,1.21903,14777
2021.01.13,12:00,1.21903,1.21919,1.21600,1.21720,27434
2021.01.13,16:00,1.21721,1.21799,1.21511,1.21570,37976
2021.01.13,20:00,1.21570,1.21740,1.21392,1.21539,16161
2021.01.14,00:00,1.21537,1.21701,1.21483,1.21637,7535
2021.01.14,04:00,1.21636,1.21711,1.21351,1.21491,13254
2021.01.14,08:00,1.21490,1.21619,1.21354,1.21578,16822
2021.01.14,12:00,1.21578,1.21666,1.21242,1.21287,21232
2021.01.14,16:00,1.21288,1.21580,1.21104,1.21538,33946
2021.01.14,20:00,1.21539,1.21777,1.21460,1.21633,20785
2021.01.15,00:00,1.21636,1.21639,1.21464,1.21535,7029
2021.01.15,04:00,1.21536,1.21567,1.21426,1.21462,7422
2021.01.15,08:00,1.21459,1.21462,1.21170,1.21303,15041
2021.01.15,12:00,1.21301,1.21437,1.21146,1.21209,17997
2021.01.15,16:00,1.21207,1.21322,1.20809,1.20968,36212
2021.01.15,20:00,1.20971,1.20994,1.20757,1.20775,14401
2021.01.16,00:00,1.20774,1.20794,1.20718,1.20718,1768
2021.01.18,01:00,1.20806,1.20856,1.20642,1.20778,12111
2021.01.18,05:00,1.20779,1.20839,1.20648,1.20768,9495
2021.01.18,09:00,1.20768,1.20861,1.20583,1.20613,17733
2021.01.18,13:00,1.20614,1.20750,1.20527,1.20653,17020
2021.01.18,17:00,1.20654,1.20800,1.20621,1.20739,12545
2021.01.18,21:00,1.20740,1.20812,1.20710,1.20758,6627
2021.01.19,00:00,1.20761,1.20920,1.20733,1.20856,6740
2021.01.19,04:00,1.20855,1.20977,1.20853,1.20946,8888
2021.01.19,08:00,1.20947,1.21181,1.20846,1.21085,16385
2021.01.19,12:00,1.21086,1.21367,1.21021,1.21251,19111
2021.01.19,16:00,1.21254,1.21442,1.21148,1.21240,24902
2021.01.19,20:00,1.21241,1.21291,1.21158,1.21261,10664
2021.01.20,00:00,1.21261,1.21457,1.21222,1.21416,6879
2021.01.20,04:00,1.21415,1.21487,1.21346,1.21398,7661
2021.01.20,08:00,1.21398,1.21574,1.21298,1.21343,14698
2021.01.20,12:00,1.21343,1.21359,1.20954,1.20975,21454
2021.01.20,16:00,1.20976,1.21170,1.20759,1.21094,28310
2021.01.20,20:00,1.21095,1.21129,1.20981,1.21063,10747
2021.01.21,00:00,1.21063,1.21181,1.20991,1.21167,5700
2021.01.21,04:00,1.21167,1.21329,1.21146,1.21288,8841
2021.01.21,08:00,1.21289,1.21373,1.21141,1.21311,15000
2021.01.21,12:00,1.21313,1.21542,1.21267,1.21425,17248
2021.01.21,16:00,1.21426,1.21723,1.21357,1.21417,39483
2021.01.21,20:00,1.21416,1.21690,1.21349,1.21678,12540
2021.01.22,00:00,1.21680,1.21769,1.21520,1.21682,5830
2021.01.22,04:00,1.21683,1.21758,1.21608,1.21725,7755
2021.01.22,08:00,1.21726,1.21829,1.21508,1.21791,14155
2021.01.22,12:00,1.21789,1.21888,1.21586,1.21630,20721
2021.01.22,16:00,1.21631,1.21840,1.21534,1.21769,22847
2021.01.22,20:00,1.21770,1.21785,1.21623,1.21673,9629
2021.01.23,00:00,1.21674,1.21719,1.21592,1.21638,1716
2021.01.25,01:00,1.21660,1.21727,1.21593,1.21635,9186
2021.01.25,05:00,1.21636,1.21802,1.21636,1.21799,8338
2021.01.25,09:00,1.21800,1.21825,1.21433,1.21469,22260
2021.01.25,13:00,1.21469,1.21618,1.21394,1.21462,21744
2021.01.25,17:00,1.21463,1.21517,1.21152,1.21439,37637
2021.01.25,21:00,1.21438,1.21459,1.21354,1.21407,9307
2021.01.26,00:00,1.21407,1.21438,1.21317,1.21333,6593
2021.01.26,04:00,1.21335,1.21454,1.21267,1.21295,9198
2021.01.26,08:00,1.21296,1.21407,1.21071,1.21376,23272
2021.01.26,12:00,1.21377,1.21484,1.21201,1.21435,26561
2021.01.26,16:00,1.21436,1.21751,1.21394,1.21455,31372
2021.01.26,20:00,1.21455,1.21674,1.21452,1.21666,13982
2021.01.27,00:00,1.21667,1.21692,1.21563,1.21616,5811
2021.01.27,04:00,1.21617,1.21665,1.21523,1.21566,7064
2021.01.27,08:00,1.21564,1.21652,1.21431,1.21474,14094
2021.01.27,12:00,1.21473,1.21481,1.21047,1.21071,30075
2021.01.27,16:00,1.21070,1.21163,1.20579,1.20995,52701
2021.01.27,20:00,1.20996,1.21282,1.20925,1.21042,37656
2021.01.28,00:00,1.21043,1.21136,1.20818,1.20874,13485
2021.01.28,04:00,1.20873,1.21053,1.20852,1.20929,14290
2021.01.28,08:00,1.20928,1.21128,1.20799,1.20902,27933
2021.01.28,12:00,1.20901,1.21167,1.20899,1.20984,33166
2021.01.28,16:00,1.20983,1.21415,1.20874,1.21208,47193
2021.01.28,20:00,1.21209,1.21392,1.21204,1.21254,19298
2021.01.29,00:00,1.21253,1.21263,1.21030,1.21066,8784
2021.01.29,04:00,1.21066,1.21153,1.20945,1.20990,11939
2021.01.29,08:00,1.20989,1.21190,1.20937,1.21164,22801
2021.01.29,12:00,1.21165,1.21478,1.21051,1.21330,35854
2021.01.29,16:00,1.21329,1.21552,1.21242,1.21344,54913
2021.01.29,20:00,1.21345,1.21430,1.21268,1.21341,25412
2021.01.30,00:00,1.21342,1.21382,1.21296,1.21325,2496
2021.02.01,01:00,1.21272,1.21358,1.21194,1.21266,15042
2021.02.01,05:00,1.21265,1.21322,1.21239,1.21292,10673
2021.02.01,09:00,1.21293,1.21320,1.20828,1.20932,31214
2021.02.01,13:00,1.20930,1.20934,1.20687,1.20840,29522
2021.02.01,17:00,1.20840,1.20987,1.20618,1.20689,34565
2021.02.01,21:00,1.20688,1.20775,1.20554,1.20559,14408
2021.02.02,00:00,1.20558,1.20679,1.20552,1.20672,7660
2021.02.02,04:00,1.20671,1.20872,1.20666,1.20750,10137
2021.02.02,08:00,1.20749,1.20865,1.20633,1.20860,17463
2021.02.02,12:00,1.20860,1.20860,1.20255,1.20380,29176
2021.02.02,16:00,1.20381,1.20491,1.20178,1.20183,32664
2021.02.02,20:00,1.20184,1.20394,1.20108,1.20362,15790
2021.02.03,00:00,1.20362,1.20454,1.20335,1.20435,8326
2021.02.03,04:00,1.20436,1.20494,1.20386,1.20425,8190
2021.02.03,08:00,1.20424,1.20450,1.20270,1.20307,14866
2021.02.03,12:00,1.20308,1.20310,1.20042,1.20098,19716
2021.02.03,16:00,1.20097,1.20318,1.20033,1.20230,29307
2021.02.03,20:00,1.20231,1.20354,1.20206,1.20323,13246
2021.02.04,00:00,1.20324,1.20420,1.20255,1.20352,5726
2021.02.04,04:00,1.20351,1.20382,1.20151,1.20189,9396
2021.02.04,08:00,1.20187,1.20187,1.19904,1.19923,20983
2021.02.04,12:00,1.19924,1.19962,1.19822,1.19921,23505
2021.02.04,16:00,1.19922,1.19972,1.19658,1.19735,23772
2021.02.04,20:00,1.19735,1.19735,1.19567,1.19651,9954
2021.02.05,00:00,1.19655,1.19712,1.19582,1.19682,5894
2021.02.05,04:00,1.19681,1.19685,1.19515,1.19554,6493
2021.02.05,08:00,1.19555,1.19867,1.19546,1.19835,13002
2021.02.05,12:00,1.19837,1.19924,1.19680,1.19888,15715
2021.02.05,16:00,1.19887,1.20395,1.19805,1.20340,35307
2021.02.05,20:00,1.20339,1.20490,1.20328,1.20482,10607
2021.02.06,00:00,1.20481,1.20494,1.20384,1.20384,1859
2021.02.08,01:00,1.20367,1.20547,1.20290,1.20376,11365
2021.02.08,05:00,1.20377,1.20419,1.20306,1.20358,4563
2021.02.08,09:00,1.20359,1.20481,1.20233,1.20274,11171
2021.02.08,13:00,1.20273,1.20433,1.20190,1.20368,17756
2021.02.08,17:00,1.20367,1.20653,1.20322,1.20463,24279
2021.02.08,21:00,1.20464,1.20569,1.20431,1.20511,5985
2021.02.09,00:00,1.20509,1.20592,1.20403,1.20572,5325
2021.02.09,04:00,1.20573,1.20812,1.20554,1.20750,9416
2021.02.09,08:00,1.20751,1.20970,1.20666,1.20968,15013
2021.02.09,12:00,1.20967,1.21156,1.20941,1.20984,21243
2021.02.09,16:00,1.20985,1.21056,1.20878,1.21041,26971
2021.02.09,20:00,1.21040,1.21200,1.21014,1.21158,12003
2021.02.10,00:00,1.21159,1.21210,1.21114,1.21138,5155
2021.02.10,04:00,1.21139,1.21290,1.21078,1.21282,7527
2021.02.10,08:00,1.21279,1.21432,1.21221,1.21386,11756
2021.02.10,12:00,1.21385,1.21385,1.21124,1.21157,18719
2021.02.10,16:00,1.21157,1.21390,1.21137,1.21304,34821
2021.02.10,20:00,1.21304,1.21377,1.21180,1.21190,15067
2021.02.11,00:00,1.21189,1.21211,1.21128,1.21134,3982
2021.02.11,04:00,1.21135,1.21243,1.21131,1.21209,4518
2021.02.11,08:00,1.21207,1.21320,1.21171,1.21226,10720
2021.02.11,12:00,1.21224,1.21351,1.21203,1.21343,11241
2021.02.11,16:00,1.21342,1.21487,1.21208,1.21256,24591
2021.02.11,20:00,1.21255,1.21366,1.21209,1.21319,13163
2021.02.12,00:00,1.21320,1.21345,1.21240,1.21280,4213
2021.02.12,04:00,1.21281,1.21296,1.21178,1.21218,5744
2021.02.12,08:00,1.21219,1.21310,1.21016,1.21023,11506
2021.02.12,12:00,1.21023,1.21140,1.20961,1.21118,13415
2021.02.12,16:00,1.21116,1.21276,1.20808,1.21242,27371
2021.02.12,20:00,1.21243,1.21280,1.21124,1.21176,7738
2021.02.13,00:00,1.21175,1.21204,1.21164,1.21181,998
2021.02.15,01:00,1.21190,1.21276,1.21152,1.21261,6013
2021.02.15,05:00,1.21261,1.21396,1.21249,1.21371,6206
2021.02.15,09:00,1.21372,1.21444,1.21300,1.21337,14510
2021.02.15,13:00,1.21337,1.21397,1.21232,1.21262,10531
2021.02.15,17:00,1.21261,1.21374,1.21200,1.21302,9379
2021.02.15,21:00,1.21303,1.21339,1.21285,1.21300,3689
2021.02.16,00:00,1.21300,1.21398,1.21241,1.21365,5418
2021.02.16,04:00,1.21364,1.21497,1.21337,1.21388,6349
2021.02.16,08:00,1.21387,1.21564,1.21277,1.21544,12037
2021.02.16,12:00,1.21543,1.21687,1.21443,1.21495,15225
2021.02.16,16:00,1.21497,1.21510,1.20944,1.21063,38136
2021.02.16,20:00,1.21064,1.21169,1.21029,1.21107,8773
2021.02.17,00:00,1.21108,1.21116,1.20853,1.20881,8777
2021.02.17,04:00,1.20881,1.20976,1.20825,1.20911,8900
2021.02.17,08:00,1.20912,1.20944,1.20641,1.20763,16848
2021.02.17,12:00,1.20766,1.20825,1.20562,1.20626,16993
2021.02.17,16:00,1.20627,1.20652,1.20225,1.20403,34657
2021.02.17,20:00,1.20404,1.20463,1.20337,1.20414,9369
2021.02.18,00:00,1.20413,1.20493,1.20377,1.20479,5459
2021.02.18,04:00,1.20479,1.20494,1.20349,1.20364,7315
2021.02.18,08:00,1.20363,1.20700,1.20356,1.20680,13658
2021.02.18,12:00,1.20682,1.20842,1.20615,1.20769,21411
2021.02.18,16:00,1.20771,1.20891,1.20614,1.20766,39101
2021.02.18,20:00,1.20765,1.20924,1.20752,1.20908,7914
2021.02.19,00:00,1.20906,1.20976,1.20870,1.20966,4683
2021.02.19,04:00,1.20967,1.20976,1.20816,1.20923,7429
2021.02.19,08:00,1.20922,1.21329,1.20899,1.21319,16458
2021.02.19,12:00,1.21322,1.21437,1.21267,1.21355,20264
2021.02.19,16:00,1.21356,1.21419,1.21166,1.21354,30120
2021.02.19,20:00,1.21353,1.21368,1.21070,1.21160,11673
2021.02.20,00:00,1.21159,1.21182,1.21135,1.21167,1456
2021.02.22,01:00,1.21170,1.21348,1.21143,1.21257,8621
2021.02.22,05:00,1.21256,1.21284,1.21118,1.21194,8595
2021.02.22,09:00,1.21195,1.21237,1.20904,1.21073,24536
2021.02.22,13:00,1.21072,1.21536,1.21071,1.21466,21220
2021.02.22,17:00,1.21465,1.21668,1.21284,1.21646,38215
2021.02.22,21:00,1.21645,1.21686,1.21505,1.21507,6706
2021.02.23,00:00,1.21507,1.21720,1.21497,1.21699,5331
2021.02.23,04:00,1.21700,1.21764,1.21631,1.21711,8240
2021.02.23,08:00,1.21712,1.21792,1.21531,1.21582,14916
2021.02.23,12:00,1.21580,1.21582,1.21345,1.21417,24125
2021.02.23,16:00,1.21417,1.21658,1.21345,1.21409,44142
2021.02.23,20:00,1.21408,1.21568,1.21404,1.21464,13700
2021.02.24,00:00,1.21465,1.21572,1.21421,1.21542,6523
2021.02.24,04:00,1.21544,1.21656,1.21468,1.21478,15915
2021.02.24,08:00,1.21477,1.21738,1.21434,1.21676,18991
2021.02.24,12:00,1.21675,1.21738,1.21493,1.21549,24041
2021.02.24,16:00,1.21549,1.21567,1.21083,1.21410,55198
2021.02.24,20:00,1.21411,1.21683,1.21385,1.21654,13882
2021.02.25,00:00,1.21655,1.21737,1.21589,1.21616,7970
2021.02.25,04:00,1.21617,1.21766,1.21552,1.21755,10241
2021.02.25,08:00,1.21756,1.22077,1.21670,1.22077,17982
2021.02.25,12:00,1.22076,1.22370,1.22033,1.22249,32545
2021.02.25,16:00,1.22249,1.22422,1.22080,1.22284,59425
2021.02.25,20:00,1.22283,1.22378,1.21597,1.21623,60308
2021.02.26,00:00,1.21624,1.21826,1.21364,1.21568,20477
2021.02.26,04:00,1.21567,1.21819,1.21443,1.21542,25406
2021.02.26,08:00,1.21542,1.21588,1.21282,1.21487,36098
2021.02.26,12:00,1.21486,1.21500,1.20918,1.21138,46354
2021.02.26,16:00,1.21139,1.21406,1.20896,1.20910,75678
2021.02.26,20:00,1.20908,1.20934,1.20642,1.20647,28482
2021.02.27,00:00,1.20648,1.20737,1.20615,1.20714,3257
2021.03.01,01:00,1.20685,1.21004,1.20678,1.20834,14087
2021.03.01,05:00,1.20835,1.20879,1.20740,1.20842,12707
2021.03.01,09:00,1.20841,1.20920,1.20277,1.20378,22045
2021.03.01,13:00,1.20379,1.20549,1.20366,1.20523,23160
2021.03.01,17:00,1.20522,1.20665,1.20269,1.20401,46588
2021.03.01,21:00,1.20400,1.20507,1.20320,1.20437,10721
2021.03.02,00:00,1.20438,1.20498,1.20370,1.20378,5816
2021.03.02,04:00,1.20379,1.20400,1.20145,1.20202,16325
2021.03.02,08:00,1.20203,1.20262,1.19984,1.20015,20652
2021.03.02,12:00,1.20014,1.20369,1.19909,1.20331,27427
2021.03.02,16:00,1.20330,1.20799,1.20192,1.20777,41272
2021.03.02,20:00,1.20777,1.20936,1.20762,1.20885,13641
2021.03.03,00:00,1.20886,1.20902,1.20817,1.20857,6092
2021.03.03,04:00,1.20856,1.20926,1.20819,1.20878,7512
2021.03.03,08:00,1.20877,1.21070,1.20734,1.20748,16847
2021.03.03,12:00,1.20747,1.21125,1.20574,1.20624,28425
2021.03.03,16:00,1.20625,1.20798,1.20418,1.20725,58752
2021.03.03,20:00,1.20725,1.20779,1.20606,1.20614,20671
2021.03.04,00:00,1.20615,1.20657,1.20428,1.20590,9356
2021.03.04,04:00,1.20589,1.20624,1.20429,1.20546,12762
2021.03.04,08:00,1.20545,1.20617,1.20356,1.20398,25613
2021.03.04,12:00,1.20397,1.20483,1.20258,1.20314,32396
2021.03.04,16:00,1.20315,1.20529,1.20217,1.20431,48243
2021.03.04,20:00,1.20431,1.20492,1.19608,1.19697,65869
2021.03.05,00:00,1.19694,1.19764,1.19554,1.19658,11568
2021.03.05,04:00,1.19658,1.19658,1.19508,1.19555,16316
2021.03.05,08:00,1.19554,1.19612,1.19135,1.19261,32004
2021.03.05,12:00,1.19262,1.19425,1.19199,1.19346,39588
2021.03.05,16:00,1.19346,1.19456,1.18923,1.19129,99330
2021.03.05,20:00,1.19129,1.19221,1.19044,1.19152,27518
2021.03.06,00:00,1.19153,1.19192,1.19079,1.19092,2579
2021.03.08,01:00,1.19289,1.19314,1.19192,1.19265,5392
2021.03.08,05:00,1.19265,1.19277,1.18980,1.19114,17953
2021.03.08,09:00,1.19115,1.19138,1.18645,1.18712,38104
2021.03.08,13:00,1.18714,1.18800,1.18558,1.18703,36528
2021.03.08,17:00,1.18704,1.18865,1.18449,1.18558,56067
2021.03.08,21:00,1.18559,1.18641,1.18443,1.18443,13552
2021.03.09,00:00,1.18444,1.18521,1.18348,1.18433,8680
2021.03.09,04:00,1.18432,1.18662,1.18347,1.18567,20063
2021.03.09,08:00,1.18568,1.18978,1.18505,1.18954,30322
2021.03.09,12:00,1.18953,1.19149,1.18860,1.18870,34287
2021.03.09,16:00,1.18869,1.19083,1.18806,1.18842,54126
2021.03.09,20:00,1.18843,1.19042,1.18824,1.19009,15757
2021.03.10,00:00,1.19008,1.19037,1.18869,1.18929,7269
2021.03.10,04:00,1.18928,1.18969,1.18763,1.18788,11583
2021.03.10,08:00,1.18790,1.18960,1.18681,1.18954,21176
2021.03.10,12:00,1.18953,1.19038,1.18813,1.18843,24668
2021.03.10,16:00,1.18844,1.19241,1.18809,1.18979,60877
2021.03.10,20:00,1.18979,1.19267,1.18963,1.19260,20338
2021.03.11,00:00,1.19261,1.19290,1.19148,1.19182,5993
2021.03.11,04:00,1.19183,1.19339,1.19165,1.19267,10810
2021.03.11,08:00,1.19266,1.19679,1.19183,1.19638,24037
2021.03.11,12:00,1.19640,1.19679,1.19415,1.19534,31086
2021.03.11,16:00,1.19535,1.19782,1.19272,1.19762,60375
2021.03.11,20:00,1.19764,1.19892,1.19645,1.19884,21656
2021.03.12,00:00,1.19884,1.19891,1.19794,1.19822,6473
2021.03.12,04:00,1.19823,1.19877,1.19588,1.19652,11604
2021.03.12,08:00,1.19652,1.19664,1.19274,1.19322,31136
2021.03.12,12:00,1.19321,1.19362,1.19092,1.19340,33429
2021.03.12,16:00,1.19339,1.19544,1.19108,1.19515,53033
2021.03.12,20:00,1.19514,1.19606,1.19438,1.19598,13680
2021.03.13,00:00,1.19597,1.19604,1.19492,1.19499,2194
2021.03.15,00:00,1.19374,1.19555,1.19374,1.19506,8817
2021.03.15,04:00,1.19505,1.19667,1.19420,1.19426,12316
2021.03.15,08:00,1.19425,1.19430,1.19172,1.19359,23020
2021.03.15,12:00,1.19360,1.19393,1.19184,1.19241,23906
2021.03.15,16:00,1.19241,1.19367,1.19103,1.19222,32261
2021.03.15,20:00,1.19221,1.19328,1.19186,1.19290,8072
2021.03.16,00:00,1.19233,1.19333,1.19173,1.19221,5418
2021.03.16,04:00,1.19220,1.19380,1.19214,1.19370,8778
2021.03.16,08:00,1.19369,1.19380,1.19129,1.19260,17091
2021.03.16,12:00,1.19259,1.19511,1.19195,1.19221,27586
2021.03.16,16:00,1.19221,1.19266,1.18816,1.18924,38711
2021.03.16,20:00,1.18923,1.19095,1.18918,1.19014,13569
2021.03.17,00:00,1.19007,1.19053,1.18977,1.19006,5428
2021.03.17,04:00,1.19004,1.19035,1.18920,1.19028,6192
2021.03.17,08:00,1.19025,1.19072,1.18855,1.18972,12848
2021.03.17,12:00,1.18973,1.19159,1.18904,1.19109,23873
2021.03.17,16:00,1.19108,1.19144,1.18962,1.19008,27484
2021.03.17,20:00,1.19009,1.19850,1.18970,1.19786,46017
2021.03.18,00:00,1.19771,1.19870,1.19757,1.19847,9760
2021.03.18,04:00,1.19846,1.19857,1.19546,1.19606,14493
2021.03.18,08:00,1.19607,1.19881,1.19342,1.19466,30247
2021.03.18,12:00,1.19466,1.19496,1.19209,1.19274,37673
2021.03.18,16:00,1.19273,1.19380,1.19077,1.19197,42292
2021.03.18,20:00,1.19196,1.19310,1.19054,1.19149,17080
2021.03.19,00:00,1.19085,1.19198,1.19035,1.19065,5339
2021.03.19,04:00,1.19065,1.19191,1.19012,1.19180,10179
2021.03.19,08:00,1.19179,1.19364,1.19102,1.19222,20305
2021.03.19,12:00,1.19221,1.19225,1.18898,1.18991,25431
2021.03.19,16:00,1.18991,1.19113,1.18732,1.19067,47249
2021.03.19,20:00,1.19066,1.19116,1.19013,1.19029,9975
2021.03.22,00:00,1.18758,1.18918,1.18707,1.18843,6813
2021.03.22,04:00,1.18843,1.18983,1.18744,1.18928,7455
2021.03.22,08:00,1.18927,1.19053,1.18738,1.19014,20654
2021.03.22,12:00,1.19015,1.19305,1.18927,1.19223,23172
2021.03.22,16:00,1.19223,1.19388,1.19100,1.19384,27766
2021.03.22,20:00,1.19385,1.19461,1.19313,1.19313,7262
2021.03.23,00:00,1.19312,1.19400,1.19277,1.19328,7882
2021.03.23,04:00,1.19327,1.19363,1.19222,1.19225,9643
2021.03.23,08:00,1.19224,1.19310,1.18852,1.18979,19671
2021.03.23,12:00,1.18978,1.18994,1.18765,1.18884,28391
2021.03.23,16:00,1.18884,1.18906,1.18573,1.18626,27753
2021.03.23,20:00,1.18627,1.18654,1.18414,1.18493,11468
2021.03.24,00:00,1.18480,1.18525,1.18354,1.18420,6809
2021.03.24,04:00,1.18421,1.18501,1.18390,1.18457,8898
2021.03.24,08:00,1.18456,1.18465,1.18115,1.18257,24528
2021.03.24,12:00,1.18259,1.18440,1.18180,1.18329,21450
2021.03.24,16:00,1.18328,1.18382,1.18138,1.18227,22034
2021.03.24,20:00,1.18227,1.18298,1.18089,1.18105,10298
2021.03.25,00:00,1.18120,1.18169,1.18083,1.18169,4843
2021.03.25,04:00,1.18167,1.18269,1.18035,1.18199,10331
2021.03.25,08:00,1.18198,1.18254,1.18005,1.18043,18552
2021.03.25,12:00,1.18044,1.18174,1.17904,1.17966,21279
2021.03.25,16:00,1.17965,1.18148,1.17618,1.17620,29364
2021.03.25,20:00,1.17621,1.17810,1.17610,1.17633,13896
2021.03.26,00:00,1.17625,1.17829,1.17618,1.17812,7578
2021.03.26,04:00,1.17813,1.17838,1.17739,1.17757,5621
2021.03.26,08:00,1.17758,1.17884,1.17745,1.17867,14441
2021.03.26,12:00,1.17866,1.17964,1.17711,1.17755,18633
2021.03.26,16:00,1.17754,1.18042,1.17753,1.17979,19663
2021.03.26,20:00,1.17980,1.17994,1.17835,1.17931,9175
2021.03.29,00:00,1.17909,1.17928,1.17771,1.17798,5283
2021.03.29,04:00,1.17797,1.17903,1.17744,1.17780,6235
2021.03.29,08:00,1.17778,1.17932,1.17623,1.17657,20561
2021.03.29,12:00,1.17658,1.17878,1.17639,1.17848,18789
2021.03.29,16:00,1.17846,1.17919,1.17600,1.17729,23273
2021.03.29,20:00,1.17730,1.17776,1.17622,1.17642,8026
2021.03.30,00:00,1.17637,1.17718,1.17634,1.17695,4165
2021.03.30,04:00,1.17695,1.17730,1.17593,1.17634,5015
2021.03.30,08:00,1.17634,1.17647,1.17323,1.17455,20352
2021.03.30,12:00,1.17455,1.17490,1.17266,1.17305,17200
2021.03.30,16:00,1.17306,1.17369,1.17105,1.17177,21462
2021.03.30,20:00,1.17176,1.17223,1.17131,1.17151,5402
2021.03.31,00:00,1.17140,1.17251,1.17140,1.17218,4359
2021.03.31,04:00,1.17218,1.17232,1.17033,1.17068,7699
2021.03.31,08:00,1.17069,1.17471,1.17039,1.17456,18683
2021.03.31,12:00,1.17456,1.17456,1.17203,1.17248,17481
2021.03.31,16:00,1.17250,1.17591,1.17204,1.17491,23909
2021.03.31,20:00,1.17490,1.17546,1.17186,1.17290,9121
2021.04.01,00:00,1.17278,1.17316,1.17202,1.17287,5189
2021.04.01,04:00,1.17288,1.17322,1.17137,1.17149,6618
2021.04.01,08:00,1.17148,1.17439,1.17118,1.17269,19600
2021.04.01,12:00,1.17269,1.17532,1.17235,1.17445,17571
2021.04.01,16:00,1.17445,1.17792,1.17380,1.17725,21837
2021.04.01,20:00,1.17724,1.17778,1.17659,1.17768,5968
2021.04.02,00:00,1.17754,1.17834,1.17694,1.17708,3826
2021.04.02,04:00,1.17708,1.17805,1.17684,1.17774,6296
2021.04.02,08:00,1.17775,1.17858,1.17688,1.17813,6519
2021.04.02,12:00,1.17812,1.17853,1.17562,1.17680,8822
2021.04.02,16:00,1.17679,1.17682,1.17484,1.17591,11968
2021.04.02,20:00,1.17599,1.17651,1.17542,1.17542,4371
2021.04.05,00:00,1.17520,1.17671,1.17520,1.17642,6799
2021.04.05,04:00,1.17642,1.17712,1.17583,1.17584,4377
2021.04.05,08:00,1.17585,1.17600,1.17399,1.17465,9383
2021.04.05,12:00,1.17465,1.17802,1.17371,1.17781,9973
2021.04.05,16:00,1.17780,1.18159,1.17772,1.18154,12842
2021.04.05,20:00,1.18153,1.18189,1.18072,1.18112,4173
2021.04.06,00:00,1.18111,1.18210,1.18091,1.18132,3272
2021.04.06,04:00,1.18132,1.18164,1.17990,1.18048,8379
2021.04.06,08:00,1.18049,1.18202,1.17946,1.18128,21491
2021.04.06,12:00,1.18129,1.18327,1.18016,1.18280,22159
2021.04.06,16:00,1.18282,1.18552,1.18254,1.18548,16924
2021.04.06,20:00,1.18547,1.18769,1.18513,1.18754,8259
2021.04.07,00:00,1.18739,1.18757,1.18677,1.18716,4376
2021.04.07,04:00,1.18715,1.18772,1.18648,1.18700,8374
2021.04.07,08:00,1.18701,1.18866,1.18631,1.18854,24758
2021.04.07,12:00,1.18853,1.18975,1.18762,1.18839,21602
2021.04.07,16:00,1.18838,1.19140,1.18810,1.18815,22401
2021.04.07,20:00,1.18814,1.18860,1.18601,1.18707,7849
2021.04.08,00:00,1.18640,1.18734,1.18613,1.18658,4188
2021.04.08,04:00,1.18657,1.18731,1.18600,1.18720,6859
2021.04.08,08:00,1.18721,1.18921,1.18663,1.18805,17359
2021.04.08,12:00,1.18805,1.18942,1.18609,1.18919,18217
2021.04.08,16:00,1.18918,1.19266,1.18828,1.19208,21266
2021.04.08,20:00,1.19207,1.19224,1.19113,1.19155,5646
2021.04.09,00:00,1.19140,1.19194,1.19100,1.19184,4568
2021.04.09,04:00,1.19185,1.19193,1.19023,1.19033,7016
2021.04.09,08:00,1.19033,1.19036,1.18830,1.18849,21128
2021.04.09,12:00,1.18849,1.18995,1.18663,1.18752,19181
2021.04.09,16:00,1.18753,1.19026,1.18696,1.18994,18732
2021.04.09,20:00,1.18993,1.19096,1.18974,1.18974,6115
2021.04.12,00:00,1.18983,1.19030,1.18872,1.18967,5129
2021.04.12,04:00,1.18968,1.18978,1.18846,1.18873,8787
2021.04.12,08:00,1.18874,1.18935,1.18704,1.18830,17232
2021.04.12,12:00,1.18830,1.19175,1.18830,1.19133,17482
2021.04.12,16:00,1.19134,1.19183,1.19026,1.19150,15143
2021.04.12,20:00,1.19149,1.19166,1.18982,1.19106,5312
2021.04.13,00:00,1.19093,1.19152,1.19014,1.19032,4888
2021.04.13,04:00,1.19034,1.19038,1.18853,1.18866,8863
2021.04.13,08:00,1.18865,1.19080,1.18822,1.18999,19310
2021.04.13,12:00,1.19002,1.19335,1.18774,1.19236,29896
2021.04.13,16:00,1.19237,1.19427,1.19226,1.19372,22067
2021.04.13,20:00,1.19373,1.19552,1.19372,1.19481,8504
2021.04.14,00:00,1.19466,1.19577,1.19457,1.19536,4987
2021.04.14,04:00,1.19537,1.19632,1.19518,1.19619,9003
2021.04.14,08:00,1.19620,1.19734,1.19541,1.19658,22259
2021.04.14,12:00,1.19658,1.19688,1.19502,1.19629,18238
2021.04.14,16:00,1.19630,1.19866,1.19522,1.19842,21193
2021.04.14,20:00,1.19843,1.19847,1.19689,1.19785,7813
2021.04.15,00:00,1.19770,1.19881,1.19760,1.19856,3930
2021.04.15,04:00,1.19855,1.19891,1.19692,1.19696,8235
2021.04.15,08:00,1.19695,1.19893,1.19694,1.19801,17523
2021.04.15,12:00,1.19800,1.19926,1.19564,1.19574,20509
2021.04.15,16:00,1.19575,1.19831,1.19554,1.19703,21223
2021.04.15,20:00,1.19704,1.19766,1.19563,1.19651,9630
2021.04.16,00:00,1.19658,1.19740,1.19555,1.19562,4704
2021.04.16,04:00,1.19563,1.19634,1.19498,1.19626,8213
2021.04.16,08:00,1.19625,1.19881,1.19575,1.19772,20660
2021.04.16,12:00,1.19771,1.19939,1.19683,1.19829,21413
2021.04.16,16:00,1.19830,1.19930,1.19740,1.19797,14350
2021.04.16,20:00,1.19796,1.19827,1.19716,1.19804,5491
2021.04.19,00:00,1.19727,1.19767,1.19599,1.19606,5801
2021.04.19,04:00,1.19607,1.19631,1.19418,1.19577,8971
2021.04.19,08:00,1.19577,1.20318,1.19573,1.20243,27934
2021.04.19,12:00,1.20243,1.20472,1.20211,1.20396,22080
2021.04.19,16:00,1.20398,1.20400,1.20143,1.20372,18462
2021.04.19,20:00,1.20373,1.20401,1.20324,1.20360,6163
2021.04.20,00:00,1.20363,1.20448,1.20317,1.20384,5832
2021.04.20,04:00,1.20386,1.20711,1.20367,1.20625,10391
2021.04.20,08:00,1.20624,1.20791,1.20476,1.20678,26556
2021.04.20,12:00,1.20678,1.20702,1.20256,1.20338,21180
2021.04.20,16:00,1.20337,1.20559,1.20249,1.20295,21924
2021.04.20,20:00,1.20294,1.20362,1.20217,1.20355,7442
2021.04.21,00:00,1.20317,1.20430,1.20298,1.20340,4566
2021.04.21,04:00,1.20338,1.20413,1.20238,1.20267,7206
2021.04.21,08:00,1.20268,1.20347,1.20027,1.20053,18952
2021.04.21,12:00,1.20053,1.20153,1.19977,1.20132,16957
2021.04.21,16:00,1.20133,1.20383,1.19983,1.20269,20666
2021.04.21,20:00,1.20268,1.20354,1.20258,1.20349,5389
2021.04.22,00:00,1.20315,1.20391,1.20307,1.20359,3424
2021.04.22,04:00,1.20361,1.20462,1.20315,1.20331,10233
2021.04.22,08:00,1.20330,1.20488,1.20236,1.20254,17744
2021.04.22,12:00,1.20253,1.20656,1.20213,1.20637,21775
2021.04.22,16:00,1.20638,1.20690,1.20019,1.20080,28534
2021.04.22,20:00,1.20080,1.20168,1.19928,1.20153,14514
2021.04.23,00:00,1.20150,1.20200,1.20121,1.20199,4645
2021.04.23,04:00,1.20198,1.20269,1.20173,1.20258,7383
2021.04.23,08:00,1.20259,1.20603,1.20220,1.20580,20301
2021.04.23,12:00,1.20580,1.20749,1.20483,1.20710,17393
2021.04.23,16:00,1.20709,1.20766,1.20454,1.20759,22150
2021.04.23,20:00,1.20759,1.20993,1.20735,1.20953,7703
2021.04.26,00:00,1.20902,1.21045,1.20879,1.21024,5726
2021.04.26,04:00,1.21025,1.21162,1.21025,1.21073,8363
2021.04.26,08:00,1.21073,1.21146,1.20880,1.20989,21151
2021.04.26,12:00,1.20989,1.21086,1.20759,1.20798,17236
2021.04.26,16:00,1.20800,1.20888,1.20602,1.20884,17405
2021.04.26,20:00,1.20883,1.20930,1.20824,1.20849,6280
2021.04.27,00:00,1.20832,1.20889,1.20740,1.20784,4641
2021.04.27,04:00,1.20785,1.20803,1.20644,1.20721,6483
2021.04.27,08:00,1.20722,1.20794,1.20565,1.20573,16452
2021.04.27,12:00,1.20574,1.20921,1.20559,1.20809,18438
2021.04.27,16:00,1.20811,1.20895,1.20684,1.20701,16801
2021.04.27,20:00,1.20702,1.20920,1.20698,1.20906,7961
2021.04.28,00:00,1.20894,1.20923,1.20774,1.20777,4519
2021.04.28,04:00,1.20776,1.20843,1.20716,1.20721,7553
2021.04.28,08:00,1.20720,1.20789,1.20554,1.20740,18019
2021.04.28,12:00,1.20740,1.20762,1.20608,1.20671,18517
2021.04.28,16:00,1.20670,1.21018,1.20560,1.20893,19127
2021.04.28,20:00,1.20893,1.21340,1.20648,1.21248,30551
2021.04.29,00:00,1.21226,1.21410,1.21203,1.21410,4881
2021.04.29,04:00,1.21412,1.21493,1.21233,1.21310,7488
2021.04.29,08:00,1.21310,1.21361,1.21104,1.21147,17743
2021.04.29,12:00,1.21147,1.21351,1.21131,1.21218,18731
2021.04.29,16:00,1.21217,1.21259,1.21014,1.21170,26707
2021.04.29,20:00,1.21169,1.21286,1.21118,1.21190,7869
2021.04.30,00:00,1.21187,1.21254,1.21170,1.21213,9941
2021.04.30,04:00,1.21212,1.21258,1.21145,1.21162,6872
2021.04.30,08:00,1.21163,1.21191,1.20937,1.20942,15442
2021.04.30,12:00,1.20943,1.20975,1.20765,1.20829,18788
2021.04.30,16:00,1.20830,1.20913,1.20232,1.20259,31824
2021.04.30,20:00,1.20259,1.20298,1.20158,1.20187,9808
2021.05.03,00:00,1.20202,1.20330,1.20195,1.20330,3938
2021.05.03,04:00,1.20331,1.20348,1.20164,1.20203,4721
2021.05.03,08:00,1.20205,1.20489,1.20122,1.20466,15700
2021.05.03,12:00,1.20467,1.20569,1.20411,1.20422,15874
2021.05.03,16:00,1.20423,1.20754,1.20418,1.20522,17793
2021.05.03,20:00,1.20521,1.20664,1.20507,1.20619,6078
2021.05.04,00:00,1.20625,1.20632,1.20523,1.20549,5869
2021.05.04,04:00,1.20550,1.20556,1.20363,1.20397,5402
2021.05.04,08:00,1.20398,1.20401,1.20013,1.20025,19629
2021.05.04,12:00,1.20024,1.20296,1.19983,1.20250,21732
2021.05.04,16:00,1.20251,1.20348,1.20007,1.20168,31483
2021.05.04,20:00,1.20167,1.20227,1.20086,1.20129,9824
2021.05.05,00:00,1.20099,1.20202,1.20089,1.20190,3577
2021.05.05,04:00,1.20191,1.20259,1.20173,1.20216,4260
2021.05.05,08:00,1.20214,1.20216,1.19852,1.19959,21357
2021.05.05,12:00,1.19958,1.20191,1.19907,1.19962,19458
2021.05.05,16:00,1.19961,1.20112,1.19914,1.19931,18168
2021.05.05,20:00,1.19932,1.20053,1.19904,1.20045,5731
2021.05.06,00:00,1.20028,1.20090,1.19994,1.19994,3273
2021.05.06,04:00,1.19993,1.20109,1.19924,1.20017,8952
2021.05.06,08:00,1.20016,1.20439,1.20013,1.20388,17991
2021.05.06,12:00,1.20388,1.20598,1.20355,1.20564,21961
2021.05.06,16:00,1.20564,1.20708,1.20433,1.20490,27116
2021.05.06,20:00,1.20489,1.20638,1.20473,1.20628,6655
2021.05.07,00:00,1.20594,1.20690,1.20587,1.20628,4141
2021.05.07,04:00,1.20627,1.20684,1.20588,1.20632,8012
2021.05.07,08:00,1.20633,1.20898,1.20520,1.20868,19378
2021.05.07,12:00,1.20867,1.21455,1.20574,1.21284,35712
2021.05.07,16:00,1.21281,1.21643,1.21014,1.21504,43364
2021.05.07,20:00,1.21504,1.21708,1.21489,1.21625,11352
2021.05.10,00:00,1.21592,1.21762,1.21592,1.21608,6573
2021.05.10,04:00,1.21609,1.21625,1.21502,1.21508,7441
2021.05.10,08:00,1.21509,1.21745,1.21359,1.21702,23826
2021.05.10,12:00,1.21702,1.21735,1.21558,1.21704,23418
2021.05.10,16:00,1.21703,1.21774,1.21519,1.21583,27289
2021.05.10,20:00,1.21583,1.21587,1.21268,1.21273,8991
2021.05.11,00:00,1.21283,1.21420,1.21251,1.21272,5795
2021.05.11,04:00,1.21271,1.21488,1.21254,1.21408,13413
2021.05.11,08:00,1.21410,1.21635,1.21223,1.21617,22211
2021.05.11,12:00,1.21617,1.21707,1.21529,1.21673,23660
2021.05.11,16:00,1.21673,1.21808,1.21472,1.21630,34969
2021.05.11,20:00,1.21630,1.21638,1.21442,1.21476,9724
2021.05.12,00:00,1.21455,1.21502,1.21364,1.21373,5082
2021.05.12,04:00,1.21373,1.21373,1.21147,1.21196,9853
2021.05.12,08:00,1.21195,1.21430,1.21193,1.21335,19872
2021.05.12,12:00,1.21336,1.21460,1.20711,1.21290,34762
2021.05.12,16:00,1.21292,1.21514,1.20649,1.20656,52902
2021.05.12,20:00,1.20655,1.20818,1.20649,1.20696,16691
2021.05.13,00:00,1.20687,1.20836,1.20669,1.20811,6789
2021.05.13,04:00,1.20812,1.20880,1.20710,1.20776,12586
2021.05.13,08:00,1.20775,1.21053,1.20506,1.20615,32025
2021.05.13,12:00,1.20616,1.20932,1.20593,1.20808,31048
2021.05.13,16:00,1.20808,1.20992,1.20635,1.20787,33997
2021.05.13,20:00,1.20787,1.20862,1.20614,1.20778,15015
2021.05.14,00:00,1.20753,1.20832,1.20702,1.20744,4244
2021.05.14,04:00,1.20745,1.20872,1.20722,1.20850,9008
2021.05.14,08:00,1.20849,1.21286,1.20836,1.21244,24423
2021.05.14,12:00,1.21246,1.21366,1.21022,1.21286,27715
2021.05.14,16:00,1.21288,1.21469,1.21234,1.21361,28782
2021.05.14,20:00,1.21360,1.21456,1.21331,1.21439,7517
2021.05.17,00:00,1.21364,1.21503,1.21314,1.21332,6082
2021.05.17,04:00,1.21330,1.21380,1.21283,1.21290,9812
2021.05.17,08:00,1.21288,1.21491,1.21254,1.21472,19182
2021.05.17,12:00,1.21471,1.21681,1.21338,1.21390,22716
2021.05.17,16:00,1.21389,1.21569,1.21369,1.21552,28360
2021.05.17,20:00,1.21551,1.21606,1.21503,1.21503,6889
2021.05.18,00:00,1.21488,1.21582,1.21487,1.21557,3790
2021.05.18,04:00,1.21558,1.21684,1.21549,1.21638,8150
2021.05.18,08:00,1.21637,1.22188,1.21630,1.22177,23892
2021.05.18,12:00,1.22176,1.22334,1.22058,1.22204,23109
2021.05.18,16:00,1.22205,1.22230,1.21967,1.22160,27491
2021.05.18,20:00,1.22160,1.22296,1.22140,1.22225,7589
2021.05.19,00:00,1.22220,1.22321,1.22198,1.22257,4421
2021.05.19,04:00,1.22256,1.22344,1.22165,1.22306,10162
2021.05.19,08:00,1.22305,1.22444,1.22038,1.22157,24711
2021.05.19,12:00,1.22158,1.22197,1.21881,1.22070,27445
2021.05.19,16:00,1.22070,1.22379,1.22029,1.22099,40392
2021.05.19,20:00,1.22100,1.22140,1.21591,1.21750,29314
2021.05.20,00:00,1.21692,1.21844,1.21682,1.21844,6059
2021.05.20,04:00,1.21843,1.21845,1.21690,1.21812,10574
2021.05.20,08:00,1.21810,1.22039,1.21764,1.21874,22038
2021.05.20,12:00,1.21875,1.22073,1.21804,1.21992,23112
2021.05.20,16:00,1.21992,1.22256,1.21966,1.22174,26932
2021.05.20,20:00,1.22175,1.22284,1.22114,1.22271,8474
2021.05.21,00:00,1.22255,1.22372,1.22213,1.22332,4900
2021.05.21,04:00,1.22334,1.22386,1.22268,1.22320,9247
2021.05.21,08:00,1.22321,1.22391,1.22092,1.22229,22894
2021.05.21,12:00,1.22228,1.22372,1.21774,1.22050,28798
2021.05.21,16:00,1.22051,1.22094,1.21600,1.21634,30905
2021.05.21,20:00,1.21635,1.21872,1.21619,1.21806,8442
2021.05.24,00:00,1.21772,1.21865,1.21711,1.21797,5600
2021.05.24,04:00,1.21798,1.21846,1.21742,1.21788,9875
2021.05.24,08:00,1.21789,1.22035,1.21743,1.21960,22763
2021.05.24,12:00,1.21960,1.22185,1.21923,1.22095,23788
2021.05.24,16:00,1.22094,1.22291,1.22026,1.22144,22518
2021.05.24,20:00,1.22143,1.22174,1.22048,1.22155,5860
2021.05.25,00:00,1.22131,1.22211,1.22108,1.22210,4030
2021.05.25,04:00,1.22211,1.22307,1.22204,1.22286,9240
2021.05.25,08:00,1.22287,1.22615,1.22195,1.22581,29435
2021.05.25,12:00,1.22582,1.22656,1.22454,1.22527,23052
2021.05.25,16:00,1.22528,1.22563,1.22259,1.22390,30260
2021.05.25,20:00,1.22390,1.22562,1.22371,1.22508,10101
2021.05.26,00:00,1.22473,1.22544,1.22437,1.22444,5293
2021.05.26,04:00,1.22445,1.22604,1.22411,1.22589,11570
2021.05.26,08:00,1.22590,1.22622,1.22317,1.22401,19266
2021.05.26,12:00,1.22400,1.22462,1.22162,1.22192,22606
2021.05.26,16:00,1.22191,1.22390,1.21949,1.21991,30040
2021.05.26,20:00,1.21991,1.22013,1.21810,1.21916,10861
2021.05.27,00:00,1.21870,1.21963,1.21792,1.21874,5449
2021.05.27,04:00,1.21876,1.21947,1.21744,1.21928,10949
2021.05.27,08:00,1.21927,1.22142,1.21792,1.21816,23522
2021.05.27,12:00,1.21817,1.22099,1.21813,1.21852,24403
2021.05.27,16:00,1.21856,1.22107,1.21789,1.21868,29685
2021.05.27,20:00,1.21869,1.22040,1.21864,1.21935,8496
2021.05.28,00:00,1.21918,1.21952,1.21818,1.21834,4508
2021.05.28,04:00,1.21835,1.21895,1.21808,1.21869,7701
2021.05.28,08:00,1.21869,1.21998,1.21707,1.21964,19907
2021.05.28,12:00,1.21965,1.21972,1.21320,1.21341,28061
2021.05.28,16:00,1.21340,1.22034,1.21319,1.21998,32010
2021.05.28,20:00,1.21998,1.22041,1.21884,1.21908,8487
2021.05.31,00:00,1.21902,1.21985,1.21838,1.21908,4544
2021.05.31,04:00,1.21907,1.22034,1.21880,1.21973,7225
2021.05.31,08:00,1.21972,1.22030,1.21825,1.21998,16086
2021.05.31,12:00,1.21999,1.22012,1.21843,1.21978,14573
2021.05.31,16:00,1.21979,1.22306,1.21931,1.22274,14575
2021.05.31,20:00,1.22275,1.22287,1.22231,1.22236,2856
2021.06.01,00:00,1.22262,1.22337,1.22230,1.22288,3896
2021.06.01,04:00,1.22289,1.22358,1.22216,1.22217,8125
2021.06.01,08:00,1.22217,1.22407,1.22126,1.22291,21415
2021.06.01,12:00,1.22292,1.22377,1.22162,1.22241,20210
2021.06.01,16:00,1.22240,1.22537,1.22150,1.22322,28450
2021.06.01,20:00,1.22321,1.22333,1.22110,1.22131,6728
2021.06.02,00:00,1.22129,1.22253,1.22115,1.22195,4441
2021.06.02,04:00,1.22194,1.22258,1.22161,1.22163,8673
2021.06.02,08:00,1.22164,1.22190,1.21787,1.21805,25048
2021.06.02,12:00,1.21805,1.21911,1.21634,1.21851,25472
2021.06.02,16:00,1.21850,1.22176,1.21836,1.22112,22291
2021.06.02,20:00,1.22113,1.22146,1.22050,1.22090,7021
2021.06.03,00:00,1.22094,1.22134,1.22072,1.22117,2965
2021.06.03,04:00,1.22118,1.22128,1.22004,1.22006,5321
2021.06.03,08:00,1.22007,1.22032,1.21779,1.21869,16659
2021.06.03,12:00,1.21868,1.22076,1.21559,1.21575,33492
2021.06.03,16:00,1.21577,1.21615,1.21175,1.21196,33758
2021.06.03,20:00,1.21196,1.21332,1.21181,1.21262,7662
2021.06.04,00:00,1.21247,1.21313,1.21137,1.21267,5721
2021.06.04,04:00,1.21267,1.21296,1.21116,1.21130,9980
2021.06.04,08:00,1.21132,1.21171,1.21035,1.21111,17591
2021.06.04,12:00,1.21111,1.21738,1.21032,1.21669,33871
2021.06.04,16:00,1.21669,1.21851,1.21601,1.21605,31519
2021.06.04,20:00,1.21606,1.21695,1.21595,1.21653,7808
2021.06.07,00:00,1.21615,1.21719,1.21589,1.21665,5482
2021.06.07,04:00,1.21666,1.21698,1.21592,1.21672,9814
2021.06.07,08:00,1.21672,1.21673,1.21442,1.21611,16333
2021.06.07,12:00,1.21611,1.21752,1.21498,1.21626,16410
2021.06.07,16:00,1.21626,1.22010,1.21606,1.21940,19317
2021.06.07,20:00,1.21941,1.21984,1.21883,1.21886,5313
2021.06.08,00:00,1.21892,1.21934,1.21818,1.21849,7676
2021.06.08,04:00,1.21849,1.21902,1.21767,1.21785,12026
2021.06.08,08:00,1.21784,1.21846,1.21635,1.21753,16802
2021.06.08,12:00,1.21753,1.21876,1.21675,1.21750,23846
2021.06.08,16:00,1.21750,1.21922,1.21700,1.21773,24634
2021.06.08,20:00,1.21772,1.21811,1.21705,1.21720,6204
2021.06.09,00:00,1.21722,1.21772,1.21703,1.21741,4314
2021.06.09,04:00,1.21741,1.21846,1.21731,1.21787,6008
2021.06.09,08:00,1.21787,1.21919,1.21748,1.21875,15149
2021.06.09,12:00,1.21875,1.21969,1.21831,1.21939,15407
2021.06.09,16:00,1.21939,1.22172,1.21733,1.21754,23559
2021.06.09,20:00,1.21753,1.21831,1.21736,1.21781,7451
2021.06.10,00:00,1.21759,1.21800,1.21713,1.21721,4222
2021.06.10,04:00,1.21721,1.21750,1.21621,1.21634,8169
2021.06.10,08:00,1.21633,1.21731,1.21527,1.21658,19406
2021.06.10,12:00,1.21658,1.21939,1.21506,1.21853,42160
2021.06.10,16:00,1.21855,1.21927,1.21425,1.21759,42982
2021.06.10,20:00,1.21758,1.21779,1.21691,1.21749,8816
2021.06.11,00:00,1.21725,1.21779,1.21699,1.21774,4318
2021.06.11,04:00,1.21775,1.21907,1.21751,1.21863,7958
2021.06.11,08:00,1.21864,1.21922,1.21632,1.21651,18575
2021.06.11,12:00,1.21650,1.21664,1.21217,1.21280,23651
2021.06.11,16:00,1.21279,1.21295,1.20920,1.20956,25440
2021.06.11,20:00,1.20957,1.21102,1.20921,1.21068,7778
2021.06.14,00:00,1.21022,1.21113,1.20979,1.20995,6433
2021.06.14,04:00,1.20994,1.21041,1.20938,1.21034,7045
2021.06.14,08:00,1.21034,1.21200,1.20933,1.21081,20858
2021.06.14,12:00,1.21081,1.21239,1.21077,1.21187,17151
2021.06.14,16:00,1.21187,1.21296,1.21161,1.21213,20968
2021.06.14,20:00,1.21212,1.21223,1.21159,1.21188,6811
2021.06.15,00:00,1.21176,1.21228,1.21130,1.21190,5208
2021.06.15,04:00,1.21190,1.21252,1.21140,1.21251,9713
2021.06.15,08:00,1.21251,1.21465,1.21233,1.21295,20103
2021.06.15,12:00,1.21295,1.21296,1.21004,1.21109,23626
2021.06.15,16:00,1.21107,1.21302,1.21081,1.21233,24160
2021.06.15,20:00,1.21233,1.21290,1.21212,1.21244,7659
2021.06.16,00:00,1.21250,1.21285,1.21217,1.21219,3899
2021.06.16,04:00,1.21219,1.21281,1.21159,1.21277,7468
2021.06.16,08:00,1.21277,1.21339,1.21174,1.21279,18731
2021.06.16,12:00,1.21278,1.21286,1.21135,1.21177,19170
2021.06.16,16:00,1.21177,1.21262,1.21093,1.21168,19457
2021.06.16,20:00,1.21167,1.21167,1.19946,1.19949,66129
2021.06.17,00:00,1.19945,1.19977,1.19834,1.19874,12423
2021.06.17,04:00,1.19875,1.20040,1.19869,1.20001,14310
2021.06.17,08:00,1.20001,1.20056,1.19353,1.19469,37350
2021.06.17,12:00,1.19468,1.19562,1.19253,1.19304,36932
2021.06.17,16:00,1.19303,1.19502,1.18910,1.18953,45207
2021.06.17,20:00,1.18954,1.19218,1.18951,1.19045,19179
2021.06.18,00:00,1.19040,1.19145,1.19038,1.19067,11135
2021.06.18,04:00,1.19067,1.19241,1.19051,1.19125,14605
2021.06.18,08:00,1.19126,1.19236,1.18846,1.19120,38105
2021.06.18,12:00,1.19119,1.19215,1.18664,1.18868,39740
2021.06.18,16:00,1.18868,1.18869,1.18465,1.18737,58164
2021.06.18,20:00,1.18737,1.18810,1.18560,1.18622,22717
2021.06.21,00:00,1.18557,1.18757,1.18555,1.18716,10361
2021.06.21,04:00,1.18717,1.18731,1.18469,1.18652,23920
2021.06.21,08:00,1.18651,1.18931,1.18505,1.18923,34840
2021.06.21,12:00,1.18921,1.18989,1.18841,1.18917,28462
2021.06.21,16:00,1.18917,1.19206,1.18888,1.19182,37027
2021.06.21,20:00,1.19183,1.19202,1.19072,1.19169,13922
2021.06.22,00:00,1.19164,1.19193,1.19043,1.19074,7028
2021.06.22,04:00,1.19073,1.19143,1.19000,1.19019,12651
2021.06.22,08:00,1.19020,1.19105,1.18909,1.18957,26781
2021.06.22,12:00,1.18957,1.19018,1.18802,1.18922,25309
2021.06.22,16:00,1.18921,1.19407,1.18892,1.19338,39479
2021.06.22,20:00,1.19339,1.19518,1.19309,1.19401,17600
2021.06.23,00:00,1.19374,1.19427,1.19290,1.19312,7160
2021.06.23,04:00,1.19313,1.19337,1.19184,1.19184,11222
2021.06.23,08:00,1.19185,1.19448,1.19107,1.19319,28919
2021.06.23,12:00,1.19320,1.19544,1.19318,1.19529,27206
2021.06.23,16:00,1.19529,1.19694,1.19334,1.19348,35412
2021.06.23,20:00,1.19349,1.19375,1.19187,1.19256,12368
2021.06.24,00:00,1.19263,1.19325,1.19241,1.19301,6458
2021.06.24,04:00,1.19300,1.19317,1.19185,1.19231,10191
2021.06.24,08:00,1.19232,1.19422,1.19169,1.19244,23746
2021.06.24,12:00,1.19243,1.19555,1.19243,1.19536,28541
2021.06.24,16:00,1.19537,1.19553,1.19192,1.19259,30169
2021.06.24,20:00,1.19262,1.19346,1.19256,1.19299,12049
2021.06.25,00:00,1.19308,1.19320,1.19261,1.19302,4482
2021.06.25,04:00,1.19303,1.19442,1.19301,1.19362,6934
2021.06.25,08:00,1.19362,1.19499,1.19342,1.19423,21483
2021.06.25,12:00,1.19424,1.19648,1.19369,1.19570,23611
2021.06.25,16:00,1.19570,1.19745,1.19318,1.19365,31882
2021.06.25,20:00,1.19366,1.19419,1.19255,1.19336,8464
2021.06.28,00:00,1.19315,1.19413,1.19304,1.19360,5004
2021.06.28,04:00,1.19359,1.19374,1.19193,1.19218,8442
2021.06.28,08:00,1.19217,1.19438,1.19211,1.19406,24035
2021.06.28,12:00,1.19405,1.19432,1.19016,1.19207,25133
2021.06.28,16:00,1.19208,1.19390,1.19104,1.19217,31033
2021.06.28,20:00,1.19218,1.19282,1.19192,1.19228,8109
2021.06.29,00:00,1.19221,1.19291,1.19169,1.19184,5265
2021.06.29,04:00,1.19184,1.19239,1.19068,1.19096,8588
2021.06.29,08:00,1.19097,1.19223,1.18986,1.19005,22832
2021.06.29,12:00,1.19006,1.19124,1.18790,1.18818,25002
2021.06.29,16:00,1.18818,1.19108,1.18769,1.18953,29428
2021.06.29,20:00,1.18952,1.19049,1.18923,1.18954,6994
2021.06.30,00:00,1.18948,1.19058,1.18946,1.18994,6394
2021.06.30,04:00,1.18993,1.19082,1.18959,1.18990,8135
2021.06.30,08:00,1.18988,1.19073,1.18842,1.18853,24276
2021.06.30,12:00,1.18854,1.18974,1.18754,1.18815,22939
2021.06.30,16:00,1.18814,1.18817,1.18443,1.18477,36866
2021.06.30,20:00,1.18477,1.18606,1.18453,1.18561,10139
2021.07.01,00:00,1.18554,1.18596,1.18457,1.18479,5241
2021.07.01,04:00,1.18480,1.18534,1.18454,1.18484,7028
2021.07.01,08:00,1.18483,1.18594,1.18366,1.18440,23173
2021.07.01,12:00,1.18439,1.18835,1.18395,1.18776,23231
2021.07.01,16:00,1.18775,1.18814,1.18464,1.18483,30939
2021.07.01,20:00,1.18483,1.18538,1.18401,1.18493,7857
2021.07.02,00:00,1.18492,1.18500,1.18402,1.18422,4336
2021.07.02,04:00,1.18420,1.18459,1.18396,1.18439,8784
2021.07.02,08:00,1.18440,1.18470,1.18215,1.18270,17120
2021.07.02,12:00,1.18271,1.18564,1.18065,1.18468,29248
2021.07.02,16:00,1.18467,1.18586,1.18251,1.18428,36101
2021.07.02,20:00,1.18427,1.18736,1.18406,1.18623,9192
2021.07.05,00:00,1.18583,1.18676,1.18527,1.18567,4739
2021.07.05,04:00,1.18566,1.18619,1.18506,1.18562,6051
2021.07.05,08:00,1.18560,1.18725,1.18511,1.18696,17317
2021.07.05,12:00,1.18695,1.18799,1.18594,1.18625,12677
2021.07.05,16:00,1.18624,1.18685,1.18547,1.18670,10588
2021.07.05,20:00,1.18670,1.18689,1.18584,1.18591,9688
2021.07.06,00:00,1.18598,1.18685,1.18580,1.18600,5346
2021.07.06,04:00,1.18598,1.18751,1.18576,1.18734,10237
2021.07.06,08:00,1.18735,1.18943,1.18417,1.18445,23967
2021.07.06,12:00,1.18446,1.18503,1.18303,1.18354,21374
2021.07.06,16:00,1.18352,1.18420,1.18063,1.18138,49134
2021.07.06,20:00,1.18139,1.18273,1.18124,1.18225,9705
2021.07.07,00:00,1.18228,1.18242,1.18148,1.18201,5723
2021.07.07,04:00,1.18202,1.18261,1.18169,1.18228,8786
2021.07.07,08:00,1.18230,1.18339,1.18111,1.18232,20182
2021.07.07,12:00,1.18231,1.18353,1.18118,1.18151,18459
2021.07.07,16:00,1.18150,1.18176,1.17808,1.17994,33471
2021.07.07,20:00,1.17995,1.18198,1.17886,1.17899,18108
2021.07.08,00:00,1.17924,1.17983,1.17888,1.17902,5635
2021.07.08,04:00,1.17902,1.17954,1.17828,1.17954,10351
2021.07.08,08:00,1.17953,1.18244,1.17916,1.18216,35989
2021.07.08,12:00,1.18217,1.18585,1.18208,1.18505,35961
2021.07.08,16:00,1.18505,1.18671,1.18359,1.18438,43132
2021.07.08,20:00,1.18439,1.18478,1.18343,1.18456,9494
2021.07.09,00:00,1.18404,1.18492,1.18378,1.18399,6618
2021.07.09,04:00,1.18399,1.18428,1.18310,1.18311,11400
2021.07.09,08:00,1.18312,1.18459,1.18242,1.18315,29101
2021.07.09,12:00,1.18315,1.18679,1.18281,1.18678,21200
2021.07.09,16:00,1.18677,1.18741,1.18548,1.18674,18006
2021.07.09,20:00,1.18673,1.18804,1.18665,1.18759,5458
2021.07.12,00:00,1.18739,1.18760,1.18667,1.18746,7577
2021.07.12,04:00,1.18747,1.18794,1.18646,1.18677,9176
2021.07.12,08:00,1.18676,1.18790,1.18552,1.18698,20243
2021.07.12,12:00,1.18698,1.18727,1.18353,1.18524,18660
2021.07.12,16:00,1.18525,1.18735,1.18501,1.18568,24483
2021.07.12,20:00,1.18566,1.18614,1.18543,1.18588,7228
2021.07.13,00:00,1.18580,1.18679,1.18575,1.18659,5051
2021.07.13,04:00,1.18661,1.18744,1.18613,1.18629,8644
2021.07.13,08:00,1.18630,1.18646,1.18404,1.18490,17992
2021.07.13,12:00,1.18490,1.18502,1.17933,1.17985,27107
2021.07.13,16:00,1.17986,1.18321,1.17910,1.18036,32350
2021.07.13,20:00,1.18034,1.18034,1.17714,1.17762,13667
2021.07.14,00:00,1.17744,1.17805,1.17712,1.17758,5588
2021.07.14,04:00,1.17759,1.17847,1.17752,1.17829,9737
2021.07.14,08:00,1.17828,1.17987,1.17794,1.17830,19936
2021.07.14,12:00,1.17831,1.18272,1.17752,1.18211,23408
2021.07.14,16:00,1.18211,1.18345,1.18123,1.18317,31301
2021.07.14,20:00,1.18316,1.18381,1.18246,1.18353,7554
2021.07.15,00:00,1.18346,1.18379,1.18280,1.18327,6212
2021.07.15,04:00,1.18329,1.18341,1.18205,1.18300,12837
2021.07.15,08:00,1.18301,1.18498,1.18249,1.18484,21677
2021.07.15,12:00,1.18483,1.18490,1.18029,1.18057,24134
2021.07.15,16:00,1.18057,1.18226,1.18000,1.18021,23959
2021.07.15,20:00,1.18021,1.18122,1.17954,1.18101,9991
2021.07.16,00:00,1.18075,1.18164,1.18040,1.18107,5322
2021.07.16,04:00,1.18108,1.18118,1.18013,1.18087,9848
2021.07.16,08:00,1.18088,1.18188,1.17963,1.18173,18953
2021.07.16,12:00,1.18174,1.18216,1.17915,1.18011,19911
2021.07.16,16:00,1.18010,1.18135,1.17949,1.18105,26117
2021.07.16,20:00,1.18105,1.18179,1.18020,1.18035,9654
2021.07.19,00:00,1.18059,1.18131,1.18004,1.18013,6026
2021.07.19,04:00,1.18014,1.18078,1.17972,1.18054,8673
2021.07.19,08:00,1.18053,1.18077,1.17647,1.17723,22921
2021.07.19,12:00,1.17721,1.17878,1.17631,1.17860,25526
2021.07.19,16:00,1.17861,1.18237,1.17830,1.17984,44493
2021.07.19,20:00,1.17983,1.18016,1.17903,1.17979,11617
2021.07.20,00:00,1.17978,1.18013,1.17894,1.17942,4915
2021.07.20,04:00,1.17944,1.18014,1.17872,1.17879,10954
2021.07.20,08:00,1.17880,1.17942,1.17714,1.17871,21368
2021.07.20,12:00,1.17869,1.18018,1.17642,1.17717,21593
2021.07.20,16:00,1.17716,1.17799,1.17550,1.17769,27652
2021.07.20,20:00,1.17770,1.17854,1.17732,1.17798,9821
2021.07.21,00:00,1.17796,1.17824,1.17766,1.17790,4360
2021.07.21,04:00,1.17791,1.17796,1.17693,1.17716,7401
2021.07.21,08:00,1.17715,1.17815,1.17511,1.17788,22620
2021.07.21,12:00,1.17787,1.17796,1.17590,1.17652,15896
2021.07.21,16:00,1.17651,1.18030,1.17616,1.17925,31705
2021.07.21,20:00,1.17926,1.18041,1.17908,1.17935,10087
2021.07.22,00:00,1.17932,1.17968,1.17871,1.17876,4059
2021.07.22,04:00,1.17878,1.17994,1.17860,1.17962,6121
2021.07.22,08:00,1.17961,1.18012,1.17784,1.17959,20836
2021.07.22,12:00,1.17958,1.18126,1.17700,1.17992,37452
2021.07.22,16:00,1.17990,1.18297,1.17566,1.17621,41650
2021.07.22,20:00,1.17620,1.17754,1.17567,1.17702,8485
2021.07.23,00:00,1.17640,1.17792,1.17631,1.17772,4611
2021.07.23,04:00,1.17771,1.17796,1.17665,1.17671,7230
2021.07.23,08:00,1.17672,1.17857,1.17620,1.17738,22108
2021.07.23,12:00,1.17738,1.17802,1.17536,1.17788,18234
2021.07.23,16:00,1.17789,1.17795,1.17541,1.17676,23947
2021.07.23,20:00,1.17675,1.17752,1.17675,1.17705,6571
2021.07.26,00:00,1.17726,1.17737,1.17626,1.17655,5179
2021.07.26,04:00,1.17656,1.17795,1.17646,1.17778,8928
2021.07.26,08:00,1.17780,1.17994,1.17663,1.17831,23505
2021.07.26,12:00,1.17832,1.17986,1.17785,1.17822,20421
2021.07.26,16:00,1.17821,1.18164,1.17792,1.18115,25764
2021.07.26,20:00,1.18114,1.18124,1.17984,1.18014,6515
2021.07.27,00:00,1.18024,1.18114,1.17985,1.18076,4595
2021.07.27,04:00,1.18075,1.18082,1.18001,1.18015,9310
2021.07.27,08:00,1.18014,1.18017,1.17692,1.17770,25829
2021.07.27,12:00,1.17769,1.18188,1.17737,1.18179,18138
2021.07.27,16:00,1.18178,1.18362,1.17998,1.18354,33150
2021.07.27,20:00,1.18354,1.18403,1.18144,1.18154,8935
2021.07.28,00:00,1.18158,1.18232,1.18117,1.18134,4699
2021.07.28,04:00,1.18133,1.18268,1.18133,1.18190,8148
2021.07.28,08:00,1.18189,1.18296,1.18014,1.18282,17299
2021.07.28,12:00,1.18283,1.18284,1.17909,1.17980,19384
2021.07.28,16:00,1.17980,1.18151,1.17824,1.18138,25422
2021.07.28,20:00,1.18136,1.18489,1.17715,1.18418,42089
2021.07.29,00:00,1.18419,1.18462,1.18384,1.18429,5875
2021.07.29,04:00,1.18428,1.18581,1.18410,1.18556,11918
2021.07.29,08:00,1.18556,1.18786,1.18494,1.18756,22185
2021.07.29,12:00,1.18757,1.18844,1.18686,1.18834,19668
2021.07.29,16:00,1.18833,1.18903,1.18751,1.18838,22521
2021.07.29,20:00,1.18839,1.18920,1.18793,1.18859,7782
2021.07.30,00:00,1.18837,1.18936,1.18807,1.18807,6018
2021.07.30,04:00,1.18808,1.18838,1.18768,1.18777,10350
2021.07.30,08:00,1.18778,1.19068,1.18743,1.19059,17387
2021.07.30,12:00,1.19059,1.19079,1.18766,1.18783,22308
2021.07.30,16:00,1.18785,1.18856,1.18508,1.18583,32618
2021.07.30,20:00,1.18584,1.18757,1.18532,1.18662,10671
2021.08.02,00:00,1.18615,1.18705,1.18604,1.18682,5160
2021.08.02,04:00,1.18682,1.18727,1.18583,1.18698,9401
2021.08.02,08:00,1.18697,1.18877,1.18634,1.18838,18034
2021.08.02,12:00,1.18839,1.18961,1.18707,1.18722,16071
2021.08.02,16:00,1.18724,1.18883,1.18659,1.18687,26177
2021.08.02,20:00,1.18688,1.18744,1.18645,1.18708,6684
2021.08.03,00:00,1.18678,1.18778,1.18668,1.18710,5037
2021.08.03,04:00,1.18711,1.18818,1.18673,1.18794,11388
2021.08.03,08:00,1.18795,1.18846,1.18704,1.18829,20031
2021.08.03,12:00,1.18828,1.18925,1.18781,1.18851,15017
2021.08.03,16:00,1.18855,1.18866,1.18529,1.18675,25977
2021.08.03,20:00,1.18676,1.18690,1.18606,1.18641,5167
2021.08.04,00:00,1.18580,1.18694,1.18580,1.18611,4195
2021.08.04,04:00,1.18611,1.18747,1.18610,1.18706,7750
2021.08.04,08:00,1.18706,1.18792,1.18412,1.18502,13099
2021.08.04,12:00,1.18501,1.18889,1.18473,1.18882,16343
2021.08.04,16:00,1.18883,1.18989,1.18319,1.18373,32936
2021.08.04,20:00,1.18374,1.18418,1.18347,1.18363,6149
2021.08.05,00:00,1.18357,1.18386,1.18307,1.18312,4052
2021.08.05,04:00,1.18314,1.18385,1.18309,1.18356,7943
2021.08.05,08:00,1.18355,1.18489,1.18291,1.18363,16711
2021.08.05,12:00,1.18364,1.18565,1.18274,1.18352,21191
2021.08.05,16:00,1.18350,1.18505,1.18313,1.18383,23129
2021.08.05,20:00,1.18382,1.18390,1.18300,1.18311,6867
2021.08.06,00:00,1.18303,1.18348,1.18243,1.18246,4130
2021.08.06,04:00,1.18247,1.18271,1.18177,1.18247,5992
2021.08.06,08:00,1.18246,1.18291,1.18066,1.18102,15000
2021.08.06,12:00,1.18103,1.18119,1.17757,1.17834,30027
2021.08.06,16:00,1.17834,1.17873,1.17535,1.17552,30639
2021.08.06,20:00,1.17552,1.17638,1.17552,1.17601,7423
2021.08.09,00:00,1.17597,1.17622,1.17417,1.17499,10549
2021.08.09,04:00,1.17500,1.17630,1.17500,1.17626,7802
2021.08.09,08:00,1.17624,1.17658,1.17492,1.17539,18549
2021.08.09,12:00,1.17539,1.17681,1.17512,1.17601,20340
2021.08.09,16:00,1.17602,1.17662,1.17397,1.17413,24893
2021.08.09,20:00,1.17414,1.17478,1.17341,1.17354,7450
2021.08.10,00:00,1.17340,1.17382,1.17316,1.17368,4033
2021.08.10,04:00,1.17369,1.17392,1.17313,1.17375,5489
2021.08.10,08:00,1.17374,1.17420,1.17253,1.17314,13977
2021.08.10,12:00,1.17314,1.17314,1.17153,1.17153,15316
2021.08.10,16:00,1.17154,1.17240,1.17089,1.17150,20306
2021.08.10,20:00,1.17151,1.17229,1.17135,1.17195,6162
2021.08.11,00:00,1.17185,1.17213,1.17123,1.17123,3706
2021.08.11,04:00,1.17122,1.17248,1.17111,1.17173,4338
2021.08.11,08:00,1.17175,1.17205,1.17052,1.17118,13182
2021.08.11,12:00,1.17117,1.17487,1.17077,1.17360,25774
2021.08.11,16:00,1.17359,1.17477,1.17250,1.17475,26699
2021.08.11,20:00,1.17476,1.17532,1.17371,1.17388,9603
2021.08.12,00:00,1.17375,1.17440,1.17351,1.17394,4014
2021.08.12,04:00,1.17396,1.17450,1.17338,1.17390,5573
2021.08.12,08:00,1.17391,1.17475,1.17319,1.17460,14524
2021.08.12,12:00,1.17460,1.17465,1.17264,1.17391,16431
2021.08.12,16:00,1.17390,1.17416,1.17229,1.17374,18313
2021.08.12,20:00,1.17374,1.17417,1.17286,1.17294,6919
2021.08.13,00:00,1.17292,1.17379,1.17280,1.17353,4554
2021.08.13,04:00,1.17354,1.17417,1.17337,1.17383,5111
2021.08.13,08:00,1.17380,1.17422,1.17294,1.17415,11294
2021.08.13,12:00,1.17416,1.17682,1.17396,1.17650,14808
2021.08.13,16:00,1.17651,1.18039,1.17632,1.17993,26038
2021.08.13,20:00,1.17994,1.18002,1.17916,1.17940,8125
2021.08.16,00:00,1.17938,1.17999,1.17909,1.17949,4855
2021.08.16,04:00,1.17948,1.18000,1.17892,1.17929,5836
2021.08.16,08:00,1.17929,1.17930,1.17779,1.17863,15709
2021.08.16,12:00,1.17864,1.17872,1.17665,1.17764,16211
2021.08.16,16:00,1.17765,1.17898,1.17715,1.17744,22029
2021.08.16,20:00,1.17743,1.17787,1.17737,1.17748,5972
2021.08.17,00:00,1.17770,1.17796,1.17715,1.17731,3879
2021.08.17,04:00,1.17732,1.17761,1.17661,1.17677,7426
2021.08.17,08:00,1.17676,1.17839,1.17594,1.17764,18576
2021.08.17,12:00,1.17765,1.17768,1.17406,1.17431,24774
2021.08.17,16:00,1.17432,1.17439,1.17077,1.17078,32267
2021.08.17,20:00,1.17077,1.17189,1.17073,1.17074,10392
2021.08.18,00:00,1.17075,1.17126,1.17012,1.17114,5346
2021.08.18,04:00,1.17114,1.17223,1.17094,1.17175,7403
2021.08.18,08:00,1.17174,1.17288,1.17120,1.17194,12679
2021.08.18,12:00,1.17193,1.17254,1.17052,1.17168,15184
2021.08.18,16:00,1.17167,1.17203,1.16929,1.16983,25956
2021.08.18,20:00,1.16984,1.17419,1.16970,1.17083,24697
2021.08.19,00:00,1.17098,1.17147,1.16833,1.16865,6629
2021.08.19,04:00,1.16866,1.16927,1.16649,1.16761,10865
2021.08.19,08:00,1.16761,1.16965,1.16680,1.16861,29167
2021.08.19,12:00,1.16860,1.17033,1.16794,1.16979,21394
2021.08.19,16:00,1.16979,1.17015,1.16779,1.16875,33757
2021.08.19,20:00,1.16875,1.16875,1.16717,1.16763,12340
2021.08.20,00:00,1.16757,1.16830,1.16742,1.16815,3735
2021.08.20,04:00,1.16815,1.16867,1.16751,1.16853,7007
2021.08.20,08:00,1.16853,1.16884,1.16699,1.16732,21181
2021.08.20,12:00,1.16732,1.16827,1.16642,1.16676,15693
2021.08.20,16:00,1.16675,1.17037,1.16633,1.17024,27498
2021.08.20,20:00,1.17025,1.17038,1.16912,1.16982,7777
2021.08.23,00:00,1.16915,1.17022,1.16894,1.16986,5695
2021.08.23,04:00,1.16986,1.17230,1.16980,1.17181,7713
2021.08.23,08:00,1.17180,1.17313,1.17055,1.17302,18694
2021.08.23,12:00,1.17303,1.17331,1.17144,1.17313,16434
2021.08.23,16:00,1.17313,1.17427,1.17232,1.17385,26253
2021.08.23,20:00,1.17386,1.17496,1.17376,1.17448,7561
2021.08.24,00:00,1.17443,1.17477,1.17378,1.17386,3790
2021.08.24,04:00,1.17385,1.17418,1.17334,1.17403,4343
2021.08.24,08:00,1.17404,1.17461,1.17264,1.17277,15745
2021.08.24,12:00,1.17277,1.17542,1.17271,1.17498,15104
2021.08.24,16:00,1.17499,1.17643,1.17344,1.17466,26668
2021.08.24,20:00,1.17466,1.17584,1.17420,1.17568,6600
2021.08.25,00:00,1.17553,1.17580,1.17394,1.17408,4728
2021.08.25,04:00,1.17408,1.17416,1.17325,1.17398,5360
2021.08.25,08:00,1.17399,1.17587,1.17316,1.17504,14649
2021.08.25,12:00,1.17504,1.17547,1.17254,1.17317,15740
2021.08.25,16:00,1.17316,1.17625,1.17294,1.17594,26486
2021.08.25,20:00,1.17595,1.17739,1.17526,1.17717,10352
2021.08.26,00:00,1.17676,1.17730,1.17656,1.17662,3786
2021.08.26,04:00,1.17661,1.17670,1.17603,1.17634,5557
2021.08.26,08:00,1.17633,1.17739,1.17557,1.17582,19012
2021.08.26,12:00,1.17583,1.17782,1.17510,1.17549,19914
2021.08.26,16:00,1.17548,1.17666,1.17452,1.17518,32167
2021.08.26,20:00,1.17519,1.17553,1.17483,1.17512,9827
2021.08.27,00:00,1.17506,1.17577,1.17413,1.17445,4618
2021.08.27,04:00,1.17444,1.17630,1.17426,1.17624,5645
2021.08.27,08:00,1.17625,1.17706,1.17497,1.17503,15371
2021.08.27,12:00,1.17501,1.17654,1.17491,1.17553,15338
2021.08.27,16:00,1.17554,1.18015,1.17341,1.17998,58721
2021.08.27,20:00,1.17998,1.18005,1.17913,1.17946,9947
2021.08.30,00:00,1.17919,1.18050,1.17889,1.18039,4465
2021.08.30,04:00,1.18040,1.18092,1.18017,1.18028,5890
2021.08.30,08:00,1.18030,1.18045,1.17929,1.17977,12290
2021.08.30,12:00,1.17977,1.18019,1.17829,1.17854,16124
2021.08.30,16:00,1.17855,1.18027,1.17818,1.17965,23352
2021.08.30,20:00,1.17965,1.18034,1.17951,1.17958,6014
2021.08.31,00:00,1.17957,1.18024,1.17936,1.18014,4040
2021.08.31,04:00,1.18016,1.18239,1.17971,1.18165,6797
2021.08.31,08:00,1.18165,1.18307,1.18165,1.18195,17200
2021.08.31,12:00,1.18195,1.18444,1.18191,1.18359,28859
2021.08.31,16:00,1.18359,1.18370,1.17957,1.18062,45449
2021.08.31,20:00,1.18062,1.18123,1.18024,1.18078,10845
2021.09.01,00:00,1.18082,1.18110,1.18004,1.18020,4209
2021.09.01,04:00,1.18020,1.18057,1.17979,1.17986,5942
2021.09.01,08:00,1.17987,1.18158,1.17929,1.18131,19439
2021.09.01,12:00,1.18131,1.18387,1.18107,1.18369,22633
2021.09.01,16:00,1.18369,1.18564,1.18322,1.18473,30746
2021.09.01,20:00,1.18473,1.18504,1.18367,1.18390,8496
2021.09.02,00:00,1.18387,1.18453,1.18361,1.18441,3880
2021.09.02,04:00,1.18441,1.18446,1.18338,1.18339,3939
2021.09.02,08:00,1.18338,1.18508,1.18336,1.18449,14628
2021.09.02,12:00,1.18447,1.18550,1.18357,1.18463,16979
2021.09.02,16:00,1.18464,1.18702,1.18456,1.18642,22181
2021.09.02,20:00,1.18642,1.18753,1.18636,1.18743,8080
2021.09.03,00:00,1.18740,1.18820,1.18690,1.18813,3273
2021.09.03,04:00,1.18812,1.18836,1.18754,1.18756,5543
2021.09.03,08:00,1.18755,1.18820,1.18705,1.18740,13538
2021.09.03,12:00,1.18739,1.19083,1.18649,1.18904,28349
2021.09.03,16:00,1.18906,1.19041,1.18709,1.18887,32089
2021.09.03,20:00,1.18886,1.18971,1.18742,1.18776,8454
2021.09.06,00:00,1.18755,1.18856,1.18752,1.18779,3920
2021.09.06,04:00,1.18778,1.18792,1.18642,1.18685,4183
2021.09.06,08:00,1.18686,1.18744,1.18595,1.18631,9887
2021.09.06,12:00,1.18632,1.18663,1.18550,1.18654,10876
2021.09.06,16:00,1.18652,1.18703,1.18568,1.18702,10197
2021.09.06,20:00,1.18702,1.18706,1.18656,1.18658,7076
2021.09.07,00:00,1.18685,1.18808,1.18642,1.18787,3223
2021.09.07,04:00,1.18786,1.18846,1.18743,1.18746,5821
2021.09.07,08:00,1.18748,1.18816,1.18588,1.18753,18541
2021.09.07,12:00,1.18753,1.18794,1.18487,1.18497,24914
2021.09.07,16:00,1.18496,1.18596,1.18366,1.18446,27580
2021.09.07,20:00,1.18445,1.18525,1.18372,1.18412,10688
2021.09.08,00:00,1.18382,1.18474,1.18382,1.18473,4183
2021.09.08,04:00,1.18470,1.18503,1.18400,1.18428,5248
2021.09.08,08:00,1.18428,1.18440,1.18154,1.18207,23696
2021.09.08,12:00,1.18207,1.18287,1.18113,1.18203,26123
2021.09.08,16:00,1.18203,1.18280,1.18012,1.18179,39691
2021.09.08,20:00,1.18179,1.18291,1.18147,1.18149,12214
2021.09.09,00:00,1.18147,1.18192,1.18114,1.18134,3579
2021.09.09,04:00,1.18135,1.18245,1.18105,1.18134,5297
2021.09.09,08:00,1.18135,1.18353,1.18107,1.18330,20928
2021.09.09,12:00,1.18329,1.18406,1.18073,1.18226,35061
2021.09.09,16:00,1.18225,1.18339,1.18044,1.18306,42508
2021.09.09,20:00,1.18308,1.18389,1.18211,1.18228,12151
2021.09.10,00:00,1.18236,1.18271,1.18217,1.18234,6042
2021.09.10,04:00,1.18234,1.18322,1.18181,1.18291,6635
2021.09.10,08:00,1.18291,1.18504,1.18239,1.18471,18180
2021.09.10,12:00,1.18470,1.18472,1.18253,1.18260,21307
2021.09.10,16:00,1.18260,1.18370,1.18148,1.18178,34806
2021.09.10,20:00,1.18178,1.18179,1.18083,1.18083,10288
2021.09.13,00:00,1.18132,1.18148,1.18039,1.18045,4209
2021.09.13,04:00,1.18046,1.18061,1.17930,1.17948,5439
2021.09.13,08:00,1.17949,1.17953,1.17742,1.17888,18703
2021.09.13,12:00,1.17888,1.17923,1.17693,1.17818,19019
2021.09.13,16:00,1.17820,1.18163,1.17818,1.18065,27345
2021.09.13,20:00,1.18065,1.18104,1.18006,1.18100,9558
2021.09.14,00:00,1.18075,1.18116,1.18048,1.18078,3385
2021.09.14,04:00,1.18076,1.18182,1.18054,1.18124,5969
2021.09.14,08:00,1.18125,1.18292,1.18058,1.18205,17899
2021.09.14,12:00,1.18205,1.18449,1.17993,1.18407,28466
2021.09.14,16:00,1.18406,1.18450,1.18149,1.18212,32994
2021.09.14,20:00,1.18212,1.18253,1.17993,1.18034,11160
2021.09.15,00:00,1.18023,1.18077,1.17998,1.18047,5070
2021.09.15,04:00,1.18048,1.18112,1.18030,1.18044,6250
2021.09.15,08:00,1.18045,1.18280,1.17983,1.18253,19122
2021.09.15,12:00,1.18254,1.18311,1.18066,1.18107,24636
2021.09.15,16:00,1.18108,1.18219,1.18025,1.18031,34222
2021.09.15,20:00,1.18030,1.18173,1.18029,1.18148,7912
2021.09.16,00:00,1.18143,1.18198,1.18131,1.18183,3919
2021.09.16,04:00,1.18184,1.18192,1.18083,1.18089,5189
2021.09.16,08:00,1.18089,1.18111,1.17714,1.17719,22975
2021.09.16,12:00,1.17718,1.17770,1.17512,1.17544,28178
2021.09.16,16:00,1.17542,1.17677,1.17497,1.17587,27017
2021.09.16,20:00,1.17588,1.17706,1.17525,1.17680,9260
2021.09.17,00:00,1.17649,1.17694,1.17585,1.17590,5397
2021.09.17,04:00,1.17591,1.17728,1.17581,1.17724,6670
2021.09.17,08:00,1.17724,1.17842,1.17671,1.17765,19093
2021.09.17,12:00,1.17764,1.17882,1.17718,1.17729,24269
2021.09.17,16:00,1.17730,1.17744,1.17240,1.17248,34812
2021.09.17,20:00,1.17249,1.17315,1.17234,1.17247,8973
2021.09.20,00:00,1.17259,1.17294,1.17221,1.17230,3831
2021.09.20,04:00,1.17229,1.17231,1.17089,1.17143,5827
2021.09.20,08:00,1.17142,1.17176,1.17044,1.17088,21127
2021.09.20,12:00,1.17089,1.17163,1.16994,1.17135,22300
2021.09.20,16:00,1.17136,1.17356,1.17106,1.17215,32549
2021.09.20,20:00,1.17215,1.17304,1.17213,1.17259,8516
2021.09.21,00:00,1.17239,1.17300,1.17227,1.17249,4458
2021.09.21,04:00,1.17249,1.17392,1.17226,1.17310,5634
2021.09.21,08:00,1.17311,1.17367,1.17175,1.17332,19851
2021.09.21,12:00,1.17332,1.17479,1.17291,1.17388,22790
2021.09.21,16:00,1.17388,1.17410,1.17140,1.17276,35700
2021.09.21,20:00,1.17277,1.17315,1.17179,1.17246,8902
2021.09.22,00:00,1.17214,1.17282,1.17162,1.17188,4223
2021.09.22,04:00,1.17187,1.17296,1.17159,1.17211,7893
2021.09.22,08:00,1.17212,1.17367,1.17160,1.17336,17948
2021.09.22,12:00,1.17337,1.17361,1.17236,1.17287,14589
2021.09.22,16:00,1.17289,1.17442,1.17234,1.17344,25707
2021.09.22,20:00,1.17345,1.17548,1.16837,1.16875,57027
2021.09.23,00:00,1.16863,1.16940,1.16827,1.16880,4565
2021.09.23,04:00,1.16880,1.17090,1.16856,1.17087,5946
2021.09.23,08:00,1.17086,1.17284,1.17050,1.17201,25411
2021.09.23,12:00,1.17200,1.17317,1.17104,1.17282,35283
2021.09.23,16:00,1.17283,1.17494,1.17206,1.17431,37075
2021.09.23,20:00,1.17432,1.17485,1.17352,1.17383,7185
2021.09.24,00:00,1.17374,1.17468,1.17347,1.17452,4751
2021.09.24,04:00,1.17452,1.17459,1.17352,1.17362,5777
2021.09.24,08:00,1.17364,1.17408,1.17301,1.17352,18863
2021.09.24,12:00,1.17353,1.17374,1.17059,1.17059,18681
2021.09.24,16:00,1.17058,1.17246,1.16997,1.17153,27717
2021.09.24,20:00,1.17153,1.17217,1.17126,1.17196,5789
2021.09.27,00:00,1.17159,1.17232,1.17090,1.17165,11481
2021.09.27,04:00,1.17167,1.17244,1.17159,1.17215,5142
2021.09.27,08:00,1.17216,1.17235,1.16839,1.16886,20007
2021.09.27,12:00,1.16886,1.17099,1.16884,1.17065,26677
2021.09.27,16:00,1.17065,1.17090,1.16900,1.17014,29314
2021.09.27,20:00,1.17013,1.17076,1.16939,1.16940,6350
2021.09.28,00:00,1.16948,1.16987,1.16853,1.16879,3267
2021.09.28,04:00,1.16880,1.16980,1.16843,1.16979,5659
2021.09.28,08:00,1.16979,1.17025,1.16714,1.16798,25071
2021.09.28,12:00,1.16799,1.16926,1.16721,1.16798,32368
2021.09.28,16:00,1.16798,1.17004,1.16675,1.16811,53223
2021.09.28,20:00,1.16810,1.16884,1.16746,1.16828,12851
2021.09.29,00:00,1.16822,1.16868,1.16792,1.16804,4407
2021.09.29,04:00,1.16805,1.16893,1.16773,1.16858,8312
2021.09.29,08:00,1.16858,1.16872,1.16557,1.16629,30176
2021.09.29,12:00,1.16629,1.16706,1.16393,1.16448,28479
2021.09.29,16:00,1.16448,1.16455,1.16000,1.16007,39470
2021.09.29,20:00,1.16007,1.16042,1.15886,1.15964,10723
2021.09.30,00:00,1.15965,1.16029,1.15939,1.16028,4073
2021.09.30,04:00,1.16026,1.16078,1.16004,1.16072,5677
2021.09.30,08:00,1.16071,1.16090,1.15908,1.16034,24209
2021.09.30,12:00,1.16033,1.16059,1.15672,1.15900,30865
2021.09.30,16:00,1.15901,1.15975,1.15617,1.15699,56591
2021.09.30,20:00,1.15700,1.15880,1.15622,1.15759,14553
2021.10.01,00:00,1.15760,1.15818,1.15644,1.15644,5269
2021.10.01,04:00,1.15644,1.15812,1.15621,1.15797,9142
2021.10.01,08:00,1.15796,1.15906,1.15737,1.15777,25536
2021.10.01,12:00,1.15777,1.16062,1.15719,1.16030,29169
2021.10.01,16:00,1.16031,1.16066,1.15830,1.15961,47336
2021.10.01,20:00,1.15962,1.16000,1.15907,1.15908,6632
2021.10.04,00:00,1.15950,1.16129,1.15921,1.16020,5698
2021.10.04,04:00,1.16020,1.16031,1.15870,1.15951,6841
2021.10.04,08:00,1.15951,1.16152,1.15950,1.16117,16799
2021.10.04,12:00,1.16118,1.16393,1.16070,1.16317,23186
2021.10.04,16:00,1.16317,1.16386,1.16143,1.16183,31159
2021.10.04,20:00,1.16182,1.16272,1.16154,1.16188,7969
2021.10.05,00:00,1.16162,1.16214,1.16098,1.16108,6249
2021.10.05,04:00,1.16107,1.16127,1.15936,1.15939,6537
2021.10.05,08:00,1.15939,1.16042,1.15892,1.15980,23048
2021.10.05,12:00,1.15980,1.16045,1.15894,1.15993,20690
2021.10.05,16:00,1.15993,1.16123,1.15798,1.16045,35815
2021.10.05,20:00,1.16044,1.16075,1.15928,1.15961,7300
2021.10.06,00:00,1.15961,1.15999,1.15914,1.15930,7346
2021.10.06,04:00,1.15929,1.15960,1.15824,1.15839,8008
2021.10.06,08:00,1.15838,1.15895,1.15502,1.15514,25850
2021.10.06,12:00,1.15513,1.15534,1.15283,1.15442,33985
2021.10.06,16:00,1.15443,1.15547,1.15315,1.15424,33376
2021.10.06,20:00,1.15425,1.15589,1.15425,1.15556,11838
2021.10.07,00:00,1.15543,1.15604,1.15516,1.15576,4750
2021.10.07,04:00,1.15576,1.15584,1.15506,1.15547,5654
2021.10.07,08:00,1.15547,1.15698,1.15483,1.15594,20668
2021.10.07,12:00,1.15594,1.15713,1.15496,1.15551,21558
2021.10.07,16:00,1.15551,1.15681,1.15465,1.15547,26847
2021.10.07,20:00,1.15547,1.15639,1.15485,1.15523,6842
2021.10.08,00:00,1.15504,1.15592,1.15497,1.15575,5434
2021.10.08,04:00,1.15576,1.15581,1.15465,1.15474,6239
2021.10.08,08:00,1.15474,1.15556,1.15405,1.15527,18669
2021.10.08,12:00,1.15527,1.15853,1.15524,1.15701,29583
2021.10.08,16:00,1.15700,1.15788,1.15549,1.15635,38313
2021.10.08,20:00,1.15635,1.15775,1.15589,1.15723,7210
2021.10.11,00:00,1.15692,1.15771,1.15628,1.15738,4701
2021.10.11,04:00,1.15738,1.15786,1.15676,1.15716,6091
2021.10.11,08:00,1.15716,1.15862,1.15633,1.15691,19679
2021.10.11,12:00,1.15692,1.15732,1.15514,1.15606,16490
2021.10.11,16:00,1.15605,1.15830,1.15603,1.15627,18258
2021.10.11,20:00,1.15627,1.15637,1.15483,1.15527,5744
2021.10.12,00:00,1.15493,1.15556,1.15464,1.15484,5856
2021.10.12,04:00,1.15485,1.15600,1.15471,1.15555,6613
2021.10.12,08:00,1.15556,1.15696,1.15546,1.15612,17262
2021.10.12,12:00,1.15612,1.15663,1.15325,1.15407,21391
2021.10.12,16:00,1.15407,1.15494,1.15243,1.15275,34352
2021.10.12,20:00,1.15275,1.15341,1.15236,1.15293,7933
2021.10.13,00:00,1.15292,1.15420,1.15247,1.15404,4533
2021.10.13,04:00,1.15405,1.15550,1.15400,1.15517,5532
2021.10.13,08:00,1.15518,1.15596,1.15447,1.15556,17665
2021.10.13,12:00,1.15556,1.15660,1.15354,1.15421,29063
2021.10.13,16:00,1.15421,1.15779,1.15396,1.15771,39127
2021.10.13,20:00,1.15771,1.15966,1.15771,1.15953,12920
2021.10.14,00:00,1.15916,1.16003,1.15888,1.15981,4401
2021.10.14,04:00,1.15982,1.16000,1.15881,1.15891,5855
2021.10.14,08:00,1.15892,1.16181,1.15870,1.16154,17490
2021.10.14,12:00,1.16155,1.16236,1.15970,1.16056,21875
2021.10.14,16:00,1.16056,1.16063,1.15832,1.15874,27590
2021.10.14,20:00,1.15873,1.16014,1.15838,1.15965,6781
2021.10.15,00:00,1.15957,1.15986,1.15874,1.15930,4527
2021.10.15,04:00,1.15931,1.16110,1.15928,1.16074,6009
2021.10.15,08:00,1.16073,1.16180,1.15987,1.16024,18363
2021.10.15,12:00,1.16024,1.16116,1.15881,1.15913,26229
2021.10.15,16:00,1.15913,1.16094,1.15883,1.15942,33582
2021.10.15,20:00,1.15943,1.16052,1.15923,1.15985,7889
2021.10.18,00:00,1.15977,1.16044,1.15822,1.15833,6860
2021.10.18,04:00,1.15834,1.15934,1.15771,1.15780,7608
2021.10.18,08:00,1.15781,1.15954,1.15710,1.15799,20445
2021.10.18,12:00,1.15800,1.16090,1.15758,1.16008,28180
2021.10.18,16:00,1.16007,1.16211,1.15917,1.16210,27793
2021.10.18,20:00,1.16209,1.16217,1.16076,1.16100,6887
2021.10.19,00:00,1.16092,1.16246,1.16072,1.16242,5030
2021.10.19,04:00,1.16243,1.16543,1.16235,1.16447,8753
2021.10.19,08:00,1.16448,1.16603,1.16440,1.16594,22481
2021.10.19,12:00,1.16595,1.16687,1.16447,1.16450,23659
2021.10.19,16:00,1.16450,1.16577,1.16288,1.16353,26527
2021.10.19,20:00,1.16352,1.16438,1.16303,1.16316,6676
2021.10.20,00:00,1.16303,1.16354,1.16269,1.16342,5351
2021.10.20,04:00,1.16341,1.16506,1.16320,1.16501,8287
2021.10.20,08:00,1.16500,1.16514,1.16160,1.16252,20287
2021.10.20,12:00,1.16253,1.16422,1.16204,1.16379,22836
2021.10.20,16:00,1.16379,1.16571,1.16353,1.16553,24619
2021.10.20,20:00,1.16554,1.16579,1.16470,1.16503,10256
2021.10.21,00:00,1.16477,1.16574,1.16454,1.16557,4410
2021.10.21,04:00,1.16557,1.16665,1.16498,1.16508,10808
2021.10.21,08:00,1.16508,1.16560,1.16333,1.16411,19433
2021.10.21,12:00,1.16411,1.16502,1.16305,1.16424,21968
2021.10.21,16:00,1.16424,1.16508,1.16333,1.16352,29764
2021.10.21,20:00,1.16351,1.16389,1.16187,1.16236,9397
2021.10.22,00:00,1.16214,1.16274,1.16199,1.16250,4923
2021.10.22,04:00,1.16249,1.16311,1.16240,1.16253,7474
2021.10.22,08:00,1.16254,1.16460,1.16225,1.16403,20328
2021.10.22,12:00,1.16404,1.16433,1.16238,1.16365,22637
2021.10.22,16:00,1.16365,1.16549,1.16210,1.16315,42877
2021.10.22,20:00,1.16316,1.16440,1.16234,1.16440,9144
2021.10.25,00:00,1.16345,1.16478,1.16345,1.16449,5806
2021.10.25,04:00,1.16449,1.16644,1.16386,1.16593,9004
2021.10.25,08:00,1.16591,1.16636,1.16403,1.16491,20516
2021.10.25,12:00,1.16490,1.16492,1.15899,1.15940,26773
2021.10.25,16:00,1.15940,1.16144,1.15929,1.16049,23990
2021.10.25,20:00,1.16050,1.16162,1.16050,1.16095,4533
2021.10.26,00:00,1.16080,1.16117,1.15983,1.16033,4117
2021.10.26,04:00,1.16033,1.16088,1.15963,1.16037,7011
2021.10.26,08:00,1.16036,1.16126,1.15933,1.16077,20066
2021.10.26,12:00,1.16077,1.16250,1.16049,1.16169,21815
2021.10.26,16:00,1.16170,1.16217,1.15841,1.15862,27702
2021.10.26,20:00,1.15862,1.16001,1.15859,1.15954,5484
2021.10.27,00:00,1.15953,1.16034,1.15881,1.16017,7571
2021.10.27,04:00,1.16015,1.16044,1.15969,1.16026,6478
2021.10.27,08:00,1.16026,1.16124,1.15912,1.15941,19979
2021.10.27,12:00,1.15941,1.16253,1.15841,1.16172,28796
2021.10.27,16:00,1.16172,1.16234,1.15873,1.16081,42823
2021.10.27,20:00,1.16080,1.16155,1.15980,1.16020,10680
2021.10.28,00:00,1.16022,1.16043,1.15894,1.15918,4874
2021.10.28,04:00,1.15918,1.16090,1.15885,1.16060,10840
2021.10.28,08:00,1.16059,1.16137,1.15824,1.15893,24985
2021.10.28,12:00,1.15892,1.16352,1.15815,1.16292,43558
2021.10.28,16:00,1.16294,1.16914,1.16237,1.16777,58478
2021.10.28,20:00,1.16777,1.16884,1.16705,1.16824,12256
2021.10.29,00:00,1.16800,1.16892,1.16786,1.16835,6764
2021.10.29,04:00,1.16835,1.16853,1.16631,1.16635,7035
2021.10.29,08:00,1.16636,1.16750,1.16483,1.16499,19574
2021.10.29,12:00,1.16504,1.16560,1.16204,1.16250,30370
2021.10.29,16:00,1.16249,1.16350,1.15344,1.15377,49967
2021.10.29,20:00,1.15377,1.15643,1.15371,1.15599,10910
2021.11.01,00:00,1.15591,1.15635,1.15507,1.15542,7220
2021.11.01,04:00,1.15542,1.15596,1.15452,1.15506,7482
2021.11.01,08:00,1.15506,1.15746,1.15463,1.15714,24850
2021.11.01,12:00,1.15713,1.15790,1.15609,1.15767,26435
2021.11.01,16:00,1.15767,1.15932,1.15648,1.15910,25737
2021.11.01,20:00,1.15913,1.16082,1.15876,1.16058,10229
2021.11.02,00:00,1.16021,1.16058,1.15946,1.15962,6973
2021.11.02,04:00,1.15962,1.16076,1.15943,1.16031,7748
2021.11.02,08:00,1.16032,1.16127,1.15865,1.15876,20957
2021.11.02,12:00,1.15876,1.16069,1.15852,1.16064,29354
2021.11.02,16:00,1.16064,1.16068,1.15744,1.15771,30688
2021.11.02,20:00,1.15772,1.15845,1.15762,1.15784,8500
2021.11.03,00:00,1.15774,1.15814,1.15738,1.15791,3195
2021.11.03,04:00,1.15790,1.15866,1.15766,1.15827,4279
2021.11.03,08:00,1.15828,1.15884,1.15777,1.15848,11186
2021.11.03,12:00,1.15848,1.15970,1.15766,1.15829,25348
2021.11.03,16:00,1.15829,1.15852,1.15615,1.15819,31428
2021.11.03,20:00,1.15819,1.16155,1.15713,1.16117,49101
2021.11.04,00:00,1.16106,1.16156,1.16044,1.16116,4922
2021.11.04,04:00,1.16117,1.16118,1.15900,1.15900,6965
2021.11.04,08:00,1.15899,1.15913,1.15481,1.15520,20087
2021.11.04,12:00,1.15521,1.15621,1.15418,1.15615,32574
2021.11.04,16:00,1.15615,1.15723,1.15275,1.15431,36487
2021.11.04,20:00,1.15430,1.15572,1.15420,1.15535,12222
2021.11.05,00:00,1.15503,1.15563,1.15464,1.15506,7757
2021.11.05,04:00,1.15507,1.15568,1.15402,1.15567,8228
2021.11.05,08:00,1.15566,1.15622,1.15464,1.15485,15526
2021.11.05,12:00,1.15485,1.15486,1.15126,1.15137,34306
2021.11.05,16:00,1.15136,1.15658,1.15126,1.15629,36987
2021.11.05,20:00,1.15627,1.15726,1.15475,1.15665,13313
2021.11.08,00:00,1.15597,1.15692,1.15557,1.15599,7027
2021.11.08,04:00,1.15598,1.15626,1.15524,1.15605,6998
2021.11.08,08:00,1.15604,1.15732,1.15497,1.15696,15958
2021.11.08,12:00,1.15696,1.15794,1.15543,1.15754,21158
2021.11.08,16:00,1.15755,1.15942,1.15634,1.15904,25635
2021.11.08,20:00,1.15902,1.15914,1.15819,1.15883,8173
2021.11.09,00:00,1.15882,1.15907,1.15784,1.15801,4995
2021.11.09,04:00,1.15801,1.15986,1.15763,1.15961,11031
2021.11.09,08:00,1.15961,1.16057,1.15794,1.15888,16585
2021.11.09,12:00,1.15890,1.15977,1.15706,1.15713,21986
2021.11.09,16:00,1.15715,1.16083,1.15690,1.15865,37331
2021.11.09,20:00,1.15865,1.15976,1.15855,1.15949,13234
2021.11.10,00:00,1.15948,1.15959,1.15899,1.15904,4604
2021.11.10,04:00,1.15904,1.15944,1.15808,1.15834,7188
2021.11.10,08:00,1.15833,1.15844,1.15570,1.15629,15149
2021.11.10,12:00,1.15629,1.15814,1.15443,1.15575,24497
2021.11.10,16:00,1.15576,1.15737,1.15104,1.15186,52932
2021.11.10,20:00,1.15185,1.15187,1.14769,1.14770,26898
2021.11.11,00:00,1.14771,1.14869,1.14748,1.14793,6506
2021.11.11,04:00,1.14793,1.14838,1.14639,1.14796,7900
2021.11.11,08:00,1.14795,1.14842,1.14531,1.14708,14023
2021.11.11,12:00,1.14707,1.14742,1.14533,1.14622,24980
2021.11.11,16:00,1.14621,1.14763,1.14550,1.14624,21661
2021.11.11,20:00,1.14625,1.14656,1.14422,1.14463,7608
2021.11.12,00:00,1.14464,1.14504,1.14398,1.14402,5367
2021.11.12,04:00,1.14402,1.14425,1.14354,1.14409,7343
2021.11.12,08:00,1.14410,1.14553,1.14383,1.14533,14404
2021.11.12,12:00,1.14533,1.14545,1.14366,1.14468,21990
2021.11.12,16:00,1.14470,1.14614,1.14321,1.14416,28971
2021.11.12,20:00,1.14417,1.14511,1.14403,1.14454,9780
2021.11.13,00:00,1.14455,1.14460,1.14407,1.14424,1197
2021.11.15,00:00,1.14446,1.14460,1.14402,1.14450,3731
2021.11.15,04:00,1.14452,1.14632,1.14419,1.14547,7183
2021.11.15,08:00,1.14548,1.14623,1.14360,1.14480,14270
2021.11.15,12:00,1.14479,1.14558,1.14395,1.14400,20191
2021.11.15,16:00,1.14401,1.14473,1.14142,1.14203,25752
2021.11.15,20:00,1.14204,1.14204,1.13556,1.13593,17410
2021.11.16,00:00,1.13594,1.13777,1.13588,1.13727,6913
2021.11.16,04:00,1.13727,1.13849,1.13705,1.13831,9535
2021.11.16,08:00,1.13830,1.13838,1.13674,1.13742,14363
2021.11.16,12:00,1.13741,1.13742,1.13506,1.13615,21131
2021.11.16,16:00,1.13615,1.13741,1.13290,1.13332,38310
2021.11.16,20:00,1.13331,1.13349,1.13111,1.13120,14064
2021.11.17,00:00,1.13121,1.13225,1.13083,1.13214,7185
2021.11.17,04:00,1.13215,1.13259,1.12628,1.12973,16183
2021.11.17,08:00,1.12973,1.13202,1.12909,1.13167,21449
2021.11.17,12:00,1.13167,1.13314,1.13063,1.13161,21223
2021.11.17,16:00,1.13160,1.13216,1.12926,1.13199,29902
2021.11.17,20:00,1.13200,1.13260,1.13104,1.13219,13924
2021.11.18,00:00,1.13218,1.13256,1.13148,1.13225,6429
2021.11.18,04:00,1.13224,1.13372,1.13177,1.13244,10898
2021.11.18,08:00,1.13243,1.13389,1.13130,1.13330,15499
2021.11.18,12:00,1.13329,1.13477,1.13233,1.13391,18958
2021.11.18,16:00,1.13390,1.13585,1.13261,1.13578,29843
2021.11.18,20:00,1.13577,1.13733,1.13569,1.13719,10091
2021.11.19,00:00,1.13719,1.13731,1.13617,1.13638,4487
2021.11.19,04:00,1.13640,1.13646,1.13512,1.13514,7148
2021.11.19,08:00,1.13514,1.13597,1.13224,1.13229,14275
2021.11.19,12:00,1.13228,1.13228,1.12516,1.12565,44892
2021.11.19,16:00,1.12565,1.13215,1.12492,1.13175,44920
2021.11.19,20:00,1.13174,1.13189,1.12847,1.12876,17535
2021.11.20,00:00,1.12874,1.12892,1.12797,1.12797,1627
2021.11.22,00:00,1.12876,1.12884,1.12710,1.12798,5525
2021.11.22,04:00,1.12797,1.12890,1.12642,1.12774,13176
2021.11.22,08:00,1.12774,1.12780,1.12592,1.12643,21160
2021.11.22,12:00,1.12643,1.12896,1.12641,1.12756,26169
2021.11.22,16:00,1.12755,1.12799,1.12353,1.12608,42920
2021.11.22,20:00,1.12607,1.12610,1.12299,1.12356,13085
2021.11.23,00:00,1.12357,1.12430,1.12323,1.12396,4864
2021.11.23,04:00,1.12395,1.12430,1.12253,1.12351,7646
2021.11.23,08:00,1.12351,1.12682,1.12308,1.12663,28140
2021.11.23,12:00,1.12664,1.12742,1.12334,1.12399,31478
2021.11.23,16:00,1.12398,1.12705,1.12393,1.12630,38334
2021.11.23,20:00,1.12632,1.12659,1.12454,1.12494,13042
2021.11.24,00:00,1.12488,1.12514,1.12398,1.12411,4662
2021.11.24,04:00,1.12412,1.12450,1.12319,1.12419,11930
2021.11.24,08:00,1.12419,1.12544,1.12190,1.12216,21255
2021.11.24,12:00,1.12216,1.12349,1.12025,1.12067,30073
2021.11.24,16:00,1.12067,1.12151,1.11853,1.11946,49652
2021.11.24,20:00,1.11948,1.12046,1.11876,1.12043,13222
2021.11.25,00:00,1.12043,1.12107,1.11947,1.12097,3914
2021.11.25,04:00,1.12097,1.12173,1.12050,1.12135,5987
2021.11.25,08:00,1.12135,1.12255,1.12092,1.12246,10745
2021.11.25,12:00,1.12247,1.12288,1.12142,1.12149,16710
2021.11.25,16:00,1.12150,1.12259,1.12068,1.12112,13366
2021.11.25,20:00,1.12113,1.12117,1.12047,1.12069,11309
2021.11.26,00:00,1.12069,1.12241,1.12038,1.12172,9390
2021.11.26,04:00,1.12172,1.12265,1.12115,1.12200,15901
2021.11.26,08:00,1.12199,1.12782,1.12199,1.12473,39610
2021.11.26,12:00,1.12473,1.12946,1.12465,1.12910,49066
2021.11.26,16:00,1.12911,1.13205,1.12776,1.13005,54225
2021.11.26,20:00,1.13006,1.13226,1.12898,1.13225,19621
2021.11.27,00:00,1.13225,1.13298,1.13042,1.13042,1079
2021.11.29,00:00,1.13030,1.13175,1.12799,1.12886,11702
2021.11.29,04:00,1.12886,1.12894,1.12723,1.12723,13069
2021.11.29,08:00,1.12722,1.12843,1.12594,1.12756,26313
2021.11.29,12:00,1.12755,1.12941,1.12745,1.12788,26968
2021.11.29,16:00,1.12786,1.12836,1.12576,1.12614,37129
2021.11.29,20:00,1.12615,1.12811,1.12579,1.12784,12571
2021.11.30,00:00,1.12782,1.12997,1.12780,1.12888,8351
2021.11.30,04:00,1.12888,1.13041,1.12865,1.12956,8991
2021.11.30,08:00,1.12955,1.13505,1.12948,1.13481,36941
2021.11.30,12:00,1.13480,1.13720,1.13404,1.13538,31228
2021.11.30,16:00,1.13537,1.13821,1.12343,1.12868,69705
2021.11.30,20:00,1.12867,1.13413,1.12785,1.13408,32211
2021.12.01,00:00,1.13408,1.13447,1.13274,1.13308,8583
2021.12.01,04:00,1.13308,1.13323,1.13157,1.13310,12789
2021.12.01,08:00,1.13312,1.13590,1.13017,1.13078,29288
2021.12.01,12:00,1.13078,1.13388,1.13072,1.13124,29297
2021.12.01,16:00,1.13125,1.13571,1.13101,1.13229,45265
2021.12.01,20:00,1.13228,1.13291,1.13083,1.13101,20371
2021.12.02,00:00,1.13100,1.13230,1.13098,1.13148,6251
2021.12.02,04:00,1.13149,1.13385,1.13149,1.13218,10378
2021.12.02,08:00,1.13219,1.13267,1.13064,1.13242,18541
2021.12.02,12:00,1.13243,1.13470,1.13123,1.13416,27464
2021.12.02,16:00,1.13420,1.13467,1.13044,1.13071,39544
2021.12.02,20:00,1.13072,1.13093,1.12945,1.12976,18742
2021.12.03,00:00,1.12979,1.13067,1.12968,1.13004,5028
2021.12.03,04:00,1.13005,1.13015,1.12899,1.12968,11055
2021.12.03,08:00,1.12968,1.13016,1.12810,1.12902,17214
2021.12.03,12:00,1.12901,1.13154,1.12848,1.12957,23647
2021.12.03,16:00,1.12958,1.13327,1.12658,1.13082,74724
2021.12.03,20:00,1.13083,1.13264,1.13004,1.13084,22131
2021.12.04,00:00,1.13082,1.13106,1.13049,1.13059,1342
2021.12.06,00:00,1.13052,1.13103,1.12903,1.12926,5500
2021.12.06,04:00,1.12925,1.12958,1.12869,1.12871,9040
2021.12.06,08:00,1.12872,1.12925,1.12739,1.12920,12829
2021.12.06,12:00,1.12920,1.13095,1.12843,1.12909,21510
2021.12.06,16:00,1.12909,1.13070,1.12658,1.12810,31268
2021.12.06,20:00,1.12809,1.12845,1.12719,1.12820,11771
2021.12.07,00:00,1.12821,1.12864,1.12784,1.12790,4740
2021.12.07,04:00,1.12790,1.12922,1.12750,1.12874,7972
2021.12.07,08:00,1.12873,1.12976,1.12733,1.12742,15934
2021.12.07,12:00,1.12743,1.12775,1.12502,1.12517,24961
2021.12.07,16:00,1.12517,1.12587,1.12268,1.12463,31204
2021.12.07,20:00,1.12465,1.12670,1.12407,1.12668,10875
2021.12.08,00:00,1.12667,1.12768,1.12613,1.12731,4508
2021.12.08,04:00,1.12733,1.12929,1.12723,1.12898,7478
2021.12.08,08:00,1.12897,1.12949,1.12777,1.12825,15388
2021.12.08,12:00,1.12824,1.13017,1.12659,1.12903,36294
2021.12.08,16:00,1.12903,1.13382,1.12871,1.13276,38508
2021.12.08,20:00,1.13277,1.13540,1.13276,1.13478,11378
2021.12.09,00:00,1.13476,1.13490,1.13358,1.13389,6209
2021.12.09,04:00,1.13389,1.13389,1.13286,1.13353,6663
2021.12.09,08:00,1.13353,1.13353,1.13158,1.13216,15480
2021.12.09,12:00,1.13216,1.13230,1.13060,1.13089,21156
2021.12.09,16:00,1.13089,1.13199,1.12777,1.12845,30018
2021.12.09,20:00,1.12845,1.12947,1.12815,1.12938,11949
2021.12.10,00:00,1.12935,1.12975,1.12866,1.12881,4429
2021.12.10,04:00,1.12883,1.13009,1.12861,1.12983,6893
2021.12.10,08:00,1.12982,1.13020,1.12837,1.12849,16595
2021.12.10,12:00,1.12850,1.12875,1.12643,1.12786,17716
2021.12.10,16:00,1.12785,1.13233,1.12659,1.13114,45439
2021.12.10,20:00,1.13116,1.13220,1.13091,1.13164,9578
2021.12.11,00:00,1.13163,1.13187,1.13140,1.13157,1314
2021.12.13,00:00,1.13089,1.13185,1.13031,1.13075,4500
2021.12.13,04:00,1.13076,1.13123,1.12915,1.12940,6186
2021.12.13,08:00,1.12939,1.12990,1.12734,1.12736,12170
2021.12.13,12:00,1.12735,1.12872,1.12593,1.12754,19655
2021.12.13,16:00,1.12755,1.12971,1.12724,1.12962,26419
2021.12.13,20:00,1.12963,1.13066,1.12816,1.12834,8615
2021.12.14,00:00,1.12831,1.12867,1.12729,1.12769,6534
2021.12.14,04:00,1.12770,1.12830,1.12706,1.12767,8297
2021.12.14,08:00,1.12767,1.12831,1.12655,1.12817,12895
2021.12.14,12:00,1.12816,1.13231,1.12777,1.13086,24651
2021.12.14,16:00,1.13087,1.13166,1.12641,1.12656,26981
2021.12.14,20:00,1.12656,1.12759,1.12529,1.12534,8575
2021.12.15,00:00,1.12534,1.12674,1.12530,1.12643,5004
2021.12.15,04:00,1.12643,1.12691,1.12568,1.12633,6308
2021.12.15,08:00,1.12632,1.12759,1.12620,1.12716,13602
2021.12.15,12:00,1.12716,1.12764,1.12596,1.12625,15799
2021.12.15,16:00,1.12626,1.12737,1.12473,1.12591,31079
2021.12.15,20:00,1.12590,1.12985,1.12209,1.12870,53998
2021.12.16,00:00,1.12869,1.12981,1.12806,1.12823,6416
2021.12.16,04:00,1.12824,1.12899,1.12812,1.12857,8462
2021.12.16,08:00,1.12857,1.13183,1.12828,1.13169,16585
2021.12.16,12:00,1.13170,1.13428,1.12898,1.13272,31149
2021.12.16,16:00,1.13271,1.13595,1.12977,1.13095,46151
2021.12.16,20:00,1.13094,1.13358,1.13017,1.13326,10759
2021.12.17,00:00,1.13325,1.13346,1.13255,1.13279,6561
2021.12.17,04:00,1.13279,1.13352,1.13196,1.13347,8690
2021.12.17,08:00,1.13347,1.13481,1.13165,1.13348,17070
2021.12.17,12:00,1.13348,1.13390,1.13108,1.13297,23716
2021.12.17,16:00,1.13299,1.13320,1.12660,1.12760,30042
2021.12.17,20:00,1.12761,1.12761,1.12360,1.12361,13157
2021.12.18,00:00,1.12362,1.12425,1.12343,1.12356,2183
2021.12.20,00:00,1.12389,1.12494,1.12338,1.12491,4932
2021.12.20,04:00,1.12492,1.12505,1.12358,1.12485,10334
2021.12.20,08:00,1.12484,1.12698,1.12463,1.12667,19850
2021.12.20,12:00,1.12668,1.12760,1.12490,1.12678,25271
2021.12.20,16:00,1.12678,1.13029,1.12676,1.12956,33788
2021.12.20,20:00,1.12955,1.12983,1.12712,1.12771,12388
2021.12.21,00:00,1.12769,1.12814,1.12722,1.12773,4896
2021.12.21,04:00,1.12773,1.12862,1.12731,1.12797,7927
2021.12.21,08:00,1.12798,1.13018,1.12753,1.12997,16414
2021.12.21,12:00,1.12997,1.13019,1.12751,1.12936,19061
2021.12.21,16:00,1.12935,1.13007,1.12600,1.12698,29374
2021.12.21,20:00,1.12697,1.12825,1.12633,1.12818,10752
2021.12.22,00:00,1.12818,1.12886,1.12749,1.12815,5055
2021.12.22,04:00,1.12818,1.12932,1.12699,1.12729,6526
2021.12.22,08:00,1.12729,1.12755,1.12635,1.12723,14968
2021.12.22,12:00,1.12723,1.13098,1.12702,1.13030,19887
2021.12.22,16:00,1.13031,1.13414,1.12972,1.13238,24630
2021.12.22,20:00,1.13237,1.13380,1.13219,1.13374,7757
2021.12.23,00:00,1.13373,1.13393,1.13151,1.13364,7503
2021.12.23,04:00,1.13364,1.13414,1.13332,1.13386,5026
2021.12.23,08:00,1.13385,1.13412,1.13110,1.13135,9776
2021.12.23,12:00,1.13136,1.13298,1.13023,1.13063,19878
2021.12.23,16:00,1.13063,1.13275,1.12893,1.13189,27494
2021.12.23,20:00,1.13191,1.13371,1.13174,1.13334,7558
2021.12.24,00:00,1.13333,1.13344,1.13201,1.13249,11013
2021.12.24,04:00,1.13248,1.13337,1.13223,1.13333,9165
2021.12.24,08:00,1.13335,1.13405,1.13258,1.13353,8565
2021.12.24,12:00,1.13353,1.13427,1.13124,1.13206,13673
2021.12.24,16:00,1.13206,1.13324,1.13063,1.13099,41930
2021.12.24,20:00,1.13100,1.13234,1.13022,1.13095,23450
2021.12.25,00:00,1.13094,1.13218,1.13040,1.13040,2120
2021.12.27,00:00,1.13104,1.13256,1.13038,1.13173,3176
2021.12.27,04:00,1.13170,1.13242,1.13155,1.13180,5683
2021.12.27,08:00,1.13179,1.13337,1.13095,1.13114,9060
2021.12.27,12:00,1.13115,1.13223,1.13021,1.13130,14045
2021.12.27,16:00,1.13129,1.13309,1.13052,1.13276,17328
2021.12.27,20:00,1.13276,1.13296,1.13210,1.13268,6115
2021.12.28,00:00,1.13271,1.13304,1.13207,1.13299,3753
2021.12.28,04:00,1.13299,1.13306,1.13174,1.13262,5235
2021.12.28,08:00,1.13262,1.13302,1.13149,1.13225,9266
2021.12.28,12:00,1.13225,1.13326,1.13200,1.13274,12062
2021.12.28,16:00,1.13277,1.13318,1.12888,1.13126,21209
2021.12.28,20:00,1.13127,1.13201,1.12983,1.13108,7817
2021.12.29,00:00,1.13109,1.13146,1.13053,1.13093,5573
2021.12.29,04:00,1.13094,1.13110,1.12967,1.13034,6022
2021.12.29,08:00,1.13033,1.13065,1.12808,1.12858,9907
2021.12.29,12:00,1.12859,1.13025,1.12728,1.12961,18614
2021.12.29,16:00,1.12964,1.13681,1.12955,1.13360,32330
2021.12.29,20:00,1.13359,1.13493,1.13338,1.13475,8423
2021.12.30,00:00,1.13478,1.13592,1.13420,1.13506,4385
2021.12.30,04:00,1.13505,1.13506,1.13312,1.13319,4767
2021.12.30,08:00,1.13319,1.13321,1.12995,1.13009,10963
2021.12.30,12:00,1.13009,1.13438,1.12990,1.13423,17028
2021.12.30,16:00,1.13422,1.13428,1.12976,1.13161,27936
2021.12.30,20:00,1.13160,1.13295,1.13031,1.13185,7605
2021.12.31,00:00,1.13186,1.13268,1.13183,1.13260,4161
2021.12.31,04:00,1.13261,1.13280,1.13136,1.13167,3201
2021.12.31,08:00,1.13167,1.13248,1.13024,1.13176,7600
2021.12.31,12:00,1.13177,1.13355,1.13113,1.13245,16773
2021.12.31,16:00,1.13245,1.13526,1.13185,1.13474,6545
2022.01.03,00:00,1.13653,1.13777,1.13603,1.13612,4429
2022.01.03,04:00,1.13612,1.13644,1.13380,1.13397,6697
2022.01.03,08:00,1.13398,1.13494,1.13343,1.13457,12218
2022.01.03,12:00,1.13457,1.13654,1.13349,1.13580,22149
2022.01.03,16:00,1.13581,1.13635,1.12822,1.12880,37991
2022.01.03,20:00,1.12880,1.12995,1.12790,1.12957,10421
2022.01.04,00:00,1.12957,1.13060,1.12923,1.13050,7024
2022.01.04,04:00,1.13051,1.13086,1.12948,1.12999,9063
2022.01.04,08:00,1.13000,1.13064,1.12826,1.12888,14732
2022.01.04,12:00,1.12888,1.13073,1.12714,1.12722,27067
2022.01.04,16:00,1.12724,1.13218,1.12722,1.12937,35394
2022.01.04,20:00,1.12937,1.12953,1.12773,1.12837,10730
2022.01.05,00:00,1.12838,1.12877,1.12762,1.12765,4721
2022.01.05,04:00,1.12766,1.12960,1.12766,1.12881,8069
2022.01.05,08:00,1.12882,1.13103,1.12866,1.13021,13035
2022.01.05,12:00,1.13022,1.13254,1.12992,1.13070,25014
2022.01.05,16:00,1.13070,1.13433,1.13024,1.13333,32055
2022.01.05,20:00,1.13333,1.13457,1.13014,1.13104,20097
2022.01.06,00:00,1.13103,1.13143,1.13068,1.13074,4667
2022.01.06,04:00,1.13075,1.13198,1.13042,1.13115,9291
2022.01.06,08:00,1.13116,1.13116,1.12838,1.12929,17741
2022.01.06,12:00,1.12930,1.13262,1.12878,1.13124,25421
2022.01.06,16:00,1.13125,1.13311,1.12894,1.13064,41157
2022.01.06,20:00,1.13064,1.13085,1.12855,1.12905,13058
2022.01.07,00:00,1.12905,1.12991,1.12865,1.12950,5271
2022.01.07,04:00,1.12951,1.13025,1.12944,1.12999,6454
2022.01.07,08:00,1.12999,1.13145,1.12974,1.13113,11877
2022.01.07,12:00,1.13114,1.13184,1.12954,1.12965,16998
2022.01.07,16:00,1.12967,1.13563,1.12915,1.13557,48158
2022.01.07,20:00,1.13556,1.13640,1.13486,1.13606,10569
2022.01.08,00:00,1.13603,1.13614,1.13577,1.13605,1453
2022.01.10,00:00,1.13574,1.13599,1.13489,1.13543,4980
2022.01.10,04:00,1.13542,1.13558,1.13325,1.13334,4903
2022.01.10,08:00,1.13334,1.13356,1.13198,1.13348,15747
2022.01.10,12:00,1.13349,1.13437,1.13108,1.13155,25387
2022.01.10,16:00,1.13153,1.13280,1.12842,1.13267,32776
2022.01.10,20:00,1.13268,1.13341,1.13192,1.13252,13695
2022.01.11,00:00,1.13252,1.13340,1.13221,1.13322,5856
2022.01.11,04:00,1.13320,1.13429,1.13316,1.13400,8724
2022.01.11,08:00,1.13401,1.13509,1.13308,1.13484,16616
2022.01.11,12:00,1.13485,1.13512,1.13252,1.13304,24222
2022.01.11,16:00,1.13303,1.13680,1.13121,1.13612,29048
2022.01.11,20:00,1.13611,1.13746,1.13513,1.13648,10096
2022.01.12,00:00,1.13647,1.13726,1.13642,1.13701,4204
2022.01.12,04:00,1.13700,1.13747,1.13635,1.13719,5808
2022.01.12,08:00,1.13718,1.13772,1.13543,1.13661,12974
2022.01.12,12:00,1.13660,1.13727,1.13538,1.13626,19673
2022.01.12,16:00,1.13626,1.14312,1.13606,1.14307,41829
2022.01.12,20:00,1.14308,1.14521,1.14278,1.14490,11092
2022.01.13,00:00,1.14491,1.14496,1.14385,1.14405,5148
2022.01.13,04:00,1.14406,1.14466,1.14350,1.14415,7869
2022.01.13,08:00,1.14415,1.14775,1.14376,1.14655,17478
2022.01.13,12:00,1.14657,1.14768,1.14524,1.14577,25455
2022.01.13,16:00,1.14577,1.14810,1.14464,1.14645,31743
2022.01.13,20:00,1.14645,1.14665,1.14500,1.14513,10495
2022.01.14,00:00,1.14512,1.14587,1.14502,1.14556,6184
2022.01.14,04:00,1.14556,1.14759,1.14555,1.14729,12235
2022.01.14,08:00,1.14730,1.14822,1.14594,1.14674,18402
2022.01.14,12:00,1.14673,1.14681,1.14412,1.14428,22028
2022.01.14,16:00,1.14429,1.14543,1.14083,1.14135,43283
2022.01.14,20:00,1.14134,1.14171,1.13978,1.14141,11081
2022.01.15,00:00,1.14141,1.14161,1.14115,1.14141,2032
2022.01.17,00:00,1.14128,1.14155,1.14027,1.14068,5424
2022.01.17,04:00,1.14068,1.14206,1.13994,1.14182,7440
2022.01.17,08:00,1.14183,1.14336,1.14112,1.14276,11804
2022.01.17,12:00,1.14276,1.14322,1.13944,1.13956,19639
2022.01.17,16:00,1.13959,1.14139,1.13910,1.14088,19262
2022.01.17,20:00,1.14089,1.14151,1.14040,1.14060,3665
2022.01.18,00:00,1.14058,1.14182,1.14036,1.14182,4479
2022.01.18,04:00,1.14181,1.14207,1.13843,1.14008,15245
2022.01.18,08:00,1.14007,1.14050,1.13863,1.13939,24278
2022.01.18,12:00,1.13940,1.14004,1.13806,1.13810,26792
2022.01.18,16:00,1.13811,1.13821,1.13258,1.13335,39956
2022.01.18,20:00,1.13336,1.13347,1.13140,1.13165,17050
2022.01.19,00:00,1.13166,1.13297,1.13161,1.13284,7327
2022.01.19,04:00,1.13285,1.13308,1.13182,1.13293,10898
2022.01.19,08:00,1.13293,1.13420,1.13263,1.13325,19336
2022.01.19,12:00,1.13324,1.13492,1.13310,1.13334,19663
2022.01.19,16:00,1.13337,1.13564,1.13333,1.13444,30183
2022.01.19,20:00,1.13445,1.13540,1.13394,1.13451,10739
2022.01.20,00:00,1.13450,1.13513,1.13395,1.13503,6087
2022.01.20,04:00,1.13501,1.13646,1.13477,1.13499,12331
2022.01.20,08:00,1.13500,1.13682,1.13447,1.13540,16265
2022.01.20,12:00,1.13539,1.13561,1.13304,1.13382,20062
2022.01.20,16:00,1.13381,1.13572,1.13279,1.13346,32167
2022.01.20,20:00,1.13347,1.13409,1.13023,1.13032,10772
2022.01.21,00:00,1.13032,1.13162,1.13014,1.13030,9907
2022.01.21,04:00,1.13031,1.13344,1.13001,1.13236,13001
2022.01.21,08:00,1.13237,1.13394,1.13217,1.13350,19010
2022.01.21,12:00,1.13351,1.13446,1.13249,1.13374,19692
2022.01.21,16:00,1.13372,1.13590,1.13361,1.13448,31986
2022.01.21,20:00,1.13447,1.13492,1.13376,1.13404,11528
2022.01.22,00:00,1.13405,1.13447,1.13384,1.13429,2034
2022.01.24,00:00,1.13398,1.13442,1.13318,1.13378,5845
2022.01.24,04:00,1.13377,1.13387,1.13266,1.13289,7248
2022.01.24,08:00,1.13290,1.13314,1.13093,1.13207,19215
2022.01.24,12:00,1.13207,1.13356,1.12960,1.12968,27106
2022.01.24,16:00,1.12967,1.13241,1.12897,1.13099,38909
2022.01.24,20:00,1.13098,1.13344,1.13087,1.13199,14798
2022.01.25,00:00,1.13198,1.13284,1.13165,1.13192,7643
2022.01.25,04:00,1.13189,1.13227,1.13082,1.13111,9229
2022.01.25,08:00,1.13111,1.13150,1.12911,1.12969,17399
2022.01.25,12:00,1.12969,1.12995,1.12656,1.12669,22334
2022.01.25,16:00,1.12669,1.12863,1.12624,1.12836,29951
2022.01.25,20:00,1.12835,1.13062,1.12813,1.13036,10778
2022.01.26,00:00,1.13037,1.13052,1.12936,1.13025,7705
2022.01.26,04:00,1.13024,1.13099,1.12999,1.13009,6895
2022.01.26,08:00,1.13009,1.13046,1.12836,1.12873,13343
2022.01.26,12:00,1.12871,1.12907,1.12744,1.12755,18378
2022.01.26,16:00,1.12756,1.12956,1.12709,1.12782,23586
2022.01.26,20:00,1.12781,1.13000,1.12346,1.12396,49006
2022.01.27,00:00,1.12395,1.12432,1.12313,1.12331,10985
2022.01.27,04:00,1.12331,1.12338,1.12179,1.12215,13011
2022.01.27,08:00,1.12215,1.12215,1.11923,1.12003,22839
2022.01.27,12:00,1.12002,1.12029,1.11514,1.11565,31016
2022.01.27,16:00,1.11565,1.11614,1.11307,1.11415,46895
2022.01.27,20:00,1.11417,1.11508,1.11349,1.11418,17399
2022.01.28,00:00,1.11417,1.11466,1.11373,1.11460,7869
2022.01.28,04:00,1.11460,1.11550,1.11425,1.11512,9662
2022.01.28,08:00,1.11512,1.11544,1.11205,1.11354,21543
2022.01.28,12:00,1.11355,1.11430,1.11246,1.11260,26806
2022.01.28,16:00,1.11260,1.11729,1.11260,1.11598,46429
2022.01.28,20:00,1.11598,1.11627,1.11404,1.11494,13518
2022.01.29,00:00,1.11495,1.11505,1.11450,1.11463,1257
2022.01.31,00:00,1.11431,1.11535,1.11375,1.11443,7202
2022.01.31,04:00,1.11444,1.11630,1.11439,1.11609,12339
2022.01.31,08:00,1.11609,1.11817,1.11600,1.11698,18907
2022.01.31,12:00,1.11699,1.11812,1.11455,1.11556,25927
2022.01.31,16:00,1.11556,1.12171,1.11518,1.12094,44055
2022.01.31,20:00,1.12095,1.12471,1.12086,1.12345,15740
2022.02.01,00:00,1.12345,1.12347,1.12201,1.12232,6463
2022.02.01,04:00,1.12231,1.12440,1.12208,1.12423,9742
2022.02.01,08:00,1.12423,1.12688,1.12335,1.12564,19315
2022.02.01,12:00,1.12563,1.12779,1.12528,1.12607,25410
2022.02.01,16:00,1.12607,1.12736,1.12336,1.12383,39631
2022.02.01,20:00,1.12384,1.12699,1.12352,1.12681,11867
2022.02.02,00:00,1.12679,1.12740,1.12651,1.12703,6559
2022.02.02,04:00,1.12703,1.12772,1.12699,1.12738,6133
2022.02.02,08:00,1.12739,1.12935,1.12658,1.12887,15175
2022.02.02,12:00,1.12888,1.13278,1.12777,1.13241,24701
2022.02.02,16:00,1.13241,1.13296,1.12918,1.12986,30019
2022.02.02,20:00,1.12985,1.13135,1.12975,1.13047,9497
2022.02.03,00:00,1.13043,1.13073,1.12942,1.12955,5756
2022.02.03,04:00,1.12956,1.13076,1.12924,1.12961,7148
2022.02.03,08:00,1.12962,1.13018,1.12873,1.12945,15172
2022.02.03,12:00,1.12944,1.12977,1.12665,1.12908,30838
2022.02.03,16:00,1.12908,1.14507,1.12785,1.14250,85305
2022.02.03,20:00,1.14250,1.14491,1.14190,1.14297,20453
2022.02.04,00:00,1.14297,1.14454,1.14284,1.14450,7787
2022.02.04,04:00,1.14450,1.14710,1.14440,1.14652,12100
2022.02.04,08:00,1.14653,1.14679,1.14390,1.14594,23763
2022.02.04,12:00,1.14593,1.14830,1.14486,1.14644,32652
2022.02.04,16:00,1.14647,1.14674,1.14108,1.14512,64643
2022.02.04,20:00,1.14512,1.14633,1.14469,1.14542,13860
2022.02.05,00:00,1.14542,1.14549,1.14483,1.14501,1113
2022.02.07,00:00,1.14569,1.14622,1.14496,1.14521,5692
2022.02.07,04:00,1.14521,1.14531,1.14240,1.14379,11191
2022.02.07,08:00,1.14380,1.14486,1.14248,1.14331,21523
2022.02.07,12:00,1.14332,1.14581,1.14143,1.14544,26031
2022.02.07,16:00,1.14543,1.14559,1.14195,1.14334,40401
2022.02.07,20:00,1.14334,1.14432,1.14164,1.14376,10484
2022.02.08,00:00,1.14377,1.14429,1.14326,1.14419,6124
2022.02.08,04:00,1.14419,1.14480,1.14209,1.14230,9672
2022.02.08,08:00,1.14230,1.14244,1.13955,1.14042,22349
2022.02.08,12:00,1.14043,1.14327,1.13974,1.14172,24981
2022.02.08,16:00,1.14172,1.14231,1.13996,1.14140,30783
2022.02.08,20:00,1.14142,1.14232,1.14008,1.14179,12109
2022.02.09,00:00,1.14178,1.14227,1.14114,1.14126,5303
2022.02.09,04:00,1.14126,1.14318,1.14115,1.14260,7900
2022.02.09,08:00,1.14260,1.14270,1.14018,1.14214,15226
2022.02.09,12:00,1.14214,1.14441,1.14171,1.14367,20604
2022.02.09,16:00,1.14368,1.14452,1.14247,1.14336,29459
2022.02.09,20:00,1.14337,1.14473,1.14194,1.14245,14868
2022.02.10,00:00,1.14244,1.14266,1.14124,1.14166,6029
2022.02.10,04:00,1.14166,1.14308,1.14163,1.14243,6473
2022.02.10,08:00,1.14243,1.14328,1.14187,1.14325,12244
2022.02.10,12:00,1.14324,1.14456,1.14292,1.14355,19777
2022.02.10,16:00,1.14356,1.14942,1.13742,1.14882,72820
2022.02.10,20:00,1.14881,1.14881,1.14304,1.14306,38678
2022.02.11,00:00,1.14305,1.14325,1.13850,1.13988,14707
2022.02.11,04:00,1.13989,1.14061,1.13741,1.13802,10510
2022.02.11,08:00,1.13802,1.13971,1.13693,1.13923,23124
2022.02.11,12:00,1.13923,1.14141,1.13815,1.14053,26761
2022.02.11,16:00,1.14053,1.14173,1.13794,1.14040,41782
2022.02.11,20:00,1.14040,1.14070,1.13289,1.13410,71886
2022.02.12,00:00,1.13408,1.13508,1.13395,1.13446,3053
2022.02.14,00:00,1.13386,1.13685,1.13372,1.13616,14182
2022.02.14,04:00,1.13616,1.13642,1.13398,1.13445,14006
2022.02.14,08:00,1.13445,1.13515,1.13031,1.13084,26410
2022.02.14,12:00,1.13084,1.13416,1.13001,1.13263,35282
2022.02.14,16:00,1.13263,1.13303,1.12909,1.13054,57396
2022.02.14,20:00,1.13053,1.13135,1.12793,1.12933,32112
2022.02.15,00:00,1.12934,1.13124,1.12933,1.13111,6598
2022.02.15,04:00,1.13111,1.13218,1.13077,1.13185,9992
2022.02.15,08:00,1.13183,1.13483,1.13085,1.13452,27081
2022.02.15,12:00,1.13451,1.13530,1.13351,1.13398,33463
2022.02.15,16:00,1.13398,1.13675,1.13194,1.13618,44014
2022.02.15,20:00,1.13620,1.13636,1.13453,1.13578,12828
2022.02.16,00:00,1.13576,1.13597,1.13535,1.13564,5580
2022.02.16,04:00,1.13564,1.13564,1.13442,1.13470,7677
2022.02.16,08:00,1.13471,1.13945,1.13470,1.13889,17544
2022.02.16,12:00,1.13891,1.13891,1.13636,1.13647,27830
2022.02.16,16:00,1.13648,1.13802,1.13523,1.13799,36020
2022.02.16,20:00,1.13799,1.13950,1.13694,1.13810,24926
2022.02.17,00:00,1.13811,1.13838,1.13662,1.13789,8603
2022.02.17,04:00,1.13788,1.13842,1.13225,1.13415,26204
2022.02.17,08:00,1.13415,1.13853,1.13415,1.13574,38088
2022.02.17,12:00,1.13575,1.13786,1.13421,1.13770,33179
2022.02.17,16:00,1.13769,1.13781,1.13498,1.13619,54931
2022.02.17,20:00,1.13620,1.13690,1.13560,1.13590,14671
2022.02.18,00:00,1.13589,1.13689,1.13561,1.13587,7511
2022.02.18,04:00,1.13590,1.13705,1.13571,1.13630,12279
2022.02.18,08:00,1.13634,1.13762,1.13605,1.13747,15304
2022.02.18,12:00,1.13749,1.13762,1.13460,1.13594,20859
2022.02.18,16:00,1.13595,1.13610,1.13139,1.13250,44023
2022.02.18,20:00,1.13251,1.13350,1.13138,1.13237,18295
2022.02.19,00:00,1.13238,1.13285,1.13207,1.13222,1682
2022.02.21,00:00,1.13182,1.13349,1.13124,1.13318,8951
2022.02.21,04:00,1.13318,1.13672,1.13273,1.13614,11735
2022.02.21,08:00,1.13613,1.13899,1.13553,1.13559,15780
2022.02.21,12:00,1.13559,1.13675,1.13322,1.13336,20623
2022.02.21,16:00,1.13335,1.13462,1.13200,1.13456,23111
2022.02.21,20:00,1.13457,1.13485,1.13059,1.13139,9112
2022.02.22,00:00,1.13140,1.13191,1.12956,1.13130,9524
2022.02.22,04:00,1.13130,1.13153,1.12872,1.12979,16525
2022.02.22,08:00,1.12978,1.13272,1.12919,1.13249,31576
2022.02.22,12:00,1.13249,1.13661,1.13139,1.13501,42519
2022.02.22,16:00,1.13501,1.13533,1.13300,1.13426,37833
2022.02.22,20:00,1.13425,1.13425,1.13214,1.13236,20569
2022.02.23,00:00,1.13234,1.13348,1.13234,1.13326,4935
2022.02.23,04:00,1.13325,1.13381,1.13193,1.13248,7230
2022.02.23,08:00,1.13248,1.13466,1.13152,1.13466,15530
2022.02.23,12:00,1.13465,1.13583,1.13362,1.13368,23740
2022.02.23,16:00,1.13368,1.13515,1.13052,1.13133,29703
2022.02.23,20:00,1.13133,1.13177,1.13004,1.13045,12185
2022.02.24,00:00,1.13044,1.13079,1.12743,1.12754,9139
2022.02.24,04:00,1.12756,1.12935,1.12078,1.12445,42949
2022.02.24,08:00,1.12446,1.12616,1.12201,1.12389,62512
2022.02.24,12:00,1.12390,1.12497,1.11543,1.11696,70899
2022.02.24,16:00,1.11696,1.11794,1.11056,1.11493,75616
2022.02.24,20:00,1.11494,1.12204,1.11401,1.11987,58445
2022.02.25,00:00,1.11988,1.12087,1.11856,1.12007,9783
2022.02.25,04:00,1.12010,1.12278,1.11890,1.12208,20488
2022.02.25,08:00,1.12207,1.12250,1.11693,1.11767,33426
2022.02.25,12:00,1.11765,1.12361,1.11652,1.12204,47733
2022.02.25,16:00,1.12206,1.12663,1.12112,1.12583,57374
2022.02.25,20:00,1.12583,1.12704,1.12343,1.12649,22103
2022.02.26,00:00,1.12650,1.12734,1.12639,1.12707,2329
2022.02.28,00:00,1.11325,1.11937,1.11300,1.11811,34174
2022.02.28,04:00,1.11812,1.11853,1.11414,1.11451,32408
2022.02.28,08:00,1.11450,1.11993,1.11439,1.11780,48589
2022.02.28,12:00,1.11780,1.12313,1.11643,1.11919,53312
2022.02.28,16:00,1.11919,1.12457,1.11785,1.12237,61245
2022.02.28,20:00,1.12235,1.12277,1.11966,1.12096,25558
2022.03.01,00:00,1.12096,1.12202,1.12047,1.12050,7975
2022.03.01,04:00,1.12050,1.12097,1.11900,1.11957,11589
2022.03.01,08:00,1.11956,1.12323,1.11930,1.12259,32023
2022.03.01,12:00,1.12258,1.12289,1.11552,1.11594,69822
2022.03.01,16:00,1.11594,1.11693,1.10984,1.11024,79356
2022.03.01,20:00,1.11025,1.11342,1.10890,1.11298,49282
2022.03.02,00:00,1.11297,1.11371,1.11168,1.11257,11984
2022.03.02,04:00,1.11257,1.11349,1.11104,1.11221,14001
2022.03.02,08:00,1.11221,1.11223,1.10787,1.10847,52204
2022.03.02,12:00,1.10847,1.11175,1.10581,1.11164,70036
2022.03.02,16:00,1.11163,1.11429,1.10568,1.11018,102936
2022.03.02,20:00,1.11019,1.11334,1.10781,1.11265,35388
2022.03.03,00:00,1.11264,1.11284,1.11000,1.11015,17407
2022.03.03,04:00,1.11016,1.11060,1.10894,1.10972,15040
2022.03.03,08:00,1.10971,1.11056,1.10817,1.10904,26452
2022.03.03,12:00,1.10905,1.10962,1.10710,1.10746,37545
2022.03.03,16:00,1.10746,1.10943,1.10370,1.10535,64866
2022.03.03,20:00,1.10536,1.10670,1.10329,1.10623,37082
2022.03.04,00:00,1.10621,1.10671,1.10093,1.10118,24493
2022.03.04,04:00,1.10118,1.10512,1.10106,1.10347,46424
2022.03.04,08:00,1.10348,1.10386,1.10077,1.10112,32997
2022.03.04,12:00,1.10111,1.10234,1.09336,1.09364,50708
2022.03.04,16:00,1.09365,1.09440,1.08849,1.09077,86576
2022.03.04,20:00,1.09078,1.09361,1.09074,1.09336,34438
2022.03.05,00:00,1.09335,1.09394,1.09245,1.09294,4931
2022.03.07,00:00,1.09266,1.09280,1.08618,1.08618,31190
2022.03.07,04:00,1.08617,1.08856,1.08208,1.08787,54478
2022.03.07,08:00,1.08787,1.08971,1.08531,1.08618,74523
2022.03.07,12:00,1.08618,1.09245,1.08051,1.08868,100956
2022.03.07,16:00,1.08870,1.09313,1.08477,1.08591,113982
2022.03.07,20:00,1.08593,1.08996,1.08448,1.08696,58125
2022.03.08,00:00,1.08693,1.08709,1.08483,1.08565,13996
2022.03.08,04:00,1.08566,1.08841,1.08524,1.08692,27941
2022.03.08,08:00,1.08691,1.09212,1.08505,1.08959,86109
2022.03.08,12:00,1.08958,1.09203,1.08646,1.09047,86883
2022.03.08,16:00,1.09047,1.09237,1.08712,1.08798,106070
2022.03.08,20:00,1.08799,1.09576,1.08768,1.09058,96803
2022.03.09,00:00,1.09059,1.09139,1.08893,1.09132,13387
2022.03.09,04:00,1.09134,1.09195,1.09044,1.09161,22251
2022.03.09,08:00,1.09161,1.09553,1.09086,1.09487,43637
2022.03.09,12:00,1.09488,1.09918,1.09391,1.09847,64916
2022.03.09,16:00,1.09847,1.10909,1.09826,1.10696,91779
2022.03.09,20:00,1.10697,1.10945,1.10609,1.10698,38576
2022.03.10,00:00,1.10697,1.10781,1.10463,1.10533,15549
2022.03.10,04:00,1.10533,1.10619,1.10410,1.10531,18526
2022.03.10,08:00,1.10532,1.10712,1.10254,1.10318,41464
2022.03.10,12:00,1.10319,1.11204,1.10247,1.10976,108054
2022.03.10,16:00,1.10977,1.11069,1.09794,1.10059,121773
2022.03.10,20:00,1.10059,1.10079,1.09756,1.09766,26780
2022.03.11,00:00,1.09765,1.10182,1.09753,1.09973,14651
2022.03.11,04:00,1.09974,1.10096,1.09798,1.10005,20844
2022.03.11,08:00,1.10006,1.10080,1.09650,1.09774,45237
2022.03.11,12:00,1.09773,1.10427,1.09594,1.09856,83749
2022.03.11,16:00,1.09857,1.10102,1.09279,1.09352,88201
2022.03.11,20:00,1.09351,1.09359,1.09013,1.09099,30380
2022.03.12,00:00,1.09098,1.09160,1.09079,1.09104,5136
2022.03.14,00:00,1.09192,1.09381,1.09076,1.09283,18921
2022.03.14,04:00,1.09284,1.09369,1.08999,1.09164,27655
2022.03.14,08:00,1.09164,1.09592,1.09078,1.09557,40485
2022.03.14,12:00,1.09557,1.09889,1.09391,1.09569,55845
2022.03.14,16:00,1.09569,1.09931,1.09342,1.09733,52443
2022.03.14,20:00,1.09734,1.09786,1.09383,1.09394,25897
2022.03.15,00:00,1.09455,1.09546,1.09255,1.09496,13948
2022.03.15,04:00,1.09496,1.09847,1.09369,1.09817,31887
2022.03.15,08:00,1.09817,1.10191,1.09661,1.10030,60719
2022.03.15,12:00,1.10029,1.10070,1.09772,1.09898,45742
2022.03.15,16:00,1.09897,1.09990,1.09374,1.09507,65284
2022.03.15,20:00,1.09508,1.09543,1.09254,1.09531,23822
2022.03.16,00:00,1.09528,1.09733,1.09473,1.09562,13267
2022.03.16,04:00,1.09561,1.09766,1.09552,1.09670,18028
2022.03.16,08:00,1.09670,1.10043,1.09551,1.09899,43958
2022.03.16,12:00,1.09899,1.10239,1.09796,1.09885,57424
2022.03.16,16:00,1.09884,1.10393,1.09847,1.10001,73905
2022.03.16,20:00,1.09999,1.10459,1.09493,1.10336,95124
2022.03.17,00:00,1.10329,1.10515,1.10069,1.10505,15905
2022.03.17,04:00,1.10505,1.10513,1.10290,1.10337,23056
2022.03.17,08:00,1.10337,1.10663,1.10213,1.10525,31420
2022.03.17,12:00,1.10524,1.10638,1.10223,1.10450,59057
2022.03.17,16:00,1.10449,1.11326,1.10435,1.11302,43029
2022.03.17,20:00,1.11301,1.11367,1.10888,1.10902,18077
2022.03.18,00:00,1.10904,1.11180,1.10882,1.10990,14583
2022.03.18,04:00,1.10991,1.11029,1.10758,1.10761,16248
2022.03.18,08:00,1.10762,1.10936,1.10546,1.10669,29758
2022.03.18,12:00,1.10669,1.10710,1.10145,1.10197,41907
2022.03.18,16:00,1.10196,1.10715,1.10023,1.10599,60775
2022.03.18,20:00,1.10598,1.10633,1.10416,1.10500,16954
2022.03.21,00:00,1.10562,1.10580,1.10369,1.10445,9182
2022.03.21,04:00,1.10445,1.10530,1.10400,1.10403,7978
2022.03.21,08:00,1.10403,1.10619,1.10339,1.10555,27070
2022.03.21,12:00,1.10556,1.10694,1.10248,1.10331,36654
2022.03.21,16:00,1.10332,1.10516,1.10255,1.10412,42412
2022.03.21,20:00,1.10412,1.10429,1.10094,1.10160,27308
2022.03.22,00:00,1.10154,1.10250,1.09803,1.09857,12064
2022.03.22,04:00,1.09857,1.10044,1.09831,1.09846,20883
2022.03.22,08:00,1.09845,1.10108,1.09601,1.10066,40942
2022.03.22,12:00,1.10066,1.10337,1.09865,1.10148,54801
2022.03.22,16:00,1.10149,1.10450,1.10106,1.10170,44323
2022.03.22,20:00,1.10171,1.10322,1.10139,1.10294,13604
2022.03.23,00:00,1.10240,1.10432,1.10201,1.10246,14108
2022.03.23,04:00,1.10246,1.10340,1.10204,1.10268,15560
2022.03.23,08:00,1.10268,1.10391,1.10097,1.10156,22107
2022.03.23,12:00,1.10156,1.10168,1.09742,1.09859,39250
2022.03.23,16:00,1.09859,1.10063,1.09632,1.10013,40413
2022.03.23,20:00,1.10014,1.10110,1.09966,1.10049,11656
2022.03.24,00:00,1.10072,1.10130,1.10003,1.10018,10861
2022.03.24,04:00,1.10020,1.10025,1.09797,1.09848,16593
2022.03.24,08:00,1.09847,1.10000,1.09715,1.09767,27779
2022.03.24,12:00,1.09766,1.10004,1.09715,1.09824,38445
2022.03.24,16:00,1.09824,1.10127,1.09652,1.09850,46440
2022.03.24,20:00,1.09851,1.10051,1.09817,1.09962,15110
2022.03.25,00:00,1.09957,1.10105,1.09934,1.10082,10698
2022.03.25,04:00,1.10081,1.10371,1.10072,1.10312,22901
2022.03.25,08:00,1.10313,1.10333,1.10103,1.10152,20958
2022.03.25,12:00,1.10152,1.10215,1.09999,1.10024,29017
2022.03.25,16:00,1.10027,1.10238,1.09802,1.09869,51963
2022.03.25,20:00,1.09869,1.09959,1.09812,1.09818,18346
2022.03.28,00:00,1.09853,1.09862,1.09666,1.09701,10828
2022.03.28,04:00,1.09700,1.09741,1.09497,1.09534,26218
2022.03.28,08:00,1.09534,1.09985,1.09440,1.09900,45060
2022.03.28,12:00,1.09900,1.09927,1.09504,1.09558,51018
2022.03.28,16:00,1.09558,1.09987,1.09458,1.09934,42283
2022.03.28,20:00,1.09933,1.09985,1.09739,1.09855,15326
2022.03.29,00:00,1.09797,1.09972,1.09685,1.09728,19613
2022.03.29,04:00,1.09728,1.09966,1.09724,1.09845,23039
2022.03.29,08:00,1.09846,1.10174,1.09783,1.09842,33869
2022.03.29,12:00,1.09841,1.11282,1.09744,1.11120,103060
2022.03.29,16:00,1.11121,1.11363,1.10772,1.10794,82675
2022.03.29,20:00,1.10794,1.10935,1.10708,1.10853,17536
2022.03.30,00:00,1.10854,1.10984,1.10792,1.10967,19346
2022.03.30,04:00,1.10968,1.11205,1.10962,1.11100,35505
2022.03.30,08:00,1.11099,1.11558,1.11048,1.11554,48686
2022.03.30,12:00,1.11555,1.11610,1.11110,1.11241,52561
2022.03.30,16:00,1.11241,1.11704,1.11188,1.11565,51950
2022.03.30,20:00,1.11564,1.11619,1.11470,1.11571,13417
2022.03.31,00:00,1.11559,1.11741,1.11541,1.11732,18517
2022.03.31,04:00,1.11731,1.11841,1.11568,1.11598,20354
2022.03.31,08:00,1.11597,1.11749,1.11119,1.11286,40048
2022.03.31,12:00,1.11286,1.11311,1.10872,1.11013,44622
2022.03.31,16:00,1.11014,1.11321,1.10676,1.10809,73792
2022.03.31,20:00,1.10809,1.10929,1.10601,1.10652,20506
2022.04.01,00:00,1.10633,1.10755,1.10588,1.10665,14039
2022.04.01,04:00,1.10665,1.10724,1.10608,1.10630,17682
2022.04.01,08:00,1.10631,1.10752,1.10423,1.10600,42499
2022.04.01,12:00,1.10599,1.10671,1.10357,1.10432,43390
2022.04.01,16:00,1.10432,1.10530,1.10272,1.10394,35677
2022.04.01,20:00,1.10395,1.10518,1.10321,1.10479,16449
2022.04.04,00:00,1.10382,1.10531,1.10366,1.10484,10193
2022.04.04,04:00,1.10484,1.10537,1.10429,1.10472,11592
2022.04.04,08:00,1.10473,1.10531,1.10186,1.10216,29107
2022.04.04,12:00,1.10215,1.10314,1.09951,1.09985,25539
2022.04.04,16:00,1.09984,1.10021,1.09736,1.09741,28105
2022.04.04,20:00,1.09740,1.09763,1.09597,1.09713,13747
2022.04.05,00:00,1.09710,1.09791,1.09696,1.09753,9548
2022.04.05,04:00,1.09753,1.09761,1.09615,1.09634,11549
2022.04.05,08:00,1.09635,1.09880,1.09613,1.09670,24243
2022.04.05,12:00,1.09669,1.09845,1.09554,1.09633,28694
2022.04.05,16:00,1.09634,1.09748,1.09114,1.09135,40490
2022.04.05,20:00,1.09136,1.09204,1.08993,1.09047,11189
2022.04.06,00:00,1.09037,1.09074,1.08934,1.08937,9423
2022.04.06,04:00,1.08938,1.09025,1.08901,1.08960,17760
2022.04.06,08:00,1.08960,1.09262,1.08738,1.09227,37275
2022.04.06,12:00,1.09226,1.09372,1.08986,1.09324,38220
2022.04.06,16:00,1.09325,1.09365,1.09020,1.09074,34539
2022.04.06,20:00,1.09073,1.09282,1.08781,1.08955,55539
2022.04.07,00:00,1.08911,1.09115,1.08907,1.09111,11745
2022.04.07,04:00,1.09111,1.09152,1.09035,1.09135,13750
2022.04.07,08:00,1.09134,1.09334,1.08748,1.08772,27018
2022.04.07,12:00,1.08770,1.09260,1.08641,1.09127,52224
2022.04.07,16:00,1.09130,1.09377,1.08758,1.08763,47309
2022.04.07,20:00,1.08764,1.08916,1.08668,1.08792,18968
2022.04.08,00:00,1.08755,1.08814,1.08570,1.08614,17226
2022.04.08,04:00,1.08613,1.08690,1.08539,1.08540,15523
2022.04.08,08:00,1.08539,1.08786,1.08473,1.08662,25117
2022.04.08,12:00,1.08661,1.08910,1.08493,1.08522,30075
2022.04.08,16:00,1.08523,1.08808,1.08356,1.08716,37254
2022.04.08,20:00,1.08719,1.08844,1.08643,1.08751,12435
2022.04.11,00:00,1.09006,1.09129,1.08796,1.08872,18929
2022.04.11,04:00,1.08873,1.08940,1.08744,1.08843,17055
2022.04.11,08:00,1.08843,1.09184,1.08733,1.09064,31969
2022.04.11,12:00,1.09065,1.09325,1.08916,1.09044,30055
2022.04.11,16:00,1.09043,1.09052,1.08720,1.08770,30645
2022.04.11,20:00,1.08771,1.08939,1.08768,1.08827,14047
2022.04.12,00:00,1.08829,1.08865,1.08703,1.08737,13039
2022.04.12,04:00,1.08737,1.08824,1.08657,1.08786,12497
2022.04.12,08:00,1.08787,1.08812,1.08526,1.08614,26858
2022.04.12,12:00,1.08613,1.09030,1.08502,1.08951,45812
2022.04.12,16:00,1.08950,1.09024,1.08313,1.08409,58991
2022.04.12,20:00,1.08408,1.08440,1.08204,1.08251,16111
2022.04.13,00:00,1.08263,1.08305,1.08108,1.08150,10750
2022.04.13,04:00,1.08151,1.08400,1.08137,1.08326,14566
2022.04.13,08:00,1.08327,1.08441,1.08144,1.08363,25712
2022.04.13,12:00,1.08361,1.08471,1.08144,1.08173,33408
2022.04.13,16:00,1.08173,1.08934,1.08081,1.08813,46479
2022.04.13,20:00,1.08814,1.08920,1.08709,1.08909,18165
2022.04.14,00:00,1.08827,1.08991,1.08821,1.08839,12350
2022.04.14,04:00,1.08840,1.09122,1.08820,1.09114,13663
2022.04.14,08:00,1.09115,1.09226,1.09022,1.09076,21833
2022.04.14,12:00,1.09075,1.09169,1.08429,1.08467,55525
2022.04.14,16:00,1.08468,1.08482,1.07566,1.08154,93265
2022.04.14,20:00,1.08153,1.08341,1.08082,1.08286,16246
2022.04.15,00:00,1.08277,1.08296,1.07968,1.08074,21555
2022.04.15,04:00,1.08071,1.08145,1.07958,1.08043,27230
2022.04.15,08:00,1.08043,1.08227,1.08029,1.08180,7361
2022.04.15,12:00,1.08176,1.08188,1.08041,1.08119,23289
2022.04.15,16:00,1.08118,1.08126,1.08034,1.08041,9741
2022.04.15,20:00,1.08042,1.08137,1.08036,1.08106,4727
2022.04.18,00:00,1.08031,1.08209,1.07927,1.08001,16086
2022.04.18,04:00,1.08001,1.08112,1.07886,1.07917,16416
2022.04.18,08:00,1.07919,1.08028,1.07826,1.07910,10819
2022.04.18,12:00,1.07911,1.08137,1.07888,1.08042,13500
2022.04.18,16:00,1.08041,1.08100,1.07692,1.07720,18991
2022.04.18,20:00,1.07719,1.07857,1.07708,1.07801,7633
2022.04.19,00:00,1.07760,1.07872,1.07723,1.07782,13753
2022.04.19,04:00,1.07783,1.07836,1.07603,1.07713,18242
2022.04.19,08:00,1.07712,1.08137,1.07659,1.08099,26753
2022.04.19,12:00,1.08100,1.08104,1.07838,1.07930,27574
2022.04.19,16:00,1.07930,1.08077,1.07812,1.07957,38266
2022.04.19,20:00,1.07957,1.08026,1.07815,1.07879,13315
2022.04.20,00:00,1.07867,1.07982,1.07832,1.07957,15443
2022.04.20,04:00,1.07956,1.08219,1.07833,1.08195,24119
2022.04.20,08:00,1.08194,1.08405,1.08051,1.08390,19114
2022.04.20,12:00,1.08391,1.08661,1.08198,1.08283,37351
2022.04.20,16:00,1.08284,1.08654,1.08213,1.08422,38207
2022.04.20,20:00,1.08421,1.08567,1.08390,1.08534,14887
2022.04.21,00:00,1.08490,1.08544,1.08304,1.08350,14571
2022.04.21,04:00,1.08349,1.08430,1.08228,1.08316,14707
2022.04.21,08:00,1.08315,1.09356,1.08310,1.09204,38608
2022.04.21,12:00,1.09205,1.09245,1.08738,1.08902,33211
2022.04.21,16:00,1.08902,1.08953,1.08322,1.08427,41199
2022.04.21,20:00,1.08427,1.08575,1.08298,1.08312,30651
2022.04.22,00:00,1.08333,1.08421,1.08313,1.08365,16647
2022.04.22,04:00,1.08366,1.08498,1.08302,1.08449,13894
2022.04.22,08:00,1.08450,1.08508,1.07896,1.07972,35090
2022.04.22,12:00,1.07975,1.08244,1.07915,1.08186,26801
2022.04.22,16:00,1.08187,1.08440,1.07699,1.07785,47607
2022.04.22,20:00,1.07784,1.08012,1.07777,1.07952,18217
2022.04.25,00:00,1.07990,1.08137,1.07952,1.08015,15825
2022.04.25,04:00,1.08016,1.08038,1.07716,1.07736,18327
2022.04.25,08:00,1.07737,1.07780,1.07062,1.07443,48360
2022.04.25,12:00,1.07442,1.07574,1.07190,1.07419,60227
2022.04.25,16:00,1.07419,1.07428,1.06961,1.07145,58828
2022.04.25,20:00,1.07144,1.07181,1.07039,1.07109,20224
2022.04.26,00:00,1.07108,1.07308,1.07062,1.07298,12486
2022.04.26,04:00,1.07297,1.07379,1.07200,1.07273,17951
2022.04.26,08:00,1.07274,1.07338,1.06720,1.06802,33710
2022.04.26,12:00,1.06801,1.06967,1.06688,1.06781,29321
2022.04.26,16:00,1.06782,1.06846,1.06412,1.06584,45546
2022.04.26,20:00,1.06584,1.06608,1.06350,1.06364,21266
2022.04.27,00:00,1.06359,1.06472,1.06341,1.06427,12283
2022.04.27,04:00,1.06427,1.06526,1.06332,1.06491,17059
2022.04.27,08:00,1.06490,1.06540,1.05848,1.05880,40397
2022.04.27,12:00,1.05880,1.06220,1.05444,1.05546,52562
2022.04.27,16:00,1.05545,1.05704,1.05137,1.05620,56238
2022.04.27,20:00,1.05621,1.05716,1.05529,1.05576,21016
2022.04.28,00:00,1.05565,1.05603,1.05300,1.05377,11811
2022.04.28,04:00,1.05376,1.05528,1.05081,1.05168,24054
2022.04.28,08:00,1.05167,1.05640,1.04807,1.05152,55450
2022.04.28,12:00,1.05151,1.05378,1.04704,1.04845,58971
2022.04.28,16:00,1.04846,1.05305,1.04808,1.05119,61819
2022.04.28,20:00,1.05119,1.05151,1.04964,1.04982,17560
2022.04.29,00:00,1.04976,1.05165,1.04903,1.05150,12000
2022.04.29,04:00,1.05151,1.05290,1.05044,1.05160,16208
2022.04.29,08:00,1.05159,1.05921,1.05158,1.05683,35302
2022.04.29,12:00,1.05684,1.05796,1.05090,1.05307,50187
2022.04.29,16:00,1.05306,1.05586,1.05178,1.05485,56439
2022.04.29,20:00,1.05484,1.05781,1.05405,1.05414,26056
2022.05.02,00:00,1.05433,1.05523,1.05258,1.05285,23375
2022.05.02,04:00,1.05286,1.05327,1.05162,1.05179,16005
2022.05.02,08:00,1.05179,1.05677,1.05095,1.05280,27017
2022.05.02,12:00,1.05281,1.05322,1.05076,1.05098,24577
2022.05.02,16:00,1.05099,1.05409,1.05016,1.05082,41047
2022.05.02,20:00,1.05083,1.05106,1.04895,1.05065,18227
2022.05.03,00:00,1.05024,1.05252,1.04994,1.05245,9722
2022.05.03,04:00,1.05245,1.05258,1.05011,1.05011,14656
2022.05.03,08:00,1.05011,1.05272,1.04936,1.04994,30267
2022.05.03,12:00,1.04994,1.05769,1.04915,1.05668,40503
2022.05.03,16:00,1.05667,1.05714,1.05108,1.05149,39966
2022.05.03,20:00,1.05150,1.05397,1.05118,1.05182,17117
2022.05.04,00:00,1.05195,1.05333,1.05176,1.05237,8152
2022.05.04,04:00,1.05238,1.05324,1.05134,1.05160,10008
2022.05.04,08:00,1.05159,1.05337,1.05054,1.05213,23349
2022.05.04,12:00,1.05212,1.05548,1.05139,1.05524,29282
2022.05.04,16:00,1.05524,1.05634,1.05239,1.05482,35028
2022.05.04,20:00,1.05481,1.06302,1.05125,1.06213,113212
2022.05.05,00:00,1.06175,1.06269,1.06029,1.06130,20352
2022.05.05,04:00,1.06131,1.06411,1.06089,1.06115,32564
2022.05.05,08:00,1.06115,1.06184,1.05807,1.05996,36907
2022.05.05,12:00,1.05994,1.06070,1.05448,1.05524,58609
2022.05.05,16:00,1.05525,1.05649,1.04918,1.05103,69041
2022.05.05,20:00,1.05102,1.05501,1.05015,1.05382,37244
2022.05.06,00:00,1.05384,1.05499,1.05328,1.05404,18638
2022.05.06,04:00,1.05405,1.05448,1.05150,1.05316,30915
2022.05.06,08:00,1.05317,1.05801,1.04821,1.05567,70633
2022.05.06,12:00,1.05566,1.05980,1.05470,1.05532,75220
2022.05.06,16:00,1.05531,1.05950,1.05527,1.05684,94803
2022.05.06,20:00,1.05683,1.05739,1.05356,1.05447,33438
2022.05.09,00:00,1.05416,1.05426,1.05175,1.05187,17780
2022.05.09,04:00,1.05187,1.05259,1.05022,1.05116,26462
2022.05.09,08:00,1.05115,1.05286,1.04945,1.05068,40196
2022.05.09,12:00,1.05066,1.05727,1.05040,1.05615,54185
2022.05.09,16:00,1.05615,1.05918,1.05165,1.05728,62106
2022.05.09,20:00,1.05727,1.05749,1.05499,1.05573,33346
2022.05.10,00:00,1.05567,1.05685,1.05474,1.05583,24803
2022.05.10,04:00,1.05581,1.05802,1.05543,1.05751,27780
2022.05.10,08:00,1.05750,1.05846,1.05502,1.05716,39837
2022.05.10,12:00,1.05717,1.05752,1.05347,1.05509,46114
2022.05.10,16:00,1.05508,1.05742,1.05248,1.05332,66152
2022.05.10,20:00,1.05332,1.05407,1.05258,1.05291,24823
2022.05.11,00:00,1.05277,1.05359,1.05246,1.05306,13298
2022.05.11,04:00,1.05305,1.05426,1.05248,1.05403,20390
2022.05.11,08:00,1.05403,1.05739,1.05365,1.05674,39221
2022.05.11,12:00,1.05673,1.05750,1.05012,1.05201,65652
2022.05.11,16:00,1.05201,1.05763,1.05172,1.05300,105771
2022.05.11,20:00,1.05301,1.05349,1.05091,1.05129,40476
2022.05.12,00:00,1.05128,1.05280,1.05068,1.05234,18559
2022.05.12,04:00,1.05235,1.05286,1.05118,1.05171,27562
2022.05.12,08:00,1.05171,1.05200,1.04398,1.04400,64002
2022.05.12,12:00,1.04399,1.04455,1.03880,1.04143,64306
2022.05.12,16:00,1.04144,1.04250,1.03537,1.03571,73625
2022.05.12,20:00,1.03570,1.03819,1.03534,1.03786,26718
2022.05.13,00:00,1.03750,1.03834,1.03724,1.03799,16385
2022.05.13,04:00,1.03799,1.03971,1.03737,1.03963,23698
2022.05.13,08:00,1.03962,1.04190,1.03828,1.04075,42779
2022.05.13,12:00,1.04074,1.04082,1.03701,1.03770,39446
2022.05.13,16:00,1.03769,1.04152,1.03488,1.04080,51493
2022.05.13,20:00,1.04079,1.04151,1.03930,1.04062,15976
2022.05.16,00:00,1.03969,1.04134,1.03935,1.04093,13539
2022.05.16,04:00,1.04094,1.04163,1.03881,1.03987,32227
2022.05.16,08:00,1.03987,1.04335,1.03942,1.04323,29920
2022.05.16,12:00,1.04321,1.04376,1.04119,1.04226,28298
2022.05.16,16:00,1.04227,1.04325,1.03888,1.04242,35702
2022.05.16,20:00,1.04241,1.04422,1.04170,1.04333,11887
2022.05.17,00:00,1.04298,1.04533,1.04276,1.04463,16351
2022.05.17,04:00,1.04464,1.04493,1.04311,1.04400,14931
2022.05.17,08:00,1.04399,1.04912,1.04398,1.04897,31822
2022.05.17,12:00,1.04896,1.05548,1.04682,1.05422,53986
2022.05.17,16:00,1.05421,1.05501,1.05244,1.05422,35411
2022.05.17,20:00,1.05423,1.05539,1.05205,1.05495,52952
2022.05.18,00:00,1.05456,1.05629,1.05448,1.05542,16845
2022.05.18,04:00,1.05543,1.05563,1.05237,1.05285,19826
2022.05.18,08:00,1.05285,1.05398,1.04934,1.05069,28666
2022.05.18,12:00,1.05070,1.05284,1.05039,1.05208,33472
2022.05.18,16:00,1.05208,1.05410,1.04818,1.04865,43936
2022.05.18,20:00,1.04865,1.04875,1.04594,1.04599,20364
2022.05.19,00:00,1.04603,1.04997,1.04591,1.04868,20370
2022.05.19,04:00,1.04870,1.05060,1.04780,1.04954,23144
2022.05.19,08:00,1.04956,1.05081,1.04644,1.04957,34808
2022.05.19,12:00,1.04954,1.05442,1.04865,1.05370,52372
2022.05.19,16:00,1.05369,1.05979,1.05358,1.05926,72263
2022.05.19,20:00,1.05927,1.06063,1.05802,1.05827,25065
2022.05.20,00:00,1.05787,1.05862,1.05677,1.05756,17195
2022.05.20,04:00,1.05756,1.05806,1.05540,1.05730,17725
2022.05.20,08:00,1.05730,1.05927,1.05538,1.05766,35169
2022.05.20,12:00,1.05765,1.05981,1.05603,1.05634,32769
2022.05.20,16:00,1.05634,1.05703,1.05387,1.05481,45466
2022.05.20,20:00,1.05482,1.05667,1.05320,1.05566,24674
2022.05.23,00:00,1.05597,1.05898,1.05497,1.05822,17036
2022.05.23,04:00,1.05822,1.05940,1.05789,1.05900,14856
2022.05.23,08:00,1.05901,1.06480,1.05877,1.06451,41319
2022.05.23,12:00,1.06452,1.06868,1.06443,1.06481,47595
2022.05.23,16:00,1.06481,1.06904,1.06435,1.06765,39602
2022.05.23,20:00,1.06766,1.06966,1.06708,1.06911,13617
2022.05.24,00:00,1.06899,1.06932,1.06665,1.06685,10855
2022.05.24,04:00,1.06688,1.06745,1.06603,1.06627,10895
2022.05.24,08:00,1.06626,1.07353,1.06616,1.07038,44869
2022.05.24,12:00,1.07039,1.07272,1.06950,1.07066,36498
2022.05.24,16:00,1.07066,1.07477,1.07033,1.07301,55360
2022.05.24,20:00,1.07300,1.07380,1.07214,1.07351,18829
2022.05.25,00:00,1.07312,1.07382,1.07173,1.07221,10648
2022.05.25,04:00,1.07222,1.07226,1.07024,1.07048,18802
2022.05.25,08:00,1.07047,1.07082,1.06660,1.06692,32555
2022.05.25,12:00,1.06693,1.06785,1.06415,1.06501,42667
2022.05.25,16:00,1.06502,1.06864,1.06470,1.06539,35687
2022.05.25,20:00,1.06538,1.06938,1.06513,1.06773,40984
2022.05.26,00:00,1.06766,1.07056,1.06737,1.07036,19395
2022.05.26,04:00,1.07036,1.07049,1.06796,1.06815,21307
2022.05.26,08:00,1.06816,1.06950,1.06616,1.06818,33997
2022.05.26,12:00,1.06817,1.07223,1.06783,1.06977,38189
2022.05.26,16:00,1.06976,1.07286,1.06915,1.07049,31269
2022.05.26,20:00,1.07051,1.07307,1.07012,1.07287,13776
2022.05.27,00:00,1.07206,1.07395,1.07189,1.07392,11830
2022.05.27,04:00,1.07393,1.07644,1.07334,1.07539,19049
2022.05.27,08:00,1.07539,1.07562,1.07249,1.07297,25289
2022.05.27,12:00,1.07296,1.07307,1.06962,1.07146,36356
2022.05.27,16:00,1.07148,1.07496,1.07004,1.07096,37669
2022.05.27,20:00,1.07095,1.07340,1.07056,1.07340,11178
2022.05.30,00:00,1.07322,1.07350,1.07250,1.07290,9711
2022.05.30,04:00,1.07290,1.07593,1.07260,1.07569,14574
2022.05.30,08:00,1.07570,1.07691,1.07396,1.07624,25135
2022.05.30,12:00,1.07626,1.07797,1.07477,1.07519,23249
2022.05.30,16:00,1.07518,1.07858,1.07498,1.07856,18168
2022.05.30,20:00,1.07857,1.07862,1.07765,1.07787,4778
2022.05.31,00:00,1.07752,1.07784,1.07427,1.07448,17973
2022.05.31,04:00,1.07449,1.07569,1.07335,1.07438,24483
2022.05.31,08:00,1.07437,1.07545,1.07245,1.07266,30603
2022.05.31,12:00,1.07270,1.07380,1.06793,1.06808,60036
2022.05.31,16:00,1.06809,1.07372,1.06782,1.07305,59916
2022.05.31,20:00,1.07304,1.07460,1.07249,1.07317,16023
2022.06.01,00:00,1.07293,1.07370,1.07257,1.07272,14402
2022.06.01,04:00,1.07271,1.07277,1.07064,1.07134,19466
2022.06.01,08:00,1.07135,1.07384,1.07046,1.07172,32304
2022.06.01,12:00,1.07173,1.07277,1.07011,1.07254,30846
2022.06.01,16:00,1.07255,1.07300,1.06264,1.06384,51161
2022.06.01,20:00,1.06383,1.06599,1.06363,1.06517,15488
2022.06.02,00:00,1.06437,1.06588,1.06427,1.06557,11396
2022.06.02,04:00,1.06556,1.06576,1.06442,1.06567,17903
2022.06.02,08:00,1.06566,1.06943,1.06489,1.06836,28067
2022.06.02,12:00,1.06835,1.07153,1.06800,1.07023,32645
2022.06.02,16:00,1.07022,1.07441,1.06915,1.07436,38224
2022.06.02,20:00,1.07435,1.07493,1.07370,1.07458,10564
2022.06.03,00:00,1.07353,1.07619,1.07353,1.07585,10166
2022.06.03,04:00,1.07585,1.07636,1.07454,1.07454,9506
2022.06.03,08:00,1.07454,1.07617,1.07442,1.07527,14025
2022.06.03,12:00,1.07528,1.07549,1.07033,1.07154,40310
2022.06.03,16:00,1.07153,1.07513,1.07099,1.07281,44327
2022.06.03,20:00,1.07280,1.07287,1.07138,1.07186,10073
2022.06.06,00:00,1.07157,1.07311,1.07129,1.07157,13410
2022.06.06,04:00,1.07157,1.07272,1.07094,1.07267,14931
2022.06.06,08:00,1.07268,1.07511,1.07174,1.07501,26794
2022.06.06,12:00,1.07500,1.07504,1.07148,1.07220,23485
2022.06.06,16:00,1.07220,1.07232,1.06833,1.07000,29759
2022.06.06,20:00,1.06999,1.07023,1.06843,1.06950,17204
2022.06.07,00:00,1.06883,1.06960,1.06794,1.06836,16949
2022.06.07,04:00,1.06835,1.06993,1.06698,1.06818,26812
2022.06.07,08:00,1.06820,1.07040,1.06646,1.06785,37656
2022.06.07,12:00,1.06786,1.06909,1.06534,1.06549,35701
2022.06.07,16:00,1.06548,1.07092,1.06512,1.07003,38566
2022.06.07,20:00,1.07004,1.07135,1.06924,1.07038,10846
2022.06.08,00:00,1.07017,1.07072,1.06907,1.06924,10775
2022.06.08,04:00,1.06924,1.06951,1.06777,1.06779,19394
2022.06.08,08:00,1.06778,1.06943,1.06750,1.06784,27072
2022.06.08,12:00,1.06784,1.07401,1.06708,1.07309,42544
2022.06.08,16:00,1.07309,1.07477,1.07240,1.07277,35150
2022.06.08,20:00,1.07276,1.07278,1.07120,1.07155,11999
2022.06.09,00:00,1.07154,1.07201,1.07086,1.07115,13060
2022.06.09,04:00,1.07115,1.07329,1.07090,1.07258,15009
2022.06.09,08:00,1.07258,1.07288,1.06932,1.07146,26621
2022.06.09,12:00,1.07147,1.07731,1.06876,1.07334,85171
2022.06.09,16:00,1.07334,1.07423,1.06444,1.06516,87225
2022.06.09,20:00,1.06517,1.06542,1.06104,1.06169,22376
2022.06.10,00:00,1.06177,1.06236,1.06103,1.06230,18310
2022.06.10,04:00,1.06230,1.06346,1.06168,1.06300,13768
2022.06.10,08:00,1.06301,1.06414,1.06067,1.06139,32674
2022.06.10,12:00,1.06138,1.06170,1.05203,1.05218,64411
2022.06.10,16:00,1.05216,1.05437,1.05051,1.05159,69817
2022.06.10,20:00,1.05158,1.05327,1.05125,1.05143,20707
2022.06.13,00:00,1.05166,1.05194,1.04799,1.04842,27823
2022.06.13,04:00,1.04843,1.04934,1.04749,1.04902,27678
2022.06.13,08:00,1.04902,1.04949,1.04554,1.04745,44131
2022.06.13,12:00,1.04744,1.04809,1.04443,1.04647,58421
2022.06.13,16:00,1.04646,1.04677,1.04174,1.04363,59205
2022.06.13,20:00,1.04364,1.04576,1.03990,1.04073,52338
2022.06.14,00:00,1.04065,1.04234,1.04014,1.04220,18582
2022.06.14,04:00,1.04219,1.04353,1.03962,1.04238,31208
2022.06.14,08:00,1.04237,1.04840,1.04170,1.04649,47443
2022.06.14,12:00,1.04648,1.04676,1.04246,1.04481,63367
2022.06.14,16:00,1.04481,1.04590,1.04061,1.04196,64821
2022.06.14,20:00,1.04195,1.04425,1.03991,1.04167,28989
2022.06.15,00:00,1.04154,1.04398,1.04085,1.04341,21052
2022.06.15,04:00,1.04341,1.04508,1.04236,1.04260,27520
2022.06.15,08:00,1.04260,1.05070,1.04235,1.04930,76736
2022.06.15,12:00,1.04931,1.04970,1.04033,1.04141,85063
2022.06.15,16:00,1.04141,1.04314,1.03793,1.03810,49597
2022.06.15,20:00,1.03809,1.04689,1.03583,1.04464,151136
2022.06.16,00:00,1.04417,1.04686,1.04414,1.04521,23475
2022.06.16,04:00,1.04521,1.04581,1.04302,1.04376,30524
2022.06.16,08:00,1.04376,1.04432,1.03803,1.04088,60200
2022.06.16,12:00,1.04088,1.04359,1.03829,1.04275,103915
2022.06.16,16:00,1.04275,1.05721,1.04271,1.05594,96613
2022.06.16,20:00,1.05595,1.06005,1.05451,1.05504,49520
2022.06.17,00:00,1.05453,1.05596,1.05346,1.05401,22839
2022.06.17,04:00,1.05401,1.05420,1.05168,1.05269,41837
2022.06.17,08:00,1.05268,1.05299,1.04932,1.05193,59354
2022.06.17,12:00,1.05192,1.05352,1.04748,1.04940,58569
2022.06.17,16:00,1.04940,1.04993,1.04438,1.04668,69008
2022.06.17,20:00,1.04666,1.05020,1.04659,1.04928,27168
2022.06.20,00:00,1.04818,1.04960,1.04738,1.04925,19489
2022.06.20,04:00,1.04925,1.05297,1.04904,1.05220,30508
2022.06.20,08:00,1.05221,1.05421,1.05093,1.05237,43260
2022.06.20,12:00,1.05237,1.05451,1.05142,1.05164,35799
2022.06.20,16:00,1.05164,1.05411,1.05067,1.05224,27200
2022.06.20,20:00,1.05225,1.05225,1.04973,1.05097,7267
2022.06.21,00:00,1.05044,1.05324,1.05044,1.05319,16460
2022.06.21,04:00,1.05320,1.05416,1.05200,1.05215,19079
2022.06.21,08:00,1.05216,1.05784,1.05125,1.05776,31960
2022.06.21,12:00,1.05776,1.05818,1.05436,1.05510,50363
2022.06.21,16:00,1.05509,1.05659,1.05272,1.05334,43252
2022.06.21,20:00,1.05333,1.05398,1.05178,1.05338,14345
2022.06.22,00:00,1.05317,1.05383,1.05096,1.05118,18889
2022.06.22,04:00,1.05117,1.05147,1.04929,1.04956,25394
2022.06.22,08:00,1.04957,1.05133,1.04682,1.05070,44642
2022.06.22,12:00,1.05070,1.05347,1.05038,1.05300,53539
2022.06.22,16:00,1.05299,1.06050,1.05298,1.05742,66248
2022.06.22,20:00,1.05742,1.05836,1.05627,1.05679,16417
2022.06.23,00:00,1.05666,1.05743,1.05601,1.05732,20190
2022.06.23,04:00,1.05732,1.05802,1.05550,1.05665,33917
2022.06.23,08:00,1.05665,1.05785,1.04819,1.04928,63473
2022.06.23,12:00,1.04928,1.05211,1.04895,1.05035,56845
2022.06.23,16:00,1.05036,1.05533,1.04934,1.05075,86177
2022.06.23,20:00,1.05076,1.05329,1.05037,1.05202,26063
2022.06.24,00:00,1.05181,1.05276,1.05116,1.05159,17109
2022.06.24,04:00,1.05159,1.05424,1.05130,1.05393,24424
2022.06.24,08:00,1.05392,1.05459,1.05185,1.05434,32948
2022.06.24,12:00,1.05434,1.05540,1.05133,1.05222,40672
2022.06.24,16:00,1.05223,1.05705,1.05151,1.05459,58230
2022.06.24,20:00,1.05460,1.05587,1.05337,1.05504,13424
2022.06.27,00:00,1.05512,1.05741,1.05449,1.05550,21438
2022.06.27,04:00,1.05550,1.05660,1.05496,1.05640,27990
2022.06.27,08:00,1.05639,1.05904,1.05535,1.05832,30622
2022.06.27,12:00,1.05833,1.05881,1.05528,1.05674,37313
2022.06.27,16:00,1.05676,1.06143,1.05675,1.05967,41840
2022.06.27,20:00,1.05966,1.05984,1.05772,1.05810,16231
2022.06.28,00:00,1.05801,1.05849,1.05699,1.05753,13987
2022.06.28,04:00,1.05753,1.05858,1.05708,1.05749,25487
2022.06.28,08:00,1.05749,1.06053,1.05697,1.05913,47591
2022.06.28,12:00,1.05912,1.05963,1.05321,1.05369,44331
2022.06.28,16:00,1.05369,1.05412,1.05027,1.05224,45840
2022.06.28,20:00,1.05223,1.05338,1.05162,1.05198,15269
2022.06.29,00:00,1.05188,1.05305,1.05170,1.05203,14899
2022.06.29,04:00,1.05202,1.05346,1.05002,1.05036,25366
2022.06.29,08:00,1.05038,1.05199,1.04852,1.05095,48184
2022.06.29,12:00,1.05096,1.05343,1.05041,1.05203,53966
2022.06.29,16:00,1.05204,1.05256,1.04436,1.04449,53311
2022.06.29,20:00,1.04448,1.04530,1.04346,1.04404,14169
2022.06.30,00:00,1.04407,1.04466,1.04363,1.04413,18861
2022.06.30,04:00,1.04413,1.04567,1.04323,1.04527,22841
2022.06.30,08:00,1.04527,1.04680,1.04292,1.04406,60155
2022.06.30,12:00,1.04405,1.04419,1.03817,1.03970,54934
2022.06.30,16:00,1.03970,1.04846,1.03969,1.04818,59751
2022.06.30,20:00,1.04818,1.04878,1.04669,1.04825,19662
2022.07.01,00:00,1.04815,1.04845,1.04658,1.04706,17981
2022.07.01,04:00,1.04705,1.04730,1.04464,1.04531,32478
2022.07.01,08:00,1.04531,1.04696,1.04320,1.04578,52547
2022.07.01,12:00,1.04579,1.04733,1.04058,1.04059,53043
2022.07.01,16:00,1.04058,1.04192,1.03650,1.04007,61871
2022.07.01,20:00,1.04007,1.04322,1.03925,1.04257,18572
2022.07.04,00:00,1.04170,1.04436,1.04132,1.04331,21354
2022.07.04,04:00,1.04332,1.04391,1.04237,1.04268,23283
2022.07.04,08:00,1.04268,1.04381,1.04199,1.04368,30662
2022.07.04,12:00,1.04369,1.04621,1.04343,1.04502,34797
2022.07.04,16:00,1.04503,1.04568,1.04164,1.04226,19753
2022.07.04,20:00,1.04228,1.04244,1.04175,1.04218,4400
2022.07.05,00:00,1.04168,1.04358,1.04168,1.04330,17520
2022.07.05,04:00,1.04330,1.04374,1.04225,1.04370,25351
2022.07.05,08:00,1.04370,1.04480,1.03049,1.03062,57081
2022.07.05,12:00,1.03066,1.03240,1.02795,1.02911,71432
2022.07.05,16:00,1.02910,1.02927,1.02344,1.02442,56807
2022.07.05,20:00,1.02444,1.02703,1.02390,1.02633,17130
2022.07.06,00:00,1.02649,1.02710,1.02532,1.02655,14727
2022.07.06,04:00,1.02656,1.02706,1.02387,1.02464,25120
2022.07.06,08:00,1.02463,1.02758,1.02254,1.02437,52295
2022.07.06,12:00,1.02437,1.02437,1.01653,1.01862,66504
2022.07.06,16:00,1.01862,1.02004,1.01608,1.01723,61080
2022.07.06,20:00,1.01724,1.01982,1.01714,1.01826,31653
2022.07.07,00:00,1.01802,1.01882,1.01754,1.01863,15036
2022.07.07,04:00,1.01863,1.02092,1.01798,1.02008,28219
2022.07.07,08:00,1.02009,1.02204,1.01812,1.01975,42186
2022.07.07,12:00,1.01973,1.02168,1.01687,1.01694,57859
2022.07.07,16:00,1.01694,1.01928,1.01501,1.01543,45595
2022.07.07,20:00,1.01544,1.01675,1.01434,1.01604,13099
2022.07.08,00:00,1.01602,1.01864,1.01591,1.01859,13484
2022.07.08,04:00,1.01859,1.01905,1.01390,1.01538,36106
2022.07.08,08:00,1.01537,1.01692,1.00712,1.01128,58364
2022.07.08,12:00,1.01127,1.01679,1.01042,1.01421,66272
2022.07.08,16:00,1.01421,1.01897,1.01335,1.01666,62544
2022.07.08,20:00,1.01667,1.01853,1.01628,1.01852,11836
2022.07.11,00:00,1.01730,1.01827,1.01524,1.01537,21764
2022.07.11,04:00,1.01537,1.01554,1.01342,1.01504,22937
2022.07.11,08:00,1.01503,1.01512,1.01049,1.01178,34986
2022.07.11,12:00,1.01179,1.01247,1.00740,1.00801,44154
2022.07.11,16:00,1.00802,1.00923,1.00516,1.00631,49195
2022.07.11,20:00,1.00630,1.00726,1.00329,1.00400,20162
2022.07.12,00:00,1.00349,1.00545,1.00324,1.00393,19422
2022.07.12,04:00,1.00394,1.00409,1.00055,1.00145,44501
2022.07.12,08:00,1.00144,1.00384,1.00011,1.00097,55743
2022.07.12,12:00,1.00096,1.00685,0.99991,1.00524,67335
2022.07.12,16:00,1.00524,1.00730,1.00325,1.00615,54388
2022.07.12,20:00,1.00612,1.00636,1.00309,1.00354,21118
2022.07.13,00:00,1.00354,1.00387,1.00245,1.00294,18197
2022.07.13,04:00,1.00294,1.00463,1.00220,1.00349,34231
2022.07.13,08:00,1.00350,1.00521,1.00054,1.00360,60630
2022.07.13,12:00,1.00359,1.00989,0.99996,1.00197,67763
2022.07.13,16:00,1.00197,1.01213,1.00080,1.00815,94623
2022.07.13,20:00,1.00816,1.00866,1.00530,1.00568,31488
2022.07.14,00:00,1.00538,1.00583,1.00203,1.00212,21619
2022.07.14,04:00,1.00213,1.00395,1.00130,1.00221,39018
2022.07.14,08:00,1.00222,1.00456,1.00045,1.00194,59991
2022.07.14,12:00,1.00194,1.00497,1.00013,1.00014,67862
2022.07.14,16:00,1.00014,1.00470,0.99514,0.99897,88131
2022.07.14,20:00,0.99899,1.00369,0.99897,1.00196,32911
2022.07.15,00:00,1.00149,1.00269,1.00104,1.00184,20055
2022.07.15,04:00,1.00184,1.00405,1.00169,1.00298,26527
2022.07.15,08:00,1.00295,1.00348,1.00060,1.00302,44742
2022.07.15,12:00,1.00302,1.00758,1.00276,1.00715,58425
2022.07.15,16:00,1.00715,1.00972,1.00404,1.00803,72644
2022.07.15,20:00,1.00804,1.00930,1.00717,1.00849,16911
2022.07.18,00:00,1.00824,1.00979,1.00778,1.00909,15508
2022.07.18,04:00,1.00909,1.01137,1.00862,1.00906,25301
2022.07.18,08:00,1.00907,1.01485,1.00805,1.01298,54275
2022.07.18,12:00,1.01299,1.01745,1.01188,1.01360,43635
2022.07.18,16:00,1.01359,1.02005,1.01234,1.01664,59727
2022.07.18,20:00,1.01664,1.01766,1.01402,1.01429,28718
2022.07.19,00:00,1.01383,1.01477,1.01279,1.01282,15959
2022.07.19,04:00,1.01281,1.01427,1.01188,1.01273,27762
2022.07.19,08:00,1.01273,1.02526,1.01265,1.02432,78209
2022.07.19,12:00,1.02432,1.02684,1.02193,1.02284,75731
2022.07.19,16:00,1.02283,1.02640,1.02277,1.02396,81403
2022.07.19,20:00,1.02397,1.02432,1.02205,1.02248,27555
2022.07.20,00:00,1.02240,1.02478,1.02234,1.02452,17769
2022.07.20,04:00,1.02451,1.02474,1.02305,1.02428,19945
2022.07.20,08:00,1.02429,1.02723,1.02184,1.02308,61914
2022.07.20,12:00,1.02307,1.02520,1.01724,1.02101,76769
2022.07.20,16:00,1.02101,1.02370,1.01823,1.01897,71846
2022.07.20,20:00,1.01897,1.01924,1.01547,1.01815,38825
2022.07.21,00:00,1.01755,1.01927,1.01747,1.01863,16551
2022.07.21,04:00,1.01864,1.02246,1.01807,1.02221,31144
2022.07.21,08:00,1.02222,1.02298,1.01700,1.01904,65986
2022.07.21,12:00,1.01904,1.02774,1.01650,1.02642,93582
2022.07.21,16:00,1.02641,1.02744,1.01528,1.01806,112209
2022.07.21,20:00,1.01805,1.02328,1.01749,1.02271,30603
2022.07.22,00:00,1.02255,1.02297,1.02029,1.02038,14601
2022.07.22,04:00,1.02039,1.02076,1.01796,1.01803,28638
2022.07.22,08:00,1.01802,1.02126,1.01292,1.01525,71352
2022.07.22,12:00,1.01525,1.01962,1.01425,1.01864,81925
2022.07.22,16:00,1.01865,1.02545,1.01790,1.02312,93971
2022.07.22,20:00,1.02313,1.02367,1.01893,1.02143,38557
2022.07.25,00:00,1.02112,1.02177,1.01813,1.01816,21078
2022.07.25,04:00,1.01816,1.02123,1.01802,1.02068,31931
2022.07.25,08:00,1.02067,1.02275,1.01782,1.02212,69957
2022.07.25,12:00,1.02214,1.02572,1.02137,1.02447,65312
2022.07.25,16:00,1.02447,1.02541,1.02025,1.02204,68426
2022.07.25,20:00,1.02202,1.02281,1.02130,1.02185,19627
2022.07.26,00:00,1.02179,1.02322,1.02155,1.02292,12363
2022.07.26,04:00,1.02293,1.02494,1.02224,1.02249,27258
2022.07.26,08:00,1.02250,1.02355,1.02015,1.02071,48439
2022.07.26,12:00,1.02071,1.02073,1.01153,1.01474,63793
2022.07.26,16:00,1.01474,1.01520,1.01069,1.01263,71120
2022.07.26,20:00,1.01263,1.01319,1.01133,1.01169,23870
2022.07.27,00:00,1.01142,1.01436,1.01141,1.01395,14891
2022.07.27,04:00,1.01394,1.01513,1.01363,1.01499,24427
2022.07.27,08:00,1.01499,1.01580,1.01270,1.01409,46179
2022.07.27,12:00,1.01408,1.01712,1.01377,1.01421,46692
2022.07.27,16:00,1.01422,1.01516,1.00959,1.01102,55207
2022.07.27,20:00,1.01103,1.02199,1.01066,1.01981,86781
2022.07.28,00:00,1.01949,1.02115,1.01797,1.01855,21434
2022.07.28,04:00,1.01856,1.02228,1.01829,1.02013,41991
2022.07.28,08:00,1.02014,1.02337,1.01844,1.02168,71063
2022.07.28,12:00,1.02168,1.02168,1.01132,1.01629,95168
2022.07.28,16:00,1.01628,1.01726,1.01254,1.01570,103990
2022.07.28,20:00,1.01570,1.01988,1.01545,1.01957,26552
2022.07.29,00:00,1.01923,1.02022,1.01883,1.01971,17641
2022.07.29,04:00,1.01971,1.02240,1.01903,1.02084,32214
2022.07.29,08:00,1.02084,1.02535,1.02021,1.02207,83229
2022.07.29,12:00,1.02208,1.02450,1.01734,1.01763,76927
2022.07.29,16:00,1.01764,1.02122,1.01452,1.01962,95989
2022.07.29,20:00,1.01962,1.02263,1.01928,1.02256,24720
2022.08.01,00:00,1.02122,1.02255,1.02046,1.02195,24845
2022.08.01,04:00,1.02196,1.02406,1.02147,1.02231,37931
2022.08.01,08:00,1.02233,1.02669,1.02126,1.02551,55552
2022.08.01,12:00,1.02551,1.02692,1.02243,1.02352,58640
2022.08.01,16:00,1.02352,1.02744,1.02258,1.02733,78417
2022.08.01,20:00,1.02732,1.02735,1.02446,1.02595,28924
2022.08.02,00:00,1.02585,1.02931,1.02489,1.02859,27956
2022.08.02,04:00,1.02859,1.02860,1.02603,1.02704,54323
2022.08.02,08:00,1.02704,1.02760,1.02145,1.02400,74156
2022.08.02,12:00,1.02399,1.02446,1.02059,1.02110,60008
2022.08.02,16:00,1.02112,1.02314,1.01802,1.01943,96521
2022.08.02,20:00,1.01942,1.01952,1.01626,1.01650,39293
2022.08.03,00:00,1.01650,1.01720,1.01493,1.01573,24685
2022.08.03,04:00,1.01573,1.01930,1.01559,1.01851,38051
2022.08.03,08:00,1.01850,1.01906,1.01534,1.01871,63455
2022.08.03,12:00,1.01870,1.02092,1.01780,1.01852,63978
2022.08.03,16:00,1.01852,1.01867,1.01222,1.01493,90070
2022.08.03,20:00,1.01493,1.01731,1.01477,1.01679,26586
2022.08.04,00:00,1.01650,1.01703,1.01537,1.01643,19199
2022.08.04,04:00,1.01643,1.01754,1.01595,1.01632,26522
2022.08.04,08:00,1.01633,1.01933,1.01557,1.01909,51714
2022.08.04,12:00,1.01908,1.01971,1.01596,1.01872,74402
2022.08.04,16:00,1.01873,1.02386,1.01724,1.02358,82086
2022.08.04,20:00,1.02357,1.02531,1.02297,1.02464,26741
2022.08.05,00:00,1.02442,1.02514,1.02307,1.02314,16245
2022.08.05,04:00,1.02314,1.02387,1.02286,1.02343,23214
2022.08.05,08:00,1.02343,1.02384,1.02176,1.02229,39937
2022.08.05,12:00,1.02229,1.02377,1.01532,1.01573,59260
2022.08.05,16:00,1.01574,1.01866,1.01408,1.01821,89892
2022.08.05,20:00,1.01821,1.01920,1.01714,1.01748,34404
2022.08.08,00:00,1.01751,1.01795,1.01585,1.01656,21494
2022.08.08,04:00,1.01656,1.01851,1.01636,1.01849,26986
2022.08.08,08:00,1.01849,1.02142,1.01705,1.01912,50200
2022.08.08,12:00,1.01913,1.02015,1.01721,1.01978,41099
2022.08.08,16:00,1.01979,1.02211,1.01902,1.01953,50085
2022.08.08,20:00,1.01953,1.02049,1.01846,1.01942,27404
2022.08.09,00:00,1.01906,1.02000,1.01881,1.01907,14247
2022.08.09,04:00,1.01908,1.01969,1.01880,1.01932,17345
2022.08.09,08:00,1.01931,1.02440,1.01921,1.02385,39204
2022.08.09,12:00,1.02385,1.02466,1.02140,1.02367,43800
2022.08.09,16:00,1.02364,1.02435,1.02139,1.02175,44288
2022.08.09,20:00,1.02175,1.02194,1.02019,1.02122,15968
2022.08.10,00:00,1.02128,1.02143,1.02021,1.02070,12866
2022.08.10,04:00,1.02069,1.02183,1.02047,1.02122,13998
2022.08.10,08:00,1.02122,1.02250,1.02011,1.02215,31081
2022.08.10,12:00,1.02214,1.03448,1.02164,1.03234,61180
2022.08.10,16:00,1.03235,1.03678,1.03044,1.03242,98793
2022.08.10,20:00,1.03243,1.03275,1.02938,1.02967,40217
2022.08.11,00:00,1.02995,1.03040,1.02928,1.02975,18635
2022.08.11,04:00,1.02975,1.02975,1.02806,1.02826,23190
2022.08.11,08:00,1.02826,1.03407,1.02746,1.03404,55791
2022.08.11,12:00,1.03403,1.03510,1.03214,1.03462,59056
2022.08.11,16:00,1.03464,1.03636,1.03229,1.03292,70772
2022.08.11,20:00,1.03293,1.03318,1.03087,1.03213,30984
2022.08.12,00:00,1.03167,1.03267,1.03059,1.03122,16665
2022.08.12,04:00,1.03122,1.03210,1.03044,1.03167,21830
2022.08.12,08:00,1.03167,1.03235,1.02873,1.03014,44213
2022.08.12,12:00,1.03014,1.03075,1.02681,1.02698,49854
2022.08.12,16:00,1.02699,1.02834,1.02373,1.02558,68743
2022.08.12,20:00,1.02558,1.02671,1.02538,1.02582,17531
2022.08.15,00:00,1.02547,1.02663,1.02507,1.02655,14084
2022.08.15,04:00,1.02654,1.02675,1.02392,1.02497,24545
2022.08.15,08:00,1.02498,1.02515,1.01994,1.02063,43888
2022.08.15,12:00,1.02064,1.02139,1.01851,1.01999,52697
2022.08.15,16:00,1.01999,1.02225,1.01708,1.01750,47960
2022.08.15,20:00,1.01750,1.01776,1.01538,1.01583,19823
2022.08.16,00:00,1.01595,1.01664,1.01466,1.01528,17284
2022.08.16,04:00,1.01529,1.01689,1.01483,1.01581,24855
2022.08.16,08:00,1.01582,1.01681,1.01333,1.01381,50091
2022.08.16,12:00,1.01382,1.01458,1.01217,1.01430,54360
2022.08.16,16:00,1.01430,1.01940,1.01423,1.01650,54165
2022.08.16,20:00,1.01651,1.01800,1.01612,1.01698,20944
2022.08.17,00:00,1.01643,1.01741,1.01642,1.01697,15882
2022.08.17,04:00,1.01698,1.01830,1.01658,1.01808,25809
2022.08.17,08:00,1.01807,1.01857,1.01485,1.01731,54978
2022.08.17,12:00,1.01731,1.01831,1.01448,1.01577,56282
2022.08.17,16:00,1.01577,1.01979,1.01524,1.01644,61673
2022.08.17,20:00,1.01645,1.02021,1.01622,1.01765,50943
2022.08.18,00:00,1.01752,1.01924,1.01719,1.01872,12484
2022.08.18,04:00,1.01872,1.01907,1.01622,1.01662,21594
2022.08.18,08:00,1.01662,1.01776,1.01452,1.01663,49615
2022.08.18,12:00,1.01663,1.01875,1.01572,1.01693,56420
2022.08.18,16:00,1.01692,1.01713,1.00881,1.00894,63168
2022.08.18,20:00,1.00894,1.00985,1.00789,1.00859,29222
2022.08.19,00:00,1.00836,1.00912,1.00732,1.00785,14375
2022.08.19,04:00,1.00785,1.00860,1.00690,1.00753,24011
2022.08.19,08:00,1.00752,1.00947,1.00733,1.00880,47541
2022.08.19,12:00,1.00879,1.00884,1.00446,1.00647,49339
2022.08.19,16:00,1.00646,1.00677,1.00318,1.00351,47878
2022.08.19,20:00,1.00352,1.00450,1.00311,1.00390,18077
2022.08.22,00:00,1.00362,1.00436,1.00241,1.00252,17101
2022.08.22,04:00,1.00251,1.00458,1.00227,1.00373,20905
2022.08.22,08:00,1.00373,1.00388,0.99883,1.00131,45611
2022.08.22,12:00,1.00131,1.00175,0.99947,1.00055,44891
2022.08.22,16:00,1.00056,1.00067,0.99269,0.99311,58629
2022.08.22,20:00,0.99312,0.99455,0.99253,0.99415,19641
2022.08.23,00:00,0.99414,0.99494,0.99294,0.99392,15872
2022.08.23,04:00,0.99392,0.99484,0.99337,0.99339,24398
2022.08.23,08:00,0.99339,0.99489,0.98989,0.99313,63642
2022.08.23,12:00,0.99313,0.99396,0.99119,0.99230,48308
2022.08.23,16:00,0.99231,1.00174,0.99197,0.99783,81372
2022.08.23,20:00,0.99784,0.99797,0.99588,0.99668,22757
2022.08.24,00:00,0.99677,0.99726,0.99514,0.99519,15189
2022.08.24,04:00,0.99520,0.99597,0.99420,0.99565,25276
2022.08.24,08:00,0.99564,0.99612,0.99340,0.99453,39250
2022.08.24,12:00,0.99452,0.99576,0.99137,0.99277,53371
2022.08.24,16:00,0.99277,0.99983,0.99092,0.99524,77019
2022.08.24,20:00,0.99523,0.99749,0.99506,0.99671,20627
2022.08.25,00:00,0.99648,0.99869,0.99614,0.99818,16770
2022.08.25,04:00,0.99818,1.00071,0.99754,0.99981,24451
2022.08.25,08:00,0.99982,1.00326,0.99866,1.00065,53442
2022.08.25,12:00,1.00065,1.00104,0.99626,0.99687,47082
2022.08.25,16:00,0.99686,0.99998,0.99483,0.99600,54242
2022.08.25,20:00,0.99601,0.99782,0.99578,0.99736,20934
2022.08.26,00:00,0.99729,0.99763,0.99619,0.99646,16715
2022.08.26,04:00,0.99647,0.99739,0.99613,0.99617,18497
2022.08.26,08:00,0.99616,0.99905,0.99457,0.99883,37186
2022.08.26,12:00,0.99882,1.00322,0.99849,1.00320,47090
2022.08.26,16:00,1.00319,1.00892,0.99745,0.99789,113014
2022.08.26,20:00,0.99789,0.99824,0.99558,0.99639,29873
2022.08.29,00:00,0.99654,0.99654,0.99279,0.99296,27929
2022.08.29,04:00,0.99297,0.99369,0.99138,0.99157,30053
2022.08.29,08:00,0.99158,0.99497,0.99133,0.99376,47767
2022.08.29,12:00,0.99376,1.00284,0.99371,1.00078,57134
2022.08.29,16:00,1.00078,1.00263,0.99805,1.00137,56972
2022.08.29,20:00,1.00137,1.00219,0.99890,0.99969,23627
2022.08.30,00:00,0.99971,1.00126,0.99942,1.00054,12690
2022.08.30,04:00,1.00052,1.00099,0.99812,0.99989,29730
2022.08.30,08:00,0.99988,1.00333,0.99815,1.00241,49323
2022.08.30,12:00,1.00241,1.00538,1.00077,1.00107,49298
2022.08.30,16:00,1.00106,1.00404,0.99820,1.00229,66865
2022.08.30,20:00,1.00230,1.00305,1.00096,1.00142,29289
2022.08.31,00:00,1.00134,1.00337,1.00123,1.00266,13489
2022.08.31,04:00,1.00266,1.00440,1.00158,1.00393,23767
2022.08.31,08:00,1.00394,1.00452,0.99735,0.99787,46700
2022.08.31,12:00,0.99788,1.00171,0.99705,1.00075,54721
2022.08.31,16:00,1.00076,1.00783,0.99945,1.00526,66337
2022.08.31,20:00,1.00527,1.00564,1.00347,1.00520,33515
2022.09.01,00:00,1.00498,1.00536,1.00194,1.00225,21209
2022.09.01,04:00,1.00224,1.00311,1.00084,1.00134,26695
2022.09.01,08:00,1.00134,1.00476,1.00071,1.00362,49046
2022.09.01,12:00,1.00363,1.00461,0.99851,0.99875,47722
2022.09.01,16:00,0.99877,0.99988,0.99107,0.99360,66812
2022.09.01,20:00,0.99360,0.99593,0.99348,0.99462,27305
2022.09.02,00:00,0.99431,0.99579,0.99419,0.99555,14249
2022.09.02,04:00,0.99555,0.99665,0.99528,0.99657,19529
2022.09.02,08:00,0.99658,0.99954,0.99632,0.99722,36850
2022.09.02,12:00,0.99720,1.00285,0.99672,1.00096,53060
2022.09.02,16:00,1.00096,1.00328,0.99613,0.99689,65227
2022.09.02,20:00,0.99689,0.99720,0.99444,0.99508,35493
2022.09.05,00:00,0.99279,0.99342,0.99025,0.99149,26827
2022.09.05,04:00,0.99148,0.99239,0.99001,0.99044,32031
2022.09.05,08:00,0.99044,0.99363,0.98776,0.99103,53350
2022.09.05,12:00,0.99104,0.99431,0.99063,0.99229,41318
2022.09.05,16:00,0.99229,0.99340,0.99171,0.99284,26435
2022.09.05,20:00,0.99285,0.99352,0.99269,0.99306,5108
2022.09.06,00:00,0.99238,0.99682,0.99225,0.99677,23344
2022.09.06,04:00,0.99676,0.99701,0.99420,0.99454,29226
2022.09.06,08:00,0.99455,0.99854,0.99439,0.99573,49197
2022.09.06,12:00,0.99572,0.99595,0.98985,0.98995,47255
2022.09.06,16:00,0.98996,0.99282,0.98632,0.99078,57790
2022.09.06,20:00,0.99079,0.99110,0.98947,0.99059,23263
2022.09.07,00:00,0.99064,0.99064,0.98831,0.98898,16985
2022.09.07,04:00,0.98897,0.98956,0.98763,0.98917,30432
2022.09.07,08:00,0.98918,0.99291,0.98867,0.99065,36022
2022.09.07,12:00,0.99066,0.99136,0.98747,0.98922,51256
2022.09.07,16:00,0.98921,0.99749,0.98827,0.99726,66112
2022.09.07,20:00,0.99726,1.00101,0.99706,1.00060,31362
2022.09.08,00:00,1.00077,1.00121,0.99822,0.99844,15252
2022.09.08,04:00,0.99844,0.99938,0.99785,0.99890,25108
2022.09.08,08:00,0.99889,1.00141,0.99754,0.99970,50363
2022.09.08,12:00,0.99970,1.00287,0.99844,0.99994,73639
2022.09.08,16:00,0.99993,1.00005,0.99299,0.99680,104296
2022.09.08,20:00,0.99681,0.99991,0.99638,0.99977,34244
2022.09.09,00:00,0.99961,1.00503,0.99952,1.00434,18533
2022.09.09,04:00,1.00434,1.00834,1.00430,1.00715,36622
2022.09.09,08:00,1.00716,1.01127,1.00575,1.01059,58089
2022.09.09,12:00,1.01058,1.01064,1.00339,1.00437,58414
2022.09.09,16:00,1.00437,1.00618,1.00313,1.00532,64124
2022.09.09,20:00,1.00532,1.00545,1.00339,1.00453,18834
2022.09.12,00:00,1.00924,1.00941,1.00590,1.00694,19627
2022.09.12,04:00,1.00694,1.00945,1.00682,1.00772,23435
2022.09.12,08:00,1.00771,1.01971,1.00767,1.01910,63555
2022.09.12,12:00,1.01910,1.01910,1.01285,1.01408,58908
2022.09.12,16:00,1.01408,1.01434,1.01037,1.01428,57472
2022.09.12,20:00,1.01429,1.01436,1.01100,1.01209,24489
2022.09.13,00:00,1.01215,1.01458,1.01177,1.01344,13541
2022.09.13,04:00,1.01343,1.01372,1.01187,1.01277,20378
2022.09.13,08:00,1.01277,1.01554,1.01261,1.01540,39771
2022.09.13,12:00,1.01540,1.01864,1.00294,1.00365,65215
2022.09.13,16:00,1.00366,1.00419,0.99885,0.99974,90132
2022.09.13,20:00,0.99974,1.00053,0.99659,0.99662,31333
2022.09.14,00:00,0.99672,0.99825,0.99547,0.99779,21834
2022.09.14,04:00,0.99779,0.99999,0.99709,0.99943,30941
2022.09.14,08:00,0.99944,1.00091,0.99585,0.99905,67794
2022.09.14,12:00,0.99905,1.00228,0.99793,0.99969,71328
2022.09.14,16:00,0.99968,1.00075,0.99698,0.99965,72599
2022.09.14,20:00,0.99965,0.99990,0.99684,0.99785,25039
2022.09.15,00:00,0.99743,0.99838,0.99708,0.99748,12683
2022.09.15,04:00,0.99748,0.99818,0.99655,0.99673,18100
2022.09.15,08:00,0.99673,0.99947,0.99549,0.99915,40516
2022.09.15,12:00,0.99915,1.00170,0.99682,1.00068,55617
2022.09.15,16:00,1.00069,1.00128,0.99806,1.00048,64800
2022.09.15,20:00,1.00048,1.00146,0.99871,0.99963,25856
2022.09.16,00:00,0.99949,1.00099,0.99851,1.00050,14456
2022.09.16,04:00,1.00050,1.00113,0.99902,0.99950,20674
2022.09.16,08:00,0.99949,0.99978,0.99442,0.99544,56524
2022.09.16,12:00,0.99545,0.99883,0.99524,0.99546,47530
2022.09.16,16:00,0.99547,1.00357,0.99528,1.00060,78420
2022.09.16,20:00,1.00060,1.00146,0.99923,1.00087,27864
2022.09.19,00:00,1.00101,1.00285,1.00044,1.00104,13483
2022.09.19,04:00,1.00103,1.00122,0.99897,0.99913,17662
2022.09.19,08:00,0.99913,0.99928,0.99651,0.99752,40825
2022.09.19,12:00,0.99753,1.00041,0.99663,0.99820,49849
2022.09.19,16:00,0.99821,1.00174,0.99749,1.00116,52148
2022.09.19,20:00,1.00115,1.00269,1.00021,1.00242,19681
2022.09.20,00:00,1.00212,1.00497,1.00203,1.00340,17240
2022.09.20,04:00,1.00338,1.00368,1.00190,1.00216,24398
2022.09.20,08:00,1.00215,1.00413,0.99995,1.00092,54750
2022.09.20,12:00,1.00091,1.00179,0.99544,0.99703,58526
2022.09.20,16:00,0.99703,0.99987,0.99584,0.99792,63973
2022.09.20,20:00,0.99792,0.99827,0.99595,0.99688,31269
2022.09.21,00:00,0.99701,0.99745,0.99566,0.99618,23211
2022.09.21,04:00,0.99618,0.99701,0.99565,0.99592,24601
2022.09.21,08:00,0.99593,0.99676,0.98839,0.99010,75773
2022.09.21,12:00,0.99011,0.99367,0.98949,0.99125,47715
2022.09.21,16:00,0.99125,0.99158,0.98655,0.98690,59776
2022.09.21,20:00,0.98691,0.99095,0.98120,0.98361,98061
2022.09.22,00:00,0.98362,0.98475,0.98069,0.98147,23882
2022.09.22,04:00,0.98147,0.98371,0.98079,0.98279,42858
2022.09.22,08:00,0.98278,0.99068,0.98122,0.98787,98218
2022.09.22,12:00,0.98786,0.98871,0.98546,0.98762,89933
2022.09.22,16:00,0.98761,0.98767,0.98113,0.98388,88576
2022.09.22,20:00,0.98388,0.98513,0.98292,0.98335,32522
2022.09.23,00:00,0.98333,0.98477,0.98292,0.98427,15870
2022.09.23,04:00,0.98427,0.98511,0.98178,0.98222,20644
2022.09.23,08:00,0.98221,0.98374,0.97502,0.97524,60096
2022.09.23,12:00,0.97525,0.97707,0.97355,0.97548,92283
2022.09.23,16:00,0.97550,0.97740,0.97013,0.97065,92226
2022.09.23,20:00,0.97065,0.97178,0.96673,0.96876,44221
2022.09.26,00:00,0.96705,0.97092,0.95525,0.95676,37026
2022.09.26,04:00,0.95676,0.96628,0.95639,0.96274,45931
2022.09.26,08:00,0.96274,0.97006,0.96197,0.96842,93663
2022.09.26,12:00,0.96842,0.96968,0.96182,0.96687,88105
2022.09.26,16:00,0.96688,0.96814,0.96071,0.96208,118909
2022.09.26,20:00,0.96208,0.96268,0.95988,0.96075,63436
2022.09.27,00:00,0.96082,0.96377,0.95831,0.96334,25453
2022.09.27,04:00,0.96334,0.96449,0.96226,0.96357,35109
2022.09.27,08:00,0.96357,0.96699,0.96203,0.96235,65653
2022.09.27,12:00,0.96234,0.96518,0.96058,0.96218,64519
2022.09.27,16:00,0.96219,0.96428,0.95683,0.95806,105387
2022.09.27,20:00,0.95805,0.96002,0.95701,0.95926,39546
2022.09.28,00:00,0.95886,0.95997,0.95668,0.95717,21989
2022.09.28,04:00,0.95717,0.95757,0.95422,0.95500,55802
2022.09.28,08:00,0.95498,0.95878,0.95351,0.95553,79384
2022.09.28,12:00,0.95554,0.95993,0.95371,0.95841,125789
2022.09.28,16:00,0.95841,0.97074,0.95750,0.97014,121545
2022.09.28,20:00,0.97013,0.97500,0.97000,0.97363,47607
2022.09.29,00:00,0.97320,0.97373,0.96886,0.96886,26061
2022.09.29,04:00,0.96885,0.96988,0.96737,0.96848,38025
2022.09.29,08:00,0.96848,0.96869,0.96348,0.96647,87023
2022.09.29,12:00,0.96646,0.97459,0.96632,0.96872,97260
2022.09.29,16:00,0.96873,0.97971,0.96840,0.97754,109279
2022.09.29,20:00,0.97754,0.98144,0.97687,0.98124,44088
2022.09.30,00:00,0.98127,0.98431,0.98127,0.98247,29797
2022.09.30,04:00,0.98246,0.98285,0.97937,0.97985,39379
2022.09.30,08:00,0.97986,0.98531,0.97894,0.98322,85425
2022.09.30,12:00,0.98324,0.98373,0.97347,0.97539,89656
2022.09.30,16:00,0.97540,0.98175,0.97339,0.97892,113477
2022.09.30,20:00,0.97891,0.98148,0.97819,0.98009,40708
2022.10.03,00:00,0.97951,0.98082,0.97807,0.98007,21761
2022.10.03,04:00,0.98006,0.98274,0.97844,0.97846,29159
2022.10.03,08:00,0.97846,0.98338,0.97835,0.98102,73286
2022.10.03,12:00,0.98102,0.98120,0.97520,0.97649,61450
2022.10.03,16:00,0.97648,0.98438,0.97572,0.98072,96285
2022.10.03,20:00,0.98072,0.98281,0.97872,0.98239,45414
2022.10.04,00:00,0.98247,0.98372,0.98191,0.98260,19329
2022.10.04,04:00,0.98261,0.98446,0.98053,0.98325,37349
2022.10.04,08:00,0.98326,0.98953,0.98252,0.98739,71738
2022.10.04,12:00,0.98739,0.99338,0.98518,0.99233,70470
2022.10.04,16:00,0.99236,0.99929,0.99091,0.99692,75964
2022.10.04,20:00,0.99693,0.99988,0.99597,0.99855,46428
2022.10.05,00:00,0.99833,0.99892,0.99695,0.99754,19397
2022.10.05,04:00,0.99754,0.99899,0.99587,0.99655,40105
2022.10.05,08:00,0.99654,0.99943,0.99221,0.99467,63820
2022.10.05,12:00,0.99465,0.99509,0.98912,0.99109,59376
2022.10.05,16:00,0.99108,0.99135,0.98340,0.98624,81962
2022.10.05,20:00,0.98624,0.98961,0.98593,0.98852,42236
2022.10.06,00:00,0.98649,0.99255,0.98649,0.99161,22165
2022.10.06,04:00,0.99162,0.99257,0.99024,0.99202,34558
2022.10.06,08:00,0.99203,0.99252,0.98743,0.98878,68992
2022.10.06,12:00,0.98879,0.99018,0.98550,0.98678,73031
2022.10.06,16:00,0.98679,0.98698,0.97875,0.98017,95393
2022.10.06,20:00,0.98017,0.98161,0.97887,0.97905,49983
2022.10.07,00:00,0.97876,0.97969,0.97853,0.97922,24136
2022.10.07,04:00,0.97923,0.98112,0.97858,0.97908,27515
2022.10.07,08:00,0.97909,0.98161,0.97649,0.98010,59058
2022.10.07,12:00,0.98011,0.98105,0.97253,0.97495,67703
2022.10.07,16:00,0.97494,0.97903,0.97409,0.97602,112563
2022.10.07,20:00,0.97603,0.97685,0.97298,0.97398,37874
2022.10.10,00:00,0.97317,0.97404,0.97238,0.97369,20978
2022.10.10,04:00,0.97370,0.97525,0.97318,0.97390,25200
2022.10.10,08:00,0.97390,0.97427,0.96807,0.96875,55594
2022.10.10,12:00,0.96877,0.97183,0.96863,0.97139,51278
2022.10.10,16:00,0.97138,0.97426,0.96845,0.96911,72736
2022.10.10,20:00,0.96910,0.97230,0.96847,0.97027,39275
2022.10.11,00:00,0.97020,0.97219,0.96980,0.97196,17901
2022.10.11,04:00,0.97196,0.97205,0.96702,0.96763,44144
2022.10.11,08:00,0.96763,0.97241,0.96739,0.97068,66260
2022.10.11,12:00,0.97072,0.97371,0.96911,0.97190,66447
2022.10.11,16:00,0.97191,0.97738,0.96899,0.97645,82134
2022.10.11,20:00,0.97646,0.97659,0.96930,0.97041,54718
2022.10.12,00:00,0.97030,0.97171,0.96893,0.97024,22289
2022.10.12,04:00,0.97023,0.97313,0.96819,0.97144,44317
2022.10.12,08:00,0.97143,0.97322,0.96964,0.97029,69574
2022.10.12,12:00,0.97029,0.97161,0.96966,0.97046,24662
2022.10.12,16:00,0.97046,0.97104,0.96670,0.96828,73335
2022.10.12,20:00,0.96828,0.97195,0.96798,0.97021,44939
2022.10.13,00:00,0.96995,0.97213,0.96969,0.97137,14942
2022.10.13,04:00,0.97137,0.97140,0.96942,0.97031,24960
2022.10.13,08:00,0.97032,0.97133,0.96846,0.97132,44104
2022.10.13,12:00,0.97132,0.97523,0.96308,0.96675,91189
2022.10.13,16:00,0.96675,0.97982,0.96445,0.97738,168282
2022.10.13,20:00,0.97738,0.98051,0.97676,0.97767,56088
2022.10.14,00:00,0.97713,0.97781,0.97610,0.97673,21803
2022.10.14,04:00,0.97673,0.98079,0.97670,0.97810,41757
2022.10.14,08:00,0.97810,0.97962,0.97440,0.97496,72341
2022.10.14,12:00,0.97497,0.97759,0.97083,0.97722,85095
2022.10.14,16:00,0.97723,0.97989,0.97062,0.97168,128085
2022.10.14,20:00,0.97168,0.97311,0.97130,0.97184,36904
2022.10.17,00:00,0.97193,0.97500,0.97161,0.97446,24387
2022.10.17,04:00,0.97447,0.97515,0.97318,0.97358,30690
2022.10.17,08:00,0.97359,0.97562,0.97195,0.97378,62798
2022.10.17,12:00,0.97378,0.97840,0.97289,0.97745,57292
2022.10.17,16:00,0.97745,0.98513,0.97719,0.98385,73727
2022.10.17,20:00,0.98385,0.98500,0.98317,0.98432,33638
2022.10.18,00:00,0.98338,0.98518,0.98338,0.98404,21647
2022.10.18,04:00,0.98404,0.98656,0.98223,0.98567,39829
2022.10.18,08:00,0.98567,0.98728,0.98238,0.98282,63854
2022.10.18,12:00,0.98282,0.98572,0.98119,0.98536,63023
2022.10.18,16:00,0.98537,0.98750,0.98206,0.98552,74856
2022.10.18,20:00,0.98554,0.98630,0.98410,0.98596,41216
2022.10.19,00:00,0.98545,0.98717,0.98517,0.98601,20712
2022.10.19,04:00,0.98602,0.98636,0.98364,0.98392,31104
2022.10.19,08:00,0.98391,0.98432,0.98118,0.98161,60302
2022.10.19,12:00,0.98161,0.98232,0.97588,0.97789,62764
2022.10.19,16:00,0.97792,0.98019,0.97643,0.97653,70613
2022.10.19,20:00,0.97652,0.97777,0.97566,0.97718,34690
2022.10.20,00:00,0.97708,0.97753,0.97576,0.97641,19299
2022.10.20,04:00,0.97641,0.97827,0.97539,0.97775,41391
2022.10.20,08:00,0.97776,0.97938,0.97708,0.97809,64119
2022.10.20,12:00,0.97810,0.98368,0.97722,0.98018,67146
2022.10.20,16:00,0.98018,0.98448,0.97791,0.98018,84386
2022.10.20,20:00,0.98017,0.98019,0.97724,0.97869,35218
2022.10.21,00:00,0.97829,0.97882,0.97671,0.97701,16029
2022.10.21,04:00,0.97702,0.97825,0.97638,0.97704,28380
2022.10.21,08:00,0.97704,0.98016,0.97518,0.97554,58482
2022.10.21,12:00,0.97555,0.97723,0.97040,0.97559,74668
2022.10.21,16:00,0.97558,0.98671,0.97510,0.98382,233577
2022.10.21,20:00,0.98383,0.98685,0.98234,0.98580,63832
2022.10.24,00:00,0.98688,0.98985,0.98304,0.98484,67723
2022.10.24,04:00,0.98483,0.98484,0.98244,0.98471,44550
2022.10.24,08:00,0.98471,0.98611,0.98160,0.98341,82610
2022.10.24,12:00,0.98341,0.98570,0.98060,0.98425,87113
2022.10.24,16:00,0.98426,0.98929,0.98260,0.98699,118665
2022.10.24,20:00,0.98700,0.98802,0.98676,0.98722,21956
2022.10.25,00:00,0.98734,0.98964,0.98671,0.98935,20359
2022.10.25,04:00,0.98935,0.98976,0.98767,0.98780,36218
2022.10.25,08:00,0.98779,0.98794,0.98518,0.98563,46370
2022.10.25,12:00,0.98563,0.98748,0.98478,0.98738,43596
2022.10.25,16:00,0.98737,0.99761,0.98724,0.99528,91241
2022.10.25,20:00,0.99528,0.99689,0.99500,0.99670,31151
2022.10.26,00:00,0.99623,0.99669,0.99427,0.99464,20110
2022.10.26,04:00,0.99465,0.99602,0.99444,0.99540,29315
2022.10.26,08:00,0.99538,1.00442,0.99509,1.00376,66534
2022.10.26,12:00,1.00373,1.00470,0.99948,1.00036,63867
2022.10.26,16:00,1.00037,1.00828,1.00009,1.00756,86504
2022.10.26,20:00,1.00757,1.00880,1.00661,1.00827,32331
2022.10.27,00:00,1.00772,1.00928,1.00719,1.00777,25239
2022.10.27,04:00,1.00776,1.00834,1.00613,1.00699,29751
2022.10.27,08:00,1.00699,1.00830,1.00535,1.00594,53938
2022.10.27,12:00,1.00594,1.00619,0.99850,1.00056,79394
2022.10.27,16:00,1.00058,1.00429,0.99695,0.99771,113296
2022.10.27,20:00,0.99770,0.99948,0.99569,0.99639,34610
2022.10.28,00:00,0.99632,0.99714,0.99572,0.99659,14849
2022.10.28,04:00,0.99660,0.99974,0.99637,0.99842,36992
2022.10.28,08:00,0.99841,0.99906,0.99259,0.99402,65987
2022.10.28,12:00,0.99404,0.99749,0.99344,0.99684,71785
2022.10.28,16:00,0.99684,0.99891,0.99281,0.99377,82977
2022.10.28,20:00,0.99378,0.99669,0.99333,0.99655,22369
2022.10.31,00:00,0.99533,0.99642,0.99429,0.99584,21254
2022.10.31,04:00,0.99584,0.99650,0.99424,0.99601,21593
2022.10.31,08:00,0.99600,0.99609,0.99135,0.99223,34494
2022.10.31,12:00,0.99223,0.99480,0.99066,0.99083,46153
2022.10.31,16:00,0.99082,0.99149,0.98722,0.98748,63121
2022.10.31,20:00,0.98746,0.98951,0.98723,0.98816,26442
2022.11.01,00:00,0.98756,0.98895,0.98756,0.98843,10495
2022.11.01,04:00,0.98844,0.99076,0.98835,0.99044,26881
2022.11.01,08:00,0.99043,0.99471,0.99036,0.99220,45415
2022.11.01,12:00,0.99219,0.99470,0.99145,0.99399,46176
2022.11.01,16:00,0.99400,0.99531,0.98522,0.98605,83236
2022.11.01,20:00,0.98605,0.98853,0.98571,0.98730,24573
2022.11.02,00:00,0.98741,0.98869,0.98692,0.98866,19491
2022.11.02,04:00,0.98867,0.98989,0.98781,0.98835,27540
2022.11.02,08:00,0.98836,0.99062,0.98703,0.98994,36277
2022.11.02,12:00,0.98993,0.99112,0.98837,0.99054,44618
2022.11.02,16:00,0.99054,0.99143,0.98580,0.98668,53037
2022.11.02,20:00,0.98667,0.99746,0.98123,0.98147,88878
2022.11.03,00:00,0.98158,0.98310,0.98091,0.98202,20789
2022.11.03,04:00,0.98201,0.98387,0.98192,0.98338,24736
2022.11.03,08:00,0.98339,0.98353,0.97604,0.97669,49025
2022.11.03,12:00,0.97670,0.97695,0.97293,0.97401,71248
2022.11.03,16:00,0.97402,0.97941,0.97344,0.97474,92870
2022.11.03,20:00,0.97472,0.97609,0.97417,0.97490,28368
2022.11.04,00:00,0.97476,0.97616,0.97419,0.97521,16964
2022.11.04,04:00,0.97521,0.97879,0.97475,0.97858,26987
2022.11.04,08:00,0.97859,0.97957,0.97561,0.97732,51881
2022.11.04,12:00,0.97731,0.98502,0.97506,0.98463,81356
2022.11.04,16:00,0.98463,0.99397,0.98387,0.99143,130189
2022.11.04,20:00,0.99144,0.99658,0.99125,0.99571,47047
2022.11.07,00:00,0.99091,0.99463,0.99070,0.99320,19744
2022.11.07,04:00,0.99320,0.99443,0.99170,0.99382,32579
2022.11.07,08:00,0.99383,0.99893,0.99233,0.99857,51372
2022.11.07,12:00,0.99857,1.00063,0.99651,0.99867,56423
2022.11.07,16:00,0.99866,1.00052,0.99749,0.99960,82971
2022.11.07,20:00,0.99959,1.00333,0.99931,1.00197,33545
2022.11.08,00:00,1.00196,1.00303,1.00132,1.00266,11652
2022.11.08,04:00,1.00267,1.00270,1.00028,1.00051,21944
2022.11.08,08:00,1.00052,1.00068,0.99778,0.99820,41878
2022.11.08,12:00,0.99818,1.00090,0.99711,0.99929,44781
2022.11.08,16:00,0.99930,1.00934,0.99910,1.00869,69594
2022.11.08,20:00,1.00868,1.00956,1.00534,1.00708,49638
2022.11.09,00:00,1.00708,1.00843,1.00612,1.00630,22366
2022.11.09,04:00,1.00631,1.00874,1.00583,1.00686,32307
2022.11.09,08:00,1.00685,1.00845,1.00554,1.00687,48362
2022.11.09,12:00,1.00688,1.00702,1.00330,1.00490,61425
2022.11.09,16:00,1.00490,1.00859,1.00102,1.00360,101683
2022.11.09,20:00,1.00357,1.00421,0.99921,1.00094,45691
2022.11.10,00:00,1.00094,1.00264,1.00059,1.00202,17096
2022.11.10,04:00,1.00202,1.00285,1.00096,1.00278,26481
2022.11.10,08:00,1.00278,1.00422,0.99855,0.99904,47066
2022.11.10,12:00,0.99904,0.99909,0.99347,0.99484,61727
2022.11.10,16:00,0.99484,1.01845,0.99416,1.01738,162651
2022.11.10,20:00,1.01740,1.01967,1.01280,1.01960,55739
2022.11.11,00:00,1.01960,1.02211,1.01748,1.01843,34802
2022.11.11,04:00,1.01843,1.01976,1.01625,1.01915,39050
2022.11.11,08:00,1.01914,1.02730,1.01885,1.02695,70557
2022.11.11,12:00,1.02696,1.03131,1.02399,1.03082,79578
2022.11.11,16:00,1.03084,1.03382,1.02650,1.03323,100724
2022.11.11,20:00,1.03322,1.03634,1.03283,1.03567,44094
2022.11.12,00:00,1.03566,1.03588,1.03503,1.03532,3813
2022.11.14,00:00,1.03337,1.03363,1.03138,1.03320,23154
2022.11.14,04:00,1.03321,1.03491,1.03047,1.03116,43931
2022.11.14,08:00,1.03116,1.03498,1.02972,1.03438,50724
2022.11.14,12:00,1.03437,1.03440,1.02705,1.03331,61387
2022.11.14,16:00,1.03330,1.03502,1.02965,1.03349,84441
2022.11.14,20:00,1.03349,1.03578,1.03277,1.03278,36659
2022.11.15,00:00,1.03278,1.03325,1.03118,1.03179,16511
2022.11.15,04:00,1.03181,1.03276,1.03115,1.03205,29404
2022.11.15,08:00,1.03205,1.04173,1.03189,1.04067,60895
2022.11.15,12:00,1.04067,1.04364,1.03876,1.04064,62709
2022.11.15,16:00,1.04063,1.04777,1.03599,1.03707,120747
2022.11.15,20:00,1.03708,1.03879,1.02793,1.03528,108399
2022.11.16,00:00,1.03528,1.03604,1.03351,1.03438,27373
2022.11.16,04:00,1.03438,1.03862,1.03300,1.03446,50940
2022.11.16,08:00,1.03445,1.04199,1.03402,1.04053,62270
2022.11.16,12:00,1.04053,1.04376,1.04034,1.04187,57329
2022.11.16,16:00,1.04187,1.04221,1.03718,1.03936,96480
2022.11.16,20:00,1.03937,1.04040,1.03539,1.03970,46378
2022.11.17,00:00,1.03971,1.03984,1.03848,1.03857,17913
2022.11.17,04:00,1.03858,1.03903,1.03588,1.03702,27983
2022.11.17,08:00,1.03703,1.04058,1.03679,1.03854,45949
2022.11.17,12:00,1.03854,1.03866,1.03203,1.03317,63729
2022.11.17,16:00,1.03316,1.03526,1.03048,1.03382,84147
2022.11.17,20:00,1.03383,1.03687,1.03363,1.03679,37024
2022.11.18,00:00,1.03678,1.03734,1.03563,1.03705,17347
2022.11.18,04:00,1.03706,1.03902,1.03604,1.03641,27034
2022.11.18,08:00,1.03642,1.03851,1.03415,1.03562,40934
2022.11.18,12:00,1.03560,1.03952,1.03478,1.03605,48855
2022.11.18,16:00,1.03605,1.03857,1.03254,1.03475,62975
2022.11.18,20:00,1.03474,1.03486,1.03193,1.03241,32335
2022.11.19,00:00,1.03242,1.03249,1.03128,1.03230,4350
2022.11.21,00:00,1.03205,1.03324,1.03104,1.03154,10374
2022.11.21,04:00,1.03154,1.03180,1.02760,1.02803,31429
2022.11.21,08:00,1.02802,1.02862,1.02493,1.02540,46221
2022.11.21,12:00,1.02539,1.02582,1.02254,1.02390,50663
2022.11.21,16:00,1.02390,1.02618,1.02310,1.02367,58179
2022.11.21,20:00,1.02365,1.02477,1.02219,1.02412,34623
2022.11.22,00:00,1.02413,1.02541,1.02363,1.02526,15887
2022.11.22,04:00,1.02527,1.02676,1.02506,1.02597,22873
2022.11.22,08:00,1.02598,1.02808,1.02450,1.02708,35150
2022.11.22,12:00,1.02707,1.02903,1.02552,1.02707,48005
2022.11.22,16:00,1.02707,1.02879,1.02533,1.02741,56097
2022.11.22,20:00,1.02743,1.03074,1.02706,1.02995,23283
2022.11.23,00:00,1.02995,1.03204,1.02981,1.03047,10848
2022.11.23,04:00,1.03047,1.03241,1.02998,1.03163,19944
2022.11.23,08:00,1.03162,1.03479,1.03101,1.03129,36461
2022.11.23,12:00,1.03127,1.03288,1.02957,1.03224,39445
2022.11.23,16:00,1.03223,1.03831,1.03164,1.03626,85227
2022.11.23,20:00,1.03626,1.04043,1.03560,1.04017,51120
2022.11.24,00:00,1.04018,1.04185,1.03913,1.04145,16081
2022.11.24,04:00,1.04145,1.04477,1.04107,1.04455,23212
2022.11.24,08:00,1.04455,1.04460,1.03992,1.04053,35282
2022.11.24,12:00,1.04054,1.04284,1.03809,1.04113,46420
2022.11.24,16:00,1.04113,1.04268,1.04013,1.04062,40290
2022.11.24,20:00,1.04062,1.04136,1.04005,1.04128,9044
2022.11.25,00:00,1.04129,1.04129,1.03954,1.04049,10711
2022.11.25,04:00,1.04050,1.04285,1.04028,1.04206,20320
2022.11.25,08:00,1.04207,1.04270,1.04065,1.04219,34711
2022.11.25,12:00,1.04219,1.04276,1.03750,1.03780,45498
2022.11.25,16:00,1.03782,1.04109,1.03538,1.04005,56092
2022.11.25,20:00,1.04004,1.04138,1.03961,1.04078,31359
2022.11.26,00:00,1.04079,1.04099,1.03835,1.03845,2567
2022.11.28,00:00,1.03727,1.03830,1.03647,1.03774,13294
2022.11.28,04:00,1.03775,1.03797,1.03404,1.03614,29349
2022.11.28,08:00,1.03614,1.04399,1.03460,1.04385,48040
2022.11.28,12:00,1.04384,1.04960,1.04321,1.04723,62268
2022.11.28,16:00,1.04722,1.04760,1.03753,1.03843,73326
2022.11.28,20:00,1.03842,1.03875,1.03294,1.03347,39706
2022.11.29,00:00,1.03348,1.03496,1.03329,1.03394,15404
2022.11.29,04:00,1.03396,1.03935,1.03334,1.03920,33631
2022.11.29,08:00,1.03922,1.03923,1.03501,1.03822,52022
2022.11.29,12:00,1.03822,1.03928,1.03550,1.03747,51802
2022.11.29,16:00,1.03748,1.03836,1.03239,1.03543,84572
2022.11.29,20:00,1.03542,1.03545,1.03191,1.03248,38731
2022.11.30,00:00,1.03248,1.03426,1.03183,1.03423,23726
2022.11.30,04:00,1.03422,1.03594,1.03352,1.03551,22884
2022.11.30,08:00,1.03552,1.03695,1.03350,1.03678,36374
2022.11.30,12:00,1.03678,1.03805,1.03456,1.03676,44903
2022.11.30,16:00,1.03675,1.03992,1.02893,1.03209,97397
2022.11.30,20:00,1.03210,1.04279,1.03040,1.04069,96637
2022.12.01,00:00,1.04068,1.04386,1.03980,1.04373,34345
2022.12.01,04:00,1.04373,1.04470,1.04181,1.04386,36961
2022.12.01,08:00,1.04385,1.04631,1.03923,1.04434,65645
2022.12.01,12:00,1.04435,1.04540,1.04170,1.04441,53523
2022.12.01,16:00,1.04439,1.05331,1.04339,1.04964,127694
2022.12.01,20:00,1.04964,1.05295,1.04688,1.05233,56827
2022.12.02,00:00,1.05233,1.05389,1.05066,1.05096,20027
2022.12.02,04:00,1.05093,1.05252,1.05044,1.05226,25578
2022.12.02,08:00,1.05225,1.05442,1.05121,1.05348,51399
2022.12.02,12:00,1.05347,1.05438,1.05148,1.05370,48066
2022.12.02,16:00,1.05370,1.05403,1.04274,1.05189,141334
2022.12.02,20:00,1.05189,1.05395,1.05096,1.05324,42922
2022.12.03,00:00,1.05324,1.05416,1.05312,1.05395,4876
2022.12.05,00:00,1.05313,1.05472,1.05299,1.05419,16290
2022.12.05,04:00,1.05421,1.05826,1.05408,1.05804,28466
2022.12.05,08:00,1.05803,1.05842,1.05296,1.05535,45259
2022.12.05,12:00,1.05535,1.05942,1.05190,1.05892,50619
2022.12.05,16:00,1.05892,1.05931,1.04896,1.04925,86620
2022.12.05,20:00,1.04925,1.05149,1.04793,1.04844,38782
2022.12.06,00:00,1.04844,1.05105,1.04825,1.05096,13994
2022.12.06,04:00,1.05097,1.05181,1.04871,1.04898,36917
2022.12.06,08:00,1.04899,1.05087,1.04750,1.04898,51860
2022.12.06,12:00,1.04899,1.05322,1.04781,1.05247,50667
2022.12.06,16:00,1.05247,1.05282,1.04852,1.04947,77977
2022.12.06,20:00,1.04948,1.04968,1.04586,1.04688,34433
2022.12.07,00:00,1.04690,1.04697,1.04556,1.04605,14676
2022.12.07,04:00,1.04606,1.04757,1.04544,1.04629,24086
2022.12.07,08:00,1.04629,1.04794,1.04424,1.04771,46633
2022.12.07,12:00,1.04772,1.05386,1.04651,1.05357,52893
2022.12.07,16:00,1.05357,1.05491,1.04874,1.05030,99913
2022.12.07,20:00,1.05031,1.05278,1.04980,1.05090,37415
2022.12.08,00:00,1.05090,1.05145,1.05007,1.05013,17230
2022.12.08,04:00,1.05013,1.05067,1.04935,1.05004,28540
2022.12.08,08:00,1.05003,1.05303,1.04930,1.05259,38598
2022.12.08,12:00,1.05258,1.05260,1.04888,1.05179,45874
2022.12.08,16:00,1.05181,1.05640,1.05100,1.05506,76170
2022.12.08,20:00,1.05507,1.05629,1.05375,1.05546,36189
2022.12.09,00:00,1.05545,1.05628,1.05511,1.05595,17143
2022.12.09,04:00,1.05594,1.05847,1.05587,1.05752,31890
2022.12.09,08:00,1.05753,1.05875,1.05600,1.05602,38420
2022.12.09,12:00,1.05601,1.05680,1.05459,1.05552,41655
2022.12.09,16:00,1.05553,1.05655,1.05028,1.05485,99046
2022.12.09,20:00,1.05485,1.05551,1.05296,1.05297,28544
2022.12.10,00:00,1.05298,1.05346,1.05280,1.05316,4830
2022.12.12,00:00,1.05283,1.05368,1.05090,1.05128,12442
2022.12.12,04:00,1.05128,1.05194,1.05051,1.05155,24902
2022.12.12,08:00,1.05154,1.05504,1.05074,1.05444,39915
2022.12.12,12:00,1.05444,1.05735,1.05436,1.05548,37415
2022.12.12,16:00,1.05549,1.05793,1.05168,1.05434,59709
2022.12.12,20:00,1.05435,1.05477,1.05099,1.05349,34870
2022.12.13,00:00,1.05351,1.05469,1.05299,1.05437,13104
2022.12.13,04:00,1.05438,1.05535,1.05305,1.05405,24744
2022.12.13,08:00,1.05404,1.05601,1.05306,1.05468,38547
2022.12.13,12:00,1.05467,1.05515,1.05271,1.05476,40215
2022.12.13,16:00,1.05476,1.06724,1.05390,1.06286,142920
2022.12.13,20:00,1.06287,1.06404,1.06095,1.06262,52776
2022.12.14,00:00,1.06263,1.06375,1.06200,1.06352,19103
2022.12.14,04:00,1.06353,1.06383,1.06192,1.06232,23589
2022.12.14,08:00,1.06232,1.06438,1.06181,1.06413,42794
2022.12.14,12:00,1.06412,1.06711,1.06377,1.06446,49374
2022.12.14,16:00,1.06446,1.06608,1.06308,1.06533,60527
2022.12.14,20:00,1.06533,1.06945,1.06204,1.06785,126506
2022.12.15,00:00,1.06785,1.06864,1.06658,1.06784,14400
2022.12.15,04:00,1.06784,1.06795,1.06458,1.06469,26796
2022.12.15,08:00,1.06470,1.06601,1.06195,1.06211,40276
2022.12.15,12:00,1.06210,1.06272,1.06049,1.06221,47064
2022.12.15,16:00,1.06221,1.07356,1.06132,1.06361,127709
2022.12.15,20:00,1.06363,1.06377,1.05916,1.06243,43756
2022.12.16,00:00,1.06243,1.06423,1.06180,1.06401,15670
2022.12.16,04:00,1.06401,1.06616,1.06379,1.06454,30571
2022.12.16,08:00,1.06454,1.06622,1.06246,1.06550,42335
2022.12.16,12:00,1.06548,1.06566,1.06086,1.06208,44654
2022.12.16,16:00,1.06208,1.06479,1.05968,1.06083,79822
2022.12.16,20:00,1.06084,1.06184,1.05910,1.05917,35217
2022.12.17,00:00,1.05917,1.05954,1.05836,1.05843,4925
2022.12.19,00:00,1.05872,1.05989,1.05814,1.05985,16114
2022.12.19,04:00,1.05985,1.06123,1.05954,1.06057,19219
2022.12.19,08:00,1.06056,1.06470,1.06005,1.06416,32811
2022.12.19,12:00,1.06416,1.06572,1.06024,1.06054,43691
2022.12.19,16:00,1.06054,1.06280,1.05750,1.06228,55228
2022.12.19,20:00,1.06227,1.06304,1.06000,1.06037,32150
2022.12.20,00:00,1.06037,1.06121,1.05972,1.05994,15613
2022.12.20,04:00,1.05995,1.06512,1.05971,1.06066,60460
2022.12.20,08:00,1.06066,1.06336,1.05784,1.06329,67747
2022.12.20,12:00,1.06329,1.06453,1.06095,1.06129,54113
2022.12.20,16:00,1.06131,1.06579,1.05934,1.06344,72159
2022.12.20,20:00,1.06344,1.06372,1.05985,1.06146,32751
2022.12.21,00:00,1.06144,1.06284,1.06140,1.06198,16115
2022.12.21,04:00,1.06197,1.06253,1.06061,1.06075,24862
2022.12.21,08:00,1.06074,1.06366,1.06067,1.06335,32259
2022.12.21,12:00,1.06337,1.06358,1.06039,1.06296,40334
2022.12.21,16:00,1.06297,1.06442,1.05945,1.05970,57944
2022.12.21,20:00,1.05971,1.06193,1.05896,1.06103,28627
2022.12.22,00:00,1.06103,1.06176,1.06028,1.06172,13675
2022.12.22,04:00,1.06172,1.06454,1.06127,1.06437,23054
2022.12.22,08:00,1.06436,1.06587,1.06253,1.06352,29710
2022.12.22,12:00,1.06353,1.06555,1.06132,1.06360,36315
2022.12.22,16:00,1.06361,1.06368,1.05826,1.05865,61664
2022.12.22,20:00,1.05865,1.06026,1.05724,1.05971,32278
2022.12.23,00:00,1.05971,1.06034,1.05879,1.05885,11035
2022.12.23,04:00,1.05885,1.06114,1.05858,1.06048,18979
2022.12.23,08:00,1.06047,1.06299,1.05982,1.06041,24105
2022.12.23,12:00,1.06040,1.06261,1.05955,1.06203,26867
2022.12.23,16:00,1.06202,1.06323,1.05915,1.06199,72707
2022.12.23,20:00,1.06199,1.06293,1.06052,1.06157,22159
2022.12.24,00:00,1.06158,1.06193,1.06116,1.06146,2877
2022.12.27,00:00,1.06337,1.06453,1.06293,1.06418,10148
2022.12.27,04:00,1.06419,1.06596,1.06346,1.06446,16484
2022.12.27,08:00,1.06447,1.06672,1.06375,1.06510,25184
2022.12.27,12:00,1.06512,1.06687,1.06312,1.06345,25806
2022.12.27,16:00,1.06346,1.06596,1.06107,1.06520,47880
2022.12.27,20:00,1.06521,1.06557,1.06327,1.06405,25258
2022.12.28,00:00,1.06405,1.06433,1.06239,1.06272,10393
2022.12.28,04:00,1.06273,1.06438,1.06261,1.06410,21074
2022.12.28,08:00,1.06409,1.06538,1.06336,1.06353,25233
2022.12.28,12:00,1.06353,1.06569,1.06270,1.06454,31712
2022.12.28,16:00,1.06453,1.06737,1.06106,1.06204,51766
2022.12.28,20:00,1.06204,1.06348,1.06070,1.06072,24534
2022.12.29,00:00,1.06072,1.06365,1.06058,1.06334,12893
2022.12.29,04:00,1.06334,1.06335,1.06183,1.06244,16091
2022.12.29,08:00,1.06243,1.06420,1.06104,1.06292,22736
2022.12.29,12:00,1.06293,1.06574,1.06293,1.06516,29106
2022.12.29,16:00,1.06516,1.06700,1.06356,1.06655,55822
2022.12.29,20:00,1.06656,1.06898,1.06640,1.06672,26500
2022.12.30,00:00,1.06673,1.06706,1.06537,1.06674,9795
2022.12.30,04:00,1.06673,1.06687,1.06511,1.06545,14326
2022.12.30,08:00,1.06545,1.06737,1.06377,1.06702,28741
2022.12.30,12:00,1.06703,1.06983,1.06508,1.06714,37023
2022.12.30,16:00,1.06713,1.06795,1.06444,1.06680,12963
2023.01.02,00:00,1.06962,1.07080,1.06736,1.07033,4576
2023.01.02,04:00,1.07019,1.07095,1.06812,1.06974,3171
2023.01.02,08:00,1.06962,1.06981,1.06503,1.06789,12409
2023.01.02,12:00,1.06789,1.06983,1.06736,1.06816,11512
2023.01.02,16:00,1.06815,1.06850,1.06504,1.06544,12119
2023.01.02,20:00,1.06543,1.06682,1.06490,1.06602,9433
2023.01.03,00:00,1.06600,1.06828,1.06493,1.06698,15160
2023.01.03,04:00,1.06697,1.06795,1.06497,1.06666,24564
2023.01.03,08:00,1.06667,1.06700,1.05501,1.05511,53490
2023.01.03,12:00,1.05507,1.05601,1.05186,1.05350,56460
2023.01.03,16:00,1.05350,1.05965,1.05297,1.05572,77092
2023.01.03,20:00,1.05573,1.05681,1.05394,1.05508,31225
2023.01.04,00:00,1.05508,1.05604,1.05402,1.05573,24538
2023.01.04,04:00,1.05573,1.05736,1.05563,1.05720,19457
2023.01.04,08:00,1.05720,1.06345,1.05589,1.06151,50291
2023.01.04,12:00,1.06150,1.06291,1.05980,1.06064,41263
2023.01.04,16:00,1.06065,1.06276,1.05804,1.06180,80540
2023.01.04,20:00,1.06181,1.06192,1.05844,1.06026,46378
2023.01.05,00:00,1.06028,1.06302,1.05985,1.06284,18875
2023.01.05,04:00,1.06285,1.06307,1.06028,1.06035,24227
2023.01.05,08:00,1.06035,1.06270,1.05896,1.06192,36511
2023.01.05,12:00,1.06193,1.06282,1.05974,1.05987,35996
2023.01.05,16:00,1.05988,1.06074,1.05142,1.05202,92221
2023.01.05,20:00,1.05202,1.05424,1.05179,1.05192,38931
2023.01.06,00:00,1.05190,1.05307,1.05147,1.05285,15410
2023.01.06,04:00,1.05286,1.05356,1.05218,1.05238,20134
2023.01.06,08:00,1.05238,1.05301,1.05061,1.05177,38086
2023.01.06,12:00,1.05177,1.05187,1.04823,1.04939,38137
2023.01.06,16:00,1.04939,1.06216,1.04811,1.06179,116739
2023.01.06,20:00,1.06179,1.06473,1.06157,1.06454,29184
2023.01.07,00:00,1.06454,1.06454,1.06412,1.06440,2560
2023.01.09,00:00,1.06392,1.06669,1.06359,1.06605,14699
2023.01.09,04:00,1.06606,1.06776,1.06546,1.06758,24548
2023.01.09,08:00,1.06759,1.06989,1.06673,1.06894,41081
2023.01.09,12:00,1.06895,1.06929,1.06599,1.06881,39135
2023.01.09,16:00,1.06882,1.07599,1.06845,1.07574,68542
2023.01.09,20:00,1.07573,1.07591,1.07299,1.07303,38114
2023.01.10,00:00,1.07302,1.07378,1.07199,1.07268,22293
2023.01.10,04:00,1.07267,1.07416,1.07204,1.07299,28529
2023.01.10,08:00,1.07299,1.07465,1.07213,1.07378,41728
2023.01.10,12:00,1.07376,1.07510,1.07146,1.07186,40326
2023.01.10,16:00,1.07185,1.07585,1.07113,1.07355,81678
2023.01.10,20:00,1.07355,1.07434,1.07269,1.07352,29833
2023.01.11,00:00,1.07353,1.07446,1.07295,1.07442,20822
2023.01.11,04:00,1.07443,1.07443,1.07248,1.07378,19886
2023.01.11,08:00,1.07379,1.07566,1.07280,1.07289,35490
2023.01.11,12:00,1.07290,1.07545,1.07247,1.07397,38885
2023.01.11,16:00,1.07399,1.07756,1.07369,1.07380,56459
2023.01.11,20:00,1.07381,1.07678,1.07343,1.07531,29852
2023.01.12,00:00,1.07531,1.07738,1.07477,1.07605,24904
2023.01.12,04:00,1.07606,1.07727,1.07597,1.07708,20472
2023.01.12,08:00,1.07709,1.07745,1.07446,1.07473,31162
2023.01.12,12:00,1.07472,1.07727,1.07419,1.07619,40459
2023.01.12,16:00,1.07619,1.08379,1.07276,1.08216,150374
2023.01.12,20:00,1.08216,1.08662,1.08205,1.08514,52973
2023.01.13,00:00,1.08515,1.08671,1.08442,1.08514,16510
2023.01.13,04:00,1.08515,1.08555,1.08311,1.08392,29640
2023.01.13,08:00,1.08392,1.08634,1.08310,1.08546,44068
2023.01.13,12:00,1.08547,1.08594,1.08025,1.08111,46648
2023.01.13,16:00,1.08110,1.08378,1.07796,1.08093,75941
2023.01.13,20:00,1.08093,1.08350,1.08058,1.08316,28049
2023.01.14,00:00,1.08316,1.08337,1.08278,1.08314,2834
2023.01.16,00:00,1.08341,1.08434,1.08194,1.08409,13393
2023.01.16,04:00,1.08408,1.08734,1.08398,1.08521,26938
2023.01.16,08:00,1.08521,1.08601,1.08016,1.08026,37981
2023.01.16,12:00,1.08027,1.08357,1.08005,1.08142,35830
2023.01.16,16:00,1.08142,1.08282,1.08050,1.08238,36727
2023.01.16,20:00,1.08238,1.08258,1.08099,1.08195,8495
2023.01.17,00:00,1.08196,1.08328,1.08155,1.08277,19379
2023.01.17,04:00,1.08276,1.08320,1.08054,1.08253,30373
2023.01.17,08:00,1.08252,1.08378,1.08110,1.08266,41582
2023.01.17,12:00,1.08266,1.08568,1.08082,1.08520,50096
2023.01.17,16:00,1.08520,1.08686,1.07852,1.07918,89457
2023.01.17,20:00,1.07919,1.08029,1.07738,1.07926,32241
2023.01.18,00:00,1.07927,1.07929,1.07816,1.07836,12839
2023.01.18,04:00,1.07836,1.07985,1.07653,1.07737,45322
2023.01.18,08:00,1.07738,1.08506,1.07672,1.08417,60633
2023.01.18,12:00,1.08418,1.08707,1.08108,1.08233,52092
2023.01.18,16:00,1.08231,1.08865,1.08127,1.08260,103224
2023.01.18,20:00,1.08261,1.08271,1.07860,1.07886,46416
2023.01.19,00:00,1.07888,1.07975,1.07855,1.07866,17304
2023.01.19,04:00,1.07865,1.08047,1.07816,1.07950,23530
2023.01.19,08:00,1.07951,1.08241,1.07817,1.08162,40291
2023.01.19,12:00,1.08161,1.08375,1.08043,1.08082,46449
2023.01.19,16:00,1.08083,1.08244,1.07830,1.08082,73367
2023.01.19,20:00,1.08082,1.08392,1.08079,1.08281,39302
2023.01.20,00:00,1.08281,1.08397,1.08259,1.08306,11428
2023.01.20,04:00,1.08306,1.08432,1.08270,1.08288,19597
2023.01.20,08:00,1.08288,1.08580,1.08201,1.08396,32095
2023.01.20,12:00,1.08396,1.08509,1.08132,1.08176,42698
2023.01.20,16:00,1.08176,1.08470,1.08015,1.08297,59131
2023.01.20,20:00,1.08296,1.08577,1.08286,1.08554,28754
2023.01.21,00:00,1.08554,1.08573,1.08538,1.08543,1985
2023.01.23,00:00,1.08621,1.08865,1.08603,1.08843,12458
2023.01.23,04:00,1.08842,1.09024,1.08800,1.08940,20653
2023.01.23,08:00,1.08940,1.09260,1.08865,1.08990,39522
2023.01.23,12:00,1.08990,1.09196,1.08659,1.08702,41230
2023.01.23,16:00,1.08702,1.08769,1.08455,1.08632,65404
2023.01.23,20:00,1.08631,1.08723,1.08468,1.08674,32003
2023.01.24,00:00,1.08675,1.08753,1.08644,1.08729,10396
2023.01.24,04:00,1.08730,1.08822,1.08686,1.08756,13130
2023.01.24,08:00,1.08757,1.08971,1.08656,1.08744,29500
2023.01.24,12:00,1.08742,1.08823,1.08510,1.08589,40849
2023.01.24,16:00,1.08591,1.08827,1.08343,1.08708,74867
2023.01.24,20:00,1.08709,1.08880,1.08694,1.08807,24656
2023.01.25,00:00,1.08807,1.08897,1.08795,1.08864,15755
2023.01.25,04:00,1.08863,1.09020,1.08834,1.08979,16841
2023.01.25,08:00,1.08980,1.09105,1.08670,1.08764,32754
2023.01.25,12:00,1.08761,1.08911,1.08565,1.08737,39113
2023.01.25,16:00,1.08736,1.09230,1.08637,1.08994,69074
2023.01.25,20:00,1.08995,1.09175,1.08933,1.09137,24840
2023.01.26,00:00,1.09137,1.09241,1.09088,1.09150,12850
2023.01.26,04:00,1.09151,1.09210,1.09062,1.09136,16484
2023.01.26,08:00,1.09136,1.09287,1.09049,1.09081,30425
2023.01.26,12:00,1.09082,1.09092,1.08860,1.08920,31619
2023.01.26,16:00,1.08917,1.09168,1.08497,1.08639,83168
2023.01.26,20:00,1.08639,1.08919,1.08573,1.08914,25479
2023.01.27,00:00,1.08914,1.08997,1.08847,1.08957,12459
2023.01.27,04:00,1.08957,1.08984,1.08652,1.08657,18988
2023.01.27,08:00,1.08655,1.08908,1.08649,1.08896,24713
2023.01.27,12:00,1.08897,1.08945,1.08655,1.08660,30047
2023.01.27,16:00,1.08659,1.08782,1.08370,1.08555,70259
2023.01.27,20:00,1.08556,1.08722,1.08518,1.08645,21821
2023.01.28,00:00,1.08645,1.08686,1.08642,1.08664,2607
2023.01.30,00:00,1.08597,1.08743,1.08592,1.08739,9374
2023.01.30,04:00,1.08739,1.08786,1.08604,1.08756,23961
2023.01.30,08:00,1.08756,1.08887,1.08522,1.08806,34670
2023.01.30,12:00,1.08807,1.09129,1.08756,1.09030,35754
2023.01.30,16:00,1.09030,1.09103,1.08597,1.08649,57669
2023.01.30,20:00,1.08649,1.08659,1.08383,1.08449,26221
2023.01.31,00:00,1.08450,1.08564,1.08450,1.08532,14051
2023.01.31,04:00,1.08532,1.08593,1.08388,1.08452,17460
2023.01.31,08:00,1.08452,1.08488,1.08018,1.08025,33987
2023.01.31,12:00,1.08026,1.08379,1.08012,1.08253,37008
2023.01.31,16:00,1.08255,1.08669,1.08252,1.08562,82378
2023.01.31,20:00,1.08563,1.08741,1.08499,1.08711,22400
2023.02.01,00:00,1.08710,1.08718,1.08577,1.08616,10178
2023.02.01,04:00,1.08616,1.08681,1.08514,1.08650,13439
2023.02.01,08:00,1.08649,1.08876,1.08646,1.08866,29272
2023.02.01,12:00,1.08866,1.08970,1.08777,1.08905,29534
2023.02.01,16:00,1.08906,1.09239,1.08874,1.09157,58688
2023.02.01,20:00,1.09158,1.10004,1.08901,1.09873,83625
2023.02.02,00:00,1.09872,1.10322,1.09824,1.10181,25357
2023.02.02,04:00,1.10183,1.10246,1.10055,1.10190,23033
2023.02.02,08:00,1.10190,1.10241,1.09906,1.10042,34982
2023.02.02,12:00,1.10042,1.10055,1.09796,1.09833,48920
2023.02.02,16:00,1.09832,1.10032,1.08844,1.09162,105401
2023.02.02,20:00,1.09163,1.09260,1.09045,1.09123,39769
2023.02.03,00:00,1.09122,1.09155,1.08914,1.08967,16531
2023.02.03,04:00,1.08967,1.08988,1.08864,1.08925,17313
2023.02.03,08:00,1.08923,1.09066,1.08813,1.09028,31933
2023.02.03,12:00,1.09028,1.09361,1.08927,1.09318,34632
2023.02.03,16:00,1.09319,1.09393,1.08084,1.08242,118331
2023.02.03,20:00,1.08242,1.08360,1.07922,1.07925,38913
2023.02.04,00:00,1.07926,1.08001,1.07918,1.07927,3069
2023.02.06,00:00,1.07822,1.07975,1.07805,1.07879,18226
2023.02.06,04:00,1.07878,1.07981,1.07814,1.07955,26936
2023.02.06,08:00,1.07954,1.07972,1.07740,1.07844,34171
2023.02.06,12:00,1.07844,1.07874,1.07559,1.07724,40196
2023.02.06,16:00,1.07724,1.07769,1.07163,1.07203,61568
2023.02.06,20:00,1.07203,1.07365,1.07085,1.07289,27769
2023.02.07,00:00,1.07289,1.07354,1.07197,1.07353,13515
2023.02.07,04:00,1.07354,1.07419,1.07278,1.07321,20606
2023.02.07,08:00,1.07321,1.07429,1.06961,1.07181,42260
2023.02.07,12:00,1.07181,1.07341,1.06974,1.07044,44416
2023.02.07,16:00,1.07045,1.07113,1.06683,1.07041,62593
2023.02.07,20:00,1.07040,1.07658,1.06866,1.07242,103642
2023.02.08,00:00,1.07242,1.07332,1.07203,1.07313,9772
2023.02.08,04:00,1.07313,1.07344,1.07224,1.07328,15541
2023.02.08,08:00,1.07329,1.07589,1.07231,1.07513,32550
2023.02.08,12:00,1.07514,1.07599,1.07323,1.07330,32170
2023.02.08,16:00,1.07330,1.07423,1.07130,1.07327,61905
2023.02.08,20:00,1.07327,1.07392,1.07086,1.07128,33229
2023.02.09,00:00,1.07129,1.07182,1.07089,1.07152,16950
2023.02.09,04:00,1.07150,1.07320,1.07086,1.07311,15321
2023.02.09,08:00,1.07312,1.07586,1.07232,1.07521,36494
2023.02.09,12:00,1.07522,1.07776,1.07502,1.07685,36361
2023.02.09,16:00,1.07685,1.07899,1.07433,1.07600,61129
2023.02.09,20:00,1.07599,1.07608,1.07306,1.07329,37139
2023.02.10,00:00,1.07329,1.07415,1.07248,1.07338,11019
2023.02.10,04:00,1.07338,1.07377,1.07165,1.07176,17567
2023.02.10,08:00,1.07177,1.07519,1.07173,1.07414,49204
2023.02.10,12:00,1.07412,1.07441,1.06805,1.06824,47945
2023.02.10,16:00,1.06824,1.07061,1.06677,1.06680,68684
2023.02.10,20:00,1.06680,1.06800,1.06654,1.06781,21076
2023.02.11,00:00,1.06780,1.06792,1.06732,1.06755,2291
2023.02.13,00:00,1.06789,1.06808,1.06672,1.06718,12390
2023.02.13,04:00,1.06718,1.06741,1.06548,1.06664,21164
2023.02.13,08:00,1.06664,1.06889,1.06623,1.06737,30440
2023.02.13,12:00,1.06736,1.06958,1.06624,1.06899,33914
2023.02.13,16:00,1.06898,1.07266,1.06753,1.07160,52992
2023.02.13,20:00,1.07160,1.07291,1.07108,1.07219,22393
2023.02.14,00:00,1.07219,1.07360,1.07169,1.07327,10508
2023.02.14,04:00,1.07328,1.07391,1.07246,1.07373,17148
2023.02.14,08:00,1.07373,1.07495,1.07279,1.07479,29735
2023.02.14,12:00,1.07480,1.07671,1.07439,1.07572,40844
2023.02.14,16:00,1.07571,1.08031,1.07059,1.07205,166611
2023.02.14,20:00,1.07206,1.07447,1.07184,1.07369,53001
2023.02.15,00:00,1.07370,1.07393,1.07320,1.07372,11504
2023.02.15,04:00,1.07373,1.07437,1.07137,1.07174,20023
2023.02.15,08:00,1.07174,1.07279,1.06993,1.07234,39469
2023.02.15,12:00,1.07237,1.07322,1.06962,1.06969,35965
2023.02.15,16:00,1.06968,1.07051,1.06644,1.06815,89392
2023.02.15,20:00,1.06816,1.06894,1.06598,1.06894,27889
2023.02.16,00:00,1.06893,1.06948,1.06831,1.06886,26940
2023.02.16,04:00,1.06886,1.07141,1.06862,1.07063,22347
2023.02.16,08:00,1.07063,1.07217,1.06955,1.07061,31646
2023.02.16,12:00,1.07061,1.07121,1.06881,1.06930,33255
2023.02.16,16:00,1.06929,1.07079,1.06537,1.06825,93370
2023.02.16,20:00,1.06823,1.06967,1.06684,1.06728,42427
2023.02.17,00:00,1.06729,1.06748,1.06545,1.06593,12440
2023.02.17,04:00,1.06594,1.06649,1.06319,1.06376,19290
2023.02.17,08:00,1.06375,1.06463,1.06287,1.06431,32486
2023.02.17,12:00,1.06431,1.06606,1.06118,1.06193,39566
2023.02.17,16:00,1.06194,1.06812,1.06194,1.06763,74024
2023.02.17,20:00,1.06763,1.06976,1.06761,1.06938,32160
2023.02.18,00:00,1.06939,1.06969,1.06921,1.06933,2394
2023.02.20,00:00,1.06882,1.06923,1.06723,1.06782,10537
2023.02.20,04:00,1.06782,1.06904,1.06727,1.06857,16793
2023.02.20,08:00,1.06858,1.07039,1.06829,1.06919,25455
2023.02.20,12:00,1.06920,1.06984,1.06698,1.06703,27903
2023.02.20,16:00,1.06705,1.06931,1.06695,1.06876,25899
2023.02.20,20:00,1.06876,1.06898,1.06827,1.06838,6923
2023.02.21,00:00,1.06837,1.06878,1.06763,1.06763,13289
2023.02.21,04:00,1.06765,1.06769,1.06613,1.06678,18217
2023.02.21,08:00,1.06677,1.06876,1.06585,1.06597,33193
2023.02.21,12:00,1.06597,1.06742,1.06422,1.06591,48470
2023.02.21,16:00,1.06591,1.06974,1.06432,1.06555,74361
2023.02.21,20:00,1.06555,1.06620,1.06366,1.06449,27880
2023.02.22,00:00,1.06447,1.06577,1.06423,1.06571,21040
2023.02.22,04:00,1.06571,1.06632,1.06530,1.06577,19542
2023.02.22,08:00,1.06577,1.06627,1.06420,1.06448,26774
2023.02.22,12:00,1.06448,1.06498,1.06238,1.06470,46008
2023.02.22,16:00,1.06469,1.06593,1.06164,1.06220,63129
2023.02.22,20:00,1.06219,1.06352,1.05983,1.06018,48294
2023.02.23,00:00,1.06018,1.06113,1.06003,1.06111,7501
2023.02.23,04:00,1.06111,1.06240,1.06101,1.06236,13715
2023.02.23,08:00,1.06236,1.06270,1.06021,1.06051,30009
2023.02.23,12:00,1.06051,1.06183,1.05850,1.06131,38888
2023.02.23,16:00,1.06129,1.06201,1.05783,1.05816,77887
2023.02.23,20:00,1.05816,1.06024,1.05763,1.06024,30055
2023.02.24,00:00,1.06023,1.06061,1.05917,1.06061,13532
2023.02.24,04:00,1.06061,1.06135,1.05928,1.05992,24165
2023.02.24,08:00,1.05992,1.06015,1.05789,1.05881,31538
2023.02.24,12:00,1.05880,1.05952,1.05634,1.05656,35585
2023.02.24,16:00,1.05654,1.05751,1.05352,1.05428,98617
2023.02.24,20:00,1.05430,1.05580,1.05421,1.05462,29977
2023.02.25,00:00,1.05463,1.05478,1.05433,1.05437,1860
2023.02.27,00:00,1.05460,1.05549,1.05438,1.05538,11791
2023.02.27,04:00,1.05538,1.05591,1.05393,1.05481,20679
2023.02.27,08:00,1.05481,1.05605,1.05321,1.05519,38755
2023.02.27,12:00,1.05517,1.05685,1.05478,1.05577,34986
2023.02.27,16:00,1.05577,1.06190,1.05496,1.05945,67639
2023.02.27,20:00,1.05950,1.06121,1.05855,1.06077,27860
2023.02.28,00:00,1.06077,1.06142,1.05994,1.06089,14041
2023.02.28,04:00,1.06089,1.06095,1.05849,1.05894,18348
2023.02.28,08:00,1.05893,1.06192,1.05811,1.06150,38465
2023.02.28,12:00,1.06151,1.06251,1.06029,1.06168,42297
2023.02.28,16:00,1.06167,1.06445,1.05994,1.05999,75287
2023.02.28,20:00,1.06000,1.06091,1.05757,1.05759,29702
2023.03.01,00:00,1.05757,1.05797,1.05646,1.05675,26760
2023.03.01,04:00,1.05676,1.05947,1.05665,1.05885,21848
2023.03.01,08:00,1.05885,1.06481,1.05882,1.06474,46253
2023.03.01,12:00,1.06475,1.06865,1.06370,1.06859,55136
2023.03.01,16:00,1.06859,1.06907,1.06429,1.06725,83472
2023.03.01,20:00,1.06726,1.06774,1.06456,1.06640,32311
2023.03.02,00:00,1.06639,1.06720,1.06576,1.06596,15040
2023.03.02,04:00,1.06596,1.06611,1.06440,1.06473,24530
2023.03.02,08:00,1.06473,1.06479,1.06254,1.06378,38690
2023.03.02,12:00,1.06376,1.06422,1.06039,1.06052,51638
2023.03.02,16:00,1.06052,1.06139,1.05812,1.05931,81573
2023.03.02,20:00,1.05932,1.06057,1.05757,1.05995,36836
2023.03.03,00:00,1.05996,1.06109,1.05942,1.06100,10196
2023.03.03,04:00,1.06100,1.06141,1.06011,1.06078,22492
2023.03.03,08:00,1.06079,1.06284,1.06074,1.06205,32852
2023.03.03,12:00,1.06205,1.06225,1.05997,1.06118,38379
2023.03.03,16:00,1.06119,1.06289,1.05875,1.06155,71818
2023.03.03,20:00,1.06154,1.06379,1.06110,1.06345,27958
2023.03.04,00:00,1.06344,1.06344,1.06295,1.06314,2168
2023.03.06,00:00,1.06264,1.06359,1.06223,1.06259,10593
2023.03.06,04:00,1.06260,1.06493,1.06233,1.06419,20784
2023.03.06,08:00,1.06420,1.06566,1.06364,1.06409,33382
2023.03.06,12:00,1.06409,1.06470,1.06214,1.06410,39789
2023.03.06,16:00,1.06410,1.06933,1.06393,1.06927,59379
2023.03.06,20:00,1.06928,1.06935,1.06676,1.06764,24597
2023.03.07,00:00,1.06764,1.06861,1.06729,1.06784,12284
2023.03.07,04:00,1.06783,1.06925,1.06755,1.06897,19615
2023.03.07,08:00,1.06897,1.06937,1.06691,1.06729,33337
2023.03.07,12:00,1.06729,1.06729,1.06495,1.06688,38614
2023.03.07,16:00,1.06688,1.06712,1.05694,1.05718,83929
2023.03.07,20:00,1.05718,1.05873,1.05452,1.05499,45479
2023.03.08,00:00,1.05499,1.05539,1.05413,1.05495,10741
2023.03.08,04:00,1.05495,1.05498,1.05268,1.05342,18660
2023.03.08,08:00,1.05340,1.05472,1.05235,1.05359,28337
2023.03.08,12:00,1.05360,1.05485,1.05332,1.05458,31258
2023.03.08,16:00,1.05458,1.05731,1.05292,1.05469,82597
2023.03.08,20:00,1.05469,1.05512,1.05388,1.05466,30605
2023.03.09,00:00,1.05467,1.05525,1.05365,1.05460,11758
2023.03.09,04:00,1.05462,1.05526,1.05372,1.05510,13468
2023.03.09,08:00,1.05511,1.05625,1.05473,1.05565,25199
2023.03.09,12:00,1.05566,1.05805,1.05495,1.05585,32319
2023.03.09,16:00,1.05585,1.05856,1.05517,1.05749,64619
2023.03.09,20:00,1.05748,1.05904,1.05687,1.05784,41429
2023.03.10,00:00,1.05784,1.05985,1.05743,1.05980,14541
2023.03.10,04:00,1.05980,1.05985,1.05786,1.05938,29629
2023.03.10,08:00,1.05938,1.06059,1.05730,1.05909,41846
2023.03.10,12:00,1.05909,1.06030,1.05772,1.05935,48677
2023.03.10,16:00,1.05935,1.07000,1.05810,1.06579,112806
2023.03.10,20:00,1.06578,1.06730,1.06351,1.06363,65610
2023.03.11,00:00,1.06364,1.06408,1.06357,1.06382,3835
2023.03.13,00:00,1.06810,1.07026,1.06739,1.06812,18231
2023.03.13,04:00,1.06811,1.07359,1.06633,1.07170,17937
2023.03.13,08:00,1.07170,1.07363,1.07032,1.07067,21836
2023.03.13,12:00,1.07062,1.07062,1.06495,1.06957,44656
2023.03.13,16:00,1.06955,1.07417,1.06847,1.07390,41397
2023.03.13,20:00,1.07388,1.07478,1.07203,1.07307,22045
2023.03.14,00:00,1.07257,1.07323,1.07106,1.07182,8958
2023.03.14,04:00,1.07181,1.07203,1.06975,1.07018,11952
2023.03.14,08:00,1.07018,1.07148,1.06780,1.07055,23728
2023.03.14,12:00,1.07056,1.07478,1.06904,1.07347,29809
2023.03.14,16:00,1.07348,1.07428,1.06973,1.07164,35088
2023.03.14,20:00,1.07165,1.07488,1.07164,1.07325,22183
2023.03.15,00:00,1.07313,1.07359,1.07245,1.07331,7803
2023.03.15,04:00,1.07330,1.07590,1.07305,1.07442,9952
2023.03.15,08:00,1.07443,1.07455,1.07260,1.07308,18045
2023.03.15,12:00,1.07308,1.07321,1.05519,1.05563,39102
2023.03.15,16:00,1.05558,1.05639,1.05153,1.05415,38273
2023.03.15,20:00,1.05415,1.05915,1.05415,1.05749,28642
2023.03.16,00:00,1.05750,1.05974,1.05724,1.05890,10760
2023.03.16,04:00,1.05888,1.06024,1.05854,1.06018,14008
2023.03.16,08:00,1.06017,1.06348,1.05921,1.06115,22333
2023.03.16,12:00,1.06116,1.06201,1.05751,1.05869,27909
2023.03.16,16:00,1.05873,1.06258,1.05504,1.06179,43659
2023.03.16,20:00,1.06180,1.06198,1.05907,1.06129,18763
2023.03.17,00:00,1.06054,1.06196,1.06054,1.06175,7941
2023.03.17,04:00,1.06174,1.06484,1.06136,1.06483,11478
2023.03.17,08:00,1.06484,1.06691,1.06436,1.06515,17537
2023.03.17,12:00,1.06515,1.06589,1.06114,1.06254,22072
2023.03.17,16:00,1.06253,1.06749,1.06163,1.06666,29698
2023.03.17,20:00,1.06667,1.06844,1.06576,1.06643,16918
2023.03.20,00:00,1.06841,1.06881,1.06653,1.06799,10935
2023.03.20,04:00,1.06800,1.06891,1.06639,1.06689,13132
2023.03.20,08:00,1.06688,1.06802,1.06304,1.06603,28510
2023.03.20,12:00,1.06605,1.07168,1.06488,1.07044,27549
2023.03.20,16:00,1.07040,1.07300,1.07022,1.07245,26708
2023.03.20,20:00,1.07247,1.07275,1.07133,1.07227,11726
2023.03.21,00:00,1.07162,1.07251,1.07144,1.07168,10119
2023.03.21,04:00,1.07167,1.07215,1.07087,1.07114,7963
2023.03.21,08:00,1.07115,1.07380,1.07033,1.07291,16806
2023.03.21,12:00,1.07286,1.07836,1.07239,1.07804,21422
2023.03.21,16:00,1.07805,1.07876,1.07600,1.07667,23814
2023.03.21,20:00,1.07669,1.07733,1.07557,1.07688,10996
2023.03.22,00:00,1.07669,1.07752,1.07650,1.07672,5746
2023.03.22,04:00,1.07672,1.07759,1.07644,1.07679,10282
2023.03.22,08:00,1.07680,1.07821,1.07582,1.07793,15685
2023.03.22,12:00,1.07796,1.07993,1.07750,1.07811,18109
2023.03.22,16:00,1.07810,1.07997,1.07749,1.07981,18291
2023.03.22,20:00,1.07981,1.09115,1.07891,1.08541,31005
2023.03.23,00:00,1.08564,1.08828,1.08544,1.08828,8607
2023.03.23,04:00,1.08827,1.09047,1.08782,1.09029,13877
2023.03.23,08:00,1.09028,1.09288,1.08904,1.08990,21253
2023.03.23,12:00,1.08989,1.09028,1.08659,1.08724,22021
2023.03.23,16:00,1.08725,1.09070,1.08722,1.08947,23938
2023.03.23,20:00,1.08946,1.08946,1.08237,1.08316,21217
2023.03.24,00:00,1.08282,1.08377,1.08239,1.08318,8052
2023.03.24,04:00,1.08318,1.08344,1.08164,1.08335,14703
2023.03.24,08:00,1.08333,1.08363,1.07673,1.07793,19860
2023.03.24,12:00,1.07791,1.07899,1.07126,1.07484,32671
2023.03.24,16:00,1.07486,1.07666,1.07407,1.07564,28095
2023.03.24,20:00,1.07564,1.07667,1.07533,1.07593,11479
2023.03.27,00:00,1.07705,1.07789,1.07600,1.07602,9902
2023.03.27,04:00,1.07602,1.07740,1.07569,1.07670,11705
2023.03.27,08:00,1.07665,1.07814,1.07442,1.07659,20048
2023.03.27,12:00,1.07658,1.07797,1.07557,1.07722,17394
2023.03.27,16:00,1.07723,1.07941,1.07695,1.07902,19180
2023.03.27,20:00,1.07903,1.07992,1.07853,1.07979,9257
2023.03.28,00:00,1.07940,1.08170,1.07937,1.08150,6103
2023.03.28,04:00,1.08151,1.08186,1.08093,1.08114,10990
2023.03.28,08:00,1.08114,1.08333,1.08054,1.08115,17029
2023.03.28,12:00,1.08114,1.08461,1.08096,1.08386,17983
2023.03.28,16:00,1.08385,1.08452,1.08156,1.08412,19081
2023.03.28,20:00,1.08413,1.08477,1.08349,1.08453,8340
2023.03.29,00:00,1.08425,1.08468,1.08357,1.08464,6618
2023.03.29,04:00,1.08465,1.08487,1.08329,1.08367,9233
2023.03.29,08:00,1.08374,1.08399,1.08171,1.08319,15268
2023.03.29,12:00,1.08320,1.08708,1.08314,1.08527,17532
2023.03.29,16:00,1.08527,1.08576,1.08228,1.08268,20561
2023.03.29,20:00,1.08269,1.08473,1.08250,1.08436,9450
2023.03.30,00:00,1.08427,1.08478,1.08346,1.08368,7376
2023.03.30,04:00,1.08370,1.08401,1.08255,1.08382,8413
2023.03.30,08:00,1.08381,1.08786,1.08228,1.08723,18689
2023.03.30,12:00,1.08724,1.09102,1.08583,1.09093,17073
2023.03.30,16:00,1.09093,1.09255,1.08937,1.09040,19969
2023.03.30,20:00,1.09041,1.09070,1.08913,1.09048,8181
2023.03.31,00:00,1.09039,1.09162,1.09010,1.09148,6541
2023.03.31,04:00,1.09146,1.09249,1.09005,1.09025,10103
2023.03.31,08:00,1.09025,1.09099,1.08722,1.08889,17286
2023.03.31,12:00,1.08877,1.08952,1.08633,1.08864,17510
2023.03.31,16:00,1.08864,1.09010,1.08568,1.08686,20248
2023.03.31,20:00,1.08687,1.08704,1.08358,1.08413,9411
2023.04.03,00:00,1.08409,1.08429,1.07980,1.08131,11094
2023.04.03,04:00,1.08130,1.08161,1.07874,1.07922,11541
2023.04.03,08:00,1.07922,1.08489,1.07884,1.08422,16354
2023.04.03,12:00,1.08421,1.08770,1.08418,1.08643,17208
2023.04.03,16:00,1.08645,1.09158,1.08636,1.08878,22336
2023.04.03,20:00,1.08877,1.09075,1.08792,1.09018,9592
2023.04.04,00:00,1.09023,1.09089,1.08982,1.09003,5968
2023.04.04,04:00,1.09003,1.09009,1.08871,1.08937,9978
2023.04.04,08:00,1.08936,1.09373,1.08820,1.09164,16511
2023.04.04,12:00,1.09163,1.09352,1.08860,1.08904,16668
2023.04.04,16:00,1.08904,1.09725,1.08878,1.09454,24135
2023.04.04,20:00,1.09455,1.09572,1.09427,1.09551,7710
2023.04.05,00:00,1.09518,1.09688,1.09499,1.09599,6007
2023.04.05,04:00,1.09600,1.09636,1.09528,1.09541,8490
2023.04.05,08:00,1.09541,1.09665,1.09401,1.09504,14946
2023.04.05,12:00,1.09503,1.09621,1.09341,1.09570,17142
2023.04.05,16:00,1.09571,1.09660,1.08954,1.08960,23249
2023.04.05,20:00,1.08960,1.09090,1.08904,1.09065,7527
2023.04.06,00:00,1.08997,1.09098,1.08923,1.08931,5910
2023.04.06,04:00,1.08931,1.08952,1.08839,1.08920,8032
2023.04.06,08:00,1.08919,1.09163,1.08889,1.08987,14543
2023.04.06,12:00,1.08986,1.09186,1.08887,1.08915,14594
2023.04.06,16:00,1.08914,1.09368,1.08853,1.09335,17287
2023.04.06,20:00,1.09335,1.09353,1.09159,1.09199,6896
2023.04.07,00:00,1.09201,1.09232,1.09132,1.09148,3489
2023.04.07,04:00,1.09148,1.09208,1.09137,1.09140,4035
2023.04.07,08:00,1.09138,1.09189,1.09107,1.09147,5109
2023.04.07,12:00,1.09145,1.09210,1.08757,1.09029,8542
2023.04.07,16:00,1.09026,1.09149,1.08926,1.09087,6929
2023.04.07,20:00,1.09091,1.09096,1.08894,1.09005,3026
2023.04.10,00:00,1.09010,1.09137,1.08979,1.09028,5696
2023.04.10,04:00,1.09027,1.09060,1.08942,1.08955,6670
2023.04.10,08:00,1.08954,1.09163,1.08900,1.09111,7842
2023.04.10,12:00,1.09112,1.09157,1.08463,1.08481,13208
2023.04.10,16:00,1.08480,1.08565,1.08305,1.08468,14656
2023.04.10,20:00,1.08471,1.08622,1.08471,1.08595,7926
2023.04.11,00:00,1.08601,1.08781,1.08549,1.08768,6961
2023.04.11,04:00,1.08768,1.08869,1.08663,1.08817,10100
2023.04.11,08:00,1.08816,1.09094,1.08801,1.09061,15495
2023.04.11,12:00,1.09059,1.09258,1.09015,1.09111,15357
2023.04.11,16:00,1.09119,1.09271,1.08967,1.08981,15881
2023.04.11,20:00,1.08980,1.09162,1.08953,1.09122,7224
2023.04.12,00:00,1.09112,1.09268,1.09079,1.09244,4146
2023.04.12,04:00,1.09245,1.09280,1.09157,1.09248,7626
2023.04.12,08:00,1.09247,1.09366,1.09152,1.09230,12843
2023.04.12,12:00,1.09227,1.09889,1.09190,1.09631,15765
2023.04.12,16:00,1.09633,1.09990,1.09575,1.09953,23806
2023.04.12,20:00,1.09950,1.09995,1.09858,1.09905,10307
2023.04.13,00:00,1.09902,1.10040,1.09871,1.10012,5399
2023.04.13,04:00,1.10013,1.10026,1.09831,1.09891,9639
2023.04.13,08:00,1.09891,1.10242,1.09761,1.10139,14216
2023.04.13,12:00,1.10139,1.10526,1.10076,1.10478,17190
2023.04.13,16:00,1.10480,1.10668,1.10424,1.10548,19064
2023.04.13,20:00,1.10551,1.10589,1.10433,1.10460,7247
2023.04.14,00:00,1.10451,1.10580,1.10436,1.10536,4846
2023.04.14,04:00,1.10537,1.10742,1.10522,1.10682,9285
2023.04.14,08:00,1.10683,1.10749,1.10531,1.10582,12730
2023.04.14,12:00,1.10583,1.10727,1.10177,1.10338,16492
2023.04.14,16:00,1.10334,1.10355,1.09716,1.09769,22994
2023.04.14,20:00,1.09768,1.09984,1.09745,1.09922,8532
2023.04.17,00:00,1.09922,1.09946,1.09719,1.09719,5708
2023.04.17,04:00,1.09720,1.09839,1.09609,1.09836,8645
2023.04.17,08:00,1.09838,1.09990,1.09634,1.09640,14196
2023.04.17,12:00,1.09638,1.09841,1.09510,1.09530,15644
2023.04.17,16:00,1.09529,1.09562,1.09084,1.09110,21749
2023.04.17,20:00,1.09109,1.09305,1.09109,1.09267,6909
2023.04.18,00:00,1.09223,1.09283,1.09205,1.09245,3831
2023.04.18,04:00,1.09244,1.09382,1.09227,1.09361,9002
2023.04.18,08:00,1.09359,1.09821,1.09335,1.09802,14610
2023.04.18,12:00,1.09802,1.09821,1.09538,1.09550,14843
2023.04.18,16:00,1.09551,1.09700,1.09422,1.09694,17563
2023.04.18,20:00,1.09694,1.09740,1.09665,1.09728,7317
2023.04.19,00:00,1.09705,1.09819,1.09647,1.09818,6437
2023.04.19,04:00,1.09818,1.09832,1.09643,1.09678,7927
2023.04.19,08:00,1.09677,1.09715,1.09457,1.09549,16936
2023.04.19,12:00,1.09543,1.09624,1.09165,1.09489,17010
2023.04.19,16:00,1.09489,1.09786,1.09466,1.09650,17303
2023.04.19,20:00,1.09651,1.09660,1.09509,1.09551,8133
2023.04.20,00:00,1.09528,1.09583,1.09468,1.09560,5034
2023.04.20,04:00,1.09558,1.09609,1.09488,1.09583,8290
2023.04.20,08:00,1.09583,1.09776,1.09493,1.09706,14503
2023.04.20,12:00,1.09705,1.09843,1.09327,1.09769,17189
2023.04.20,16:00,1.09768,1.09889,1.09625,1.09664,18467
2023.04.20,20:00,1.09664,1.09717,1.09556,1.09697,8675
2023.04.21,00:00,1.09651,1.09711,1.09612,1.09694,4228
2023.04.21,04:00,1.09694,1.09725,1.09579,1.09596,7662
2023.04.21,08:00,1.09596,1.09714,1.09376,1.09588,15645
2023.04.21,12:00,1.09586,1.09892,1.09482,1.09873,14372
2023.04.21,16:00,1.09874,1.09930,1.09417,1.09783,21679
2023.04.21,20:00,1.09780,1.09920,1.09713,1.09880,8343
2023.04.24,00:00,1.09881,1.09953,1.09835,1.09940,4296
2023.04.24,04:00,1.09939,1.09940,1.09787,1.09796,7597
2023.04.24,08:00,1.09797,1.10085,1.09650,1.10077,13255
2023.04.24,12:00,1.10076,1.10240,1.09984,1.10222,14269
2023.04.24,16:00,1.10223,1.10360,1.10122,1.10331,16755
2023.04.24,20:00,1.10332,1.10493,1.10327,1.10454,6925
2023.04.25,00:00,1.10464,1.10659,1.10397,1.10584,5342
2023.04.25,04:00,1.10583,1.10662,1.10499,1.10504,8842
2023.04.25,08:00,1.10505,1.10557,1.10237,1.10389,15485
2023.04.25,12:00,1.10389,1.10431,1.10087,1.10165,13495
2023.04.25,16:00,1.10165,1.10179,1.09647,1.09672,19038
2023.04.25,20:00,1.09677,1.09753,1.09634,1.09730,10570
2023.04.26,00:00,1.09682,1.09797,1.09643,1.09774,6381
2023.04.26,04:00,1.09770,1.09809,1.09676,1.09803,9079
2023.04.26,08:00,1.09801,1.10423,1.09788,1.10410,17796
2023.04.26,12:00,1.10408,1.10618,1.10304,1.10530,20885
2023.04.26,16:00,1.10528,1.10946,1.10321,1.10403,24091
2023.04.26,20:00,1.10402,1.10412,1.10315,1.10380,9841
2023.04.27,00:00,1.10401,1.10467,1.10342,1.10449,5778
2023.04.27,04:00,1.10449,1.10542,1.10382,1.10499,9008
2023.04.27,08:00,1.10497,1.10625,1.10391,1.10522,16161
2023.04.27,12:00,1.10515,1.10559,1.10001,1.10121,18223
2023.04.27,16:00,1.10122,1.10261,1.09912,1.10077,22206
2023.04.27,20:00,1.10077,1.10290,1.10046,1.10282,9716
2023.04.28,00:00,1.10205,1.10385,1.10186,1.10339,5981
2023.04.28,04:00,1.10338,1.10339,1.10074,1.10127,12779
2023.04.28,08:00,1.10127,1.10356,1.09759,1.09901,21436
2023.04.28,12:00,1.09902,1.09978,1.09617,1.09836,18476
2023.04.28,16:00,1.09837,1.10441,1.09819,1.10303,25407
2023.04.28,20:00,1.10300,1.10302,1.10112,1.10165,10466
2023.05.01,00:00,1.10208,1.10229,1.10037,1.10048,5737
2023.05.01,04:00,1.10047,1.10135,1.10000,1.10055,7271
2023.05.01,08:00,1.10054,1.10080,1.09908,1.09915,10252
2023.05.01,12:00,1.09914,1.10329,1.09876,1.10321,10834
2023.05.01,16:00,1.10321,1.10348,1.09636,1.09667,18413
2023.05.01,20:00,1.09666,1.09761,1.09646,1.09755,9629
2023.05.02,00:00,1.09738,1.09783,1.09663,1.09782,5643
2023.05.02,04:00,1.09781,1.09936,1.09777,1.09837,9580
2023.05.02,08:00,1.09838,1.10059,1.09592,1.09709,16713
2023.05.02,12:00,1.09723,1.09809,1.09473,1.09544,14782
2023.05.02,16:00,1.09544,1.10023,1.09413,1.09990,23292
2023.05.02,20:00,1.09990,1.10071,1.09939,1.09987,8322
2023.05.03,00:00,1.10004,1.10197,1.09971,1.10166,5077
2023.05.03,04:00,1.10164,1.10291,1.10122,1.10209,6707
2023.05.03,08:00,1.10210,1.10462,1.10135,1.10390,13600
2023.05.03,12:00,1.10389,1.10461,1.10229,1.10377,14297
2023.05.03,16:00,1.10378,1.10586,1.10292,1.10462,17322
2023.05.03,20:00,1.10461,1.10903,1.10365,1.10614,24166
2023.05.04,00:00,1.10558,1.10865,1.10536,1.10751,8878
2023.05.04,04:00,1.10751,1.10869,1.10706,1.10808,9556
2023.05.04,08:00,1.10806,1.10906,1.10367,1.10392,16564
2023.05.04,12:00,1.10396,1.10828,1.10006,1.10085,20995
2023.05.04,16:00,1.10084,1.10539,1.09854,1.10239,30164
2023.05.04,20:00,1.10239,1.10308,1.10104,1.10113,10420
2023.05.05,00:00,1.10081,1.10287,1.10079,1.10242,4290
2023.05.05,04:00,1.10244,1.10441,1.10244,1.10410,7800
2023.05.05,08:00,1.10409,1.10470,1.10234,1.10276,14560
2023.05.05,12:00,1.10275,1.10311,1.09659,1.09752,15821
2023.05.05,16:00,1.09755,1.10358,1.09753,1.10314,20682
2023.05.05,20:00,1.10315,1.10336,1.10089,1.10177,9060
2023.05.08,00:00,1.10187,1.10245,1.10134,1.10235,5414
2023.05.08,04:00,1.10235,1.10435,1.10178,1.10428,7740
2023.05.08,08:00,1.10428,1.10528,1.10350,1.10352,11087
2023.05.08,12:00,1.10355,1.10507,1.10220,1.10363,11603
2023.05.08,16:00,1.10363,1.10434,1.10108,1.10264,13771
2023.05.08,20:00,1.10266,1.10284,1.09992,1.10032,8168
2023.05.09,00:00,1.10015,1.10052,1.09841,1.09890,6996
2023.05.09,04:00,1.09889,1.09945,1.09840,1.09882,7035
2023.05.09,08:00,1.09879,1.10000,1.09718,1.09781,14839
2023.05.09,12:00,1.09778,1.09835,1.09490,1.09492,13294
2023.05.09,16:00,1.09492,1.09635,1.09402,1.09544,16189
2023.05.09,20:00,1.09544,1.09717,1.09535,1.09605,9586
2023.05.10,00:00,1.09616,1.09712,1.09449,1.09682,5158
2023.05.10,04:00,1.09683,1.09765,1.09675,1.09713,6468
2023.05.10,08:00,1.09712,1.09816,1.09493,1.09509,13849
2023.05.10,12:00,1.09510,1.10049,1.09408,1.09999,16516
2023.05.10,16:00,1.10002,1.10060,1.09633,1.09696,21849
2023.05.10,20:00,1.09696,1.09840,1.09608,1.09816,10015
2023.05.11,00:00,1.09781,1.09922,1.09775,1.09919,4947
2023.05.11,04:00,1.09920,1.09972,1.09687,1.09745,8261
2023.05.11,08:00,1.09744,1.09814,1.09175,1.09276,18271
2023.05.11,12:00,1.09276,1.09471,1.09169,1.09320,19594
2023.05.11,16:00,1.09320,1.09323,1.08993,1.09244,21557
2023.05.11,20:00,1.09243,1.09250,1.09099,1.09148,8033
2023.05.12,00:00,1.09145,1.09207,1.09106,1.09205,5001
2023.05.12,04:00,1.09206,1.09261,1.09142,1.09254,8470
2023.05.12,08:00,1.09253,1.09347,1.09038,1.09127,14917
2023.05.12,12:00,1.09127,1.09165,1.08805,1.08862,13216
2023.05.12,16:00,1.08861,1.08964,1.08477,1.08510,18770
2023.05.12,20:00,1.08508,1.08561,1.08470,1.08489,8559
2023.05.15,00:00,1.08532,1.08549,1.08412,1.08522,5424
2023.05.15,04:00,1.08524,1.08636,1.08516,1.08622,7347
2023.05.15,08:00,1.08625,1.08793,1.08594,1.08677,12410
2023.05.15,12:00,1.08678,1.08900,1.08548,1.08783,13481
2023.05.15,16:00,1.08782,1.08811,1.08632,1.08781,13476
2023.05.15,20:00,1.08780,1.08781,1.08720,1.08736,6859
2023.05.16,00:00,1.08720,1.08813,1.08711,1.08810,4197
2023.05.16,04:00,1.08810,1.08838,1.08676,1.08821,6907
2023.05.16,08:00,1.08822,1.08970,1.08622,1.08903,13969
2023.05.16,12:00,1.08904,1.09038,1.08672,1.08807,14564
2023.05.16,16:00,1.08807,1.08884,1.08542,1.08660,19733
2023.05.16,20:00,1.08664,1.08704,1.08574,1.08619,7584
2023.05.17,00:00,1.08632,1.08710,1.08593,1.08697,4318
2023.05.17,04:00,1.08696,1.08728,1.08614,1.08639,7997
2023.05.17,08:00,1.08637,1.08645,1.08263,1.08284,15050
2023.05.17,12:00,1.08278,1.08408,1.08130,1.08232,13555
2023.05.17,16:00,1.08231,1.08445,1.08095,1.08410,17927
2023.05.17,20:00,1.08414,1.08483,1.08357,1.08378,8646
2023.05.18,00:00,1.08361,1.08442,1.08337,1.08414,4903
2023.05.18,04:00,1.08413,1.08472,1.08317,1.08320,8732
2023.05.18,08:00,1.08322,1.08350,1.08083,1.08158,14409
2023.05.18,12:00,1.08158,1.08191,1.07846,1.07893,13515
2023.05.18,16:00,1.07892,1.07942,1.07620,1.07623,17734
2023.05.18,20:00,1.07624,1.07740,1.07617,1.07691,8421
2023.05.19,00:00,1.07675,1.07793,1.07654,1.07731,5382
2023.05.19,04:00,1.07730,1.07751,1.07592,1.07628,9001
2023.05.19,08:00,1.07625,1.07936,1.07609,1.07875,13633
2023.05.19,12:00,1.07873,1.08227,1.07869,1.08051,15446
2023.05.19,16:00,1.08047,1.08257,1.07813,1.08200,22177
2023.05.19,20:00,1.08201,1.08280,1.07969,1.08058,8306
2023.05.22,00:00,1.08047,1.08241,1.08033,1.08226,5141
2023.05.22,04:00,1.08228,1.08291,1.08170,1.08176,10067
2023.05.22,08:00,1.08177,1.08233,1.07946,1.08096,14565
2023.05.22,12:00,1.08095,1.08305,1.08073,1.08185,13448
2023.05.22,16:00,1.08186,1.08234,1.07954,1.08089,16722
2023.05.22,20:00,1.08090,1.08208,1.08073,1.08114,8364
2023.05.23,00:00,1.08084,1.08197,1.08057,1.08109,5630
2023.05.23,04:00,1.08108,1.08112,1.08019,1.08095,8331
2023.05.23,08:00,1.08094,1.08122,1.07842,1.08024,15660
2023.05.23,12:00,1.08023,1.08029,1.07624,1.07629,14067
2023.05.23,16:00,1.07630,1.07947,1.07595,1.07660,19184
2023.05.23,20:00,1.07661,1.07800,1.07635,1.07698,7995
2023.05.24,00:00,1.07694,1.07742,1.07669,1.07716,5206
2023.05.24,04:00,1.07717,1.07815,1.07670,1.07791,8592
2023.05.24,08:00,1.07792,1.07937,1.07695,1.07768,15741
2023.05.24,12:00,1.07767,1.08004,1.07475,1.07887,16332
2023.05.24,16:00,1.07887,1.07932,1.07488,1.07552,19903
2023.05.24,20:00,1.07554,1.07651,1.07482,1.07485,12086
2023.05.25,00:00,1.07512,1.07559,1.07414,1.07497,6341
2023.05.25,04:00,1.07494,1.07525,1.07320,1.07334,9353
2023.05.25,08:00,1.07333,1.07430,1.07133,1.07221,15709
2023.05.25,12:00,1.07220,1.07394,1.07140,1.07176,16440
2023.05.25,16:00,1.07174,1.07317,1.07066,1.07117,20051
2023.05.25,20:00,1.07118,1.07284,1.07105,1.07242,9184
2023.05.26,00:00,1.07230,1.07271,1.07182,1.07245,5926
2023.05.26,04:00,1.07246,1.07399,1.07236,1.07389,9109
2023.05.26,08:00,1.07393,1.07436,1.07246,1.07309,15322
2023.05.26,12:00,1.07307,1.07578,1.07249,1.07412,16086
2023.05.26,16:00,1.07411,1.07497,1.07010,1.07188,20640
2023.05.26,20:00,1.07189,1.07320,1.07179,1.07222,7436
2023.05.29,00:00,1.07222,1.07284,1.07164,1.07192,4640
2023.05.29,04:00,1.07190,1.07354,1.07177,1.07353,6208
2023.05.29,08:00,1.07354,1.07426,1.07145,1.07233,8764
2023.05.29,12:00,1.07232,1.07232,1.07091,1.07140,7689
2023.05.29,16:00,1.07139,1.07148,1.07052,1.07118,6152
2023.05.29,20:00,1.07120,1.07141,1.07047,1.07081,2799
2023.05.30,00:00,1.07088,1.07190,1.07033,1.07130,5306
2023.05.30,04:00,1.07130,1.07256,1.07005,1.07072,9033
2023.05.30,08:00,1.07073,1.07076,1.06716,1.07040,16960
2023.05.30,12:00,1.07039,1.07458,1.06963,1.07216,17203
2023.05.30,16:00,1.07217,1.07400,1.07154,1.07200,16154
2023.05.30,20:00,1.07200,1.07340,1.07135,1.07330,8292
2023.05.31,00:00,1.07303,1.07349,1.07267,1.07342,4524
2023.05.31,04:00,1.07343,1.07347,1.06935,1.06973,9853
2023.05.31,08:00,1.06970,1.06981,1.06579,1.06589,17262
2023.05.31,12:00,1.06601,1.06866,1.06595,1.06801,14005
2023.05.31,16:00,1.06802,1.07044,1.06343,1.06371,22784
2023.05.31,20:00,1.06373,1.06913,1.06346,1.06877,12630
2023.06.01,00:00,1.06839,1.06964,1.06811,1.06858,6562
2023.06.01,04:00,1.06857,1.06932,1.06795,1.06808,10368
2023.06.01,08:00,1.06809,1.06861,1.06611,1.06858,15574
2023.06.01,12:00,1.06859,1.07146,1.06822,1.07073,17832
2023.06.01,16:00,1.07075,1.07632,1.07021,1.07592,22260
2023.06.01,20:00,1.07593,1.07677,1.07549,1.07615,8659
2023.06.02,00:00,1.07611,1.07648,1.07553,1.07610,5277
2023.06.02,04:00,1.07609,1.07682,1.07579,1.07623,7659
2023.06.02,08:00,1.07623,1.07782,1.07593,1.07734,12573
2023.06.02,12:00,1.07736,1.07762,1.07341,1.07466,15957
2023.06.02,16:00,1.07471,1.07701,1.07078,1.07093,19941
2023.06.02,20:00,1.07093,1.07150,1.07044,1.07069,7714
2023.06.05,00:00,1.07065,1.07090,1.06896,1.06929,6105
2023.06.05,04:00,1.06931,1.07038,1.06900,1.06992,8704
2023.06.05,08:00,1.06991,1.07029,1.06826,1.06951,13646
2023.06.05,12:00,1.06952,1.06983,1.06737,1.06782,11822
2023.06.05,16:00,1.06780,1.07216,1.06771,1.07107,18914
2023.06.05,20:00,1.07106,1.07167,1.07066,1.07114,7999
2023.06.06,00:00,1.07132,1.07161,1.07066,1.07154,4511
2023.06.06,04:00,1.07154,1.07239,1.07120,1.07226,9007
2023.06.06,08:00,1.07226,1.07321,1.06945,1.06985,17436
2023.06.06,12:00,1.06985,1.07003,1.06662,1.06698,13975
2023.06.06,16:00,1.06698,1.06970,1.06684,1.06876,15858
2023.06.06,20:00,1.06877,1.06954,1.06814,1.06916,6445
2023.06.07,00:00,1.06921,1.07036,1.06905,1.06996,4225
2023.06.07,04:00,1.06997,1.07007,1.06880,1.06897,7506
2023.06.07,08:00,1.06896,1.06926,1.06675,1.06922,12244
2023.06.07,12:00,1.06922,1.07223,1.06893,1.07153,13736
2023.06.07,16:00,1.07152,1.07389,1.06921,1.06925,19601
2023.06.07,20:00,1.06925,1.07045,1.06903,1.06983,8632
2023.06.08,00:00,1.06954,1.07092,1.06949,1.07078,5135
2023.06.08,04:00,1.07080,1.07128,1.07022,1.07108,8191
2023.06.08,08:00,1.07107,1.07292,1.07002,1.07258,13699
2023.06.08,12:00,1.07258,1.07582,1.07201,1.07463,14921
2023.06.08,16:00,1.07461,1.07863,1.07414,1.07839,19261
2023.06.08,20:00,1.07836,1.07850,1.07728,1.07824,8061
2023.06.09,00:00,1.07796,1.07843,1.07792,1.07812,4765
2023.06.09,04:00,1.07814,1.07842,1.07739,1.07746,7382
2023.06.09,08:00,1.07745,1.07832,1.07585,1.07626,13125
2023.06.09,12:00,1.07626,1.07833,1.07557,1.07662,14636
2023.06.09,16:00,1.07662,1.07743,1.07428,1.07475,16536
2023.06.09,20:00,1.07472,1.07515,1.07421,1.07480,6999
2023.06.12,00:00,1.07476,1.07507,1.07423,1.07447,4072
2023.06.12,04:00,1.07444,1.07451,1.07323,1.07401,8611
2023.06.12,08:00,1.07401,1.07833,1.07396,1.07764,12953
2023.06.12,12:00,1.07765,1.07892,1.07597,1.07653,14164
2023.06.12,16:00,1.07653,1.07707,1.07421,1.07478,16704
2023.06.12,20:00,1.07478,1.07625,1.07441,1.07569,8269
2023.06.13,00:00,1.07542,1.07659,1.07526,1.07596,4914
2023.06.13,04:00,1.07597,1.07822,1.07585,1.07811,7674
2023.06.13,08:00,1.07811,1.08073,1.07806,1.08067,15732
2023.06.13,12:00,1.08067,1.08227,1.07838,1.08132,15913
2023.06.13,16:00,1.08133,1.08170,1.07774,1.08015,21023
2023.06.13,20:00,1.08015,1.08034,1.07821,1.07920,9644
2023.06.14,00:00,1.07918,1.07930,1.07849,1.07892,4892
2023.06.14,04:00,1.07893,1.07952,1.07838,1.07887,7242
2023.06.14,08:00,1.07888,1.08039,1.07734,1.08012,11465
2023.06.14,12:00,1.08011,1.08326,1.07957,1.08304,12629
2023.06.14,16:00,1.08303,1.08633,1.08265,1.08615,14883
2023.06.14,20:00,1.08616,1.08621,1.08005,1.08303,22452
2023.06.15,00:00,1.08333,1.08437,1.08239,1.08374,4193
2023.06.15,04:00,1.08373,1.08373,1.08076,1.08108,9125
2023.06.15,08:00,1.08107,1.08365,1.08030,1.08320,12131
2023.06.15,12:00,1.08321,1.08802,1.08137,1.08637,16900
2023.06.15,16:00,1.08632,1.09442,1.08577,1.09431,20142
2023.06.15,20:00,1.09430,1.09516,1.09386,1.09446,8195
2023.06.16,00:00,1.09419,1.09505,1.09391,1.09411,5267
2023.06.16,04:00,1.09411,1.09476,1.09348,1.09381,8638
2023.06.16,08:00,1.09380,1.09615,1.09330,1.09498,14544
2023.06.16,12:00,1.09496,1.09698,1.09389,1.09502,13198
2023.06.16,16:00,1.09500,1.09663,1.09171,1.09331,21339
2023.06.16,20:00,1.09330,1.09446,1.09312,1.09410,8798
2023.06.19,00:00,1.09382,1.09455,1.09309,1.09359,5800
2023.06.19,04:00,1.09359,1.09399,1.09315,1.09339,8743
2023.06.19,08:00,1.09338,1.09406,1.09243,1.09287,13418
2023.06.19,12:00,1.09286,1.09288,1.09063,1.09252,10895
2023.06.19,16:00,1.09251,1.09281,1.09115,1.09153,10291
2023.06.19,20:00,1.09152,1.09217,1.09150,1.09206,3327
2023.06.20,00:00,1.09190,1.09254,1.09162,1.09195,5369
2023.06.20,04:00,1.09191,1.09230,1.09100,1.09129,9692
2023.06.20,08:00,1.09129,1.09454,1.09110,1.09371,15037
2023.06.20,12:00,1.09370,1.09391,1.09113,1.09186,13709
2023.06.20,16:00,1.09185,1.09237,1.08919,1.09142,20099
2023.06.20,20:00,1.09142,1.09178,1.09089,1.09173,8572
2023.06.21,00:00,1.09163,1.09216,1.09139,1.09152,5337
2023.06.21,04:00,1.09151,1.09202,1.09110,1.09154,9480
2023.06.21,08:00,1.09154,1.09330,1.09049,1.09241,16060
2023.06.21,12:00,1.09244,1.09290,1.09076,1.09244,15776
2023.06.21,16:00,1.09241,1.09730,1.09098,1.09698,21710
2023.06.21,20:00,1.09695,1.09901,1.09664,1.09853,9833
2023.06.22,00:00,1.09855,1.09915,1.09810,1.09876,6216
2023.06.22,04:00,1.09877,1.09942,1.09858,1.09864,6926
2023.06.22,08:00,1.09864,1.10028,1.09791,1.09921,14862
2023.06.22,12:00,1.09921,1.10114,1.09797,1.09818,17352
2023.06.22,16:00,1.09815,1.09883,1.09478,1.09537,20763
2023.06.22,20:00,1.09538,1.09608,1.09492,1.09550,9258
2023.06.23,00:00,1.09547,1.09577,1.09520,1.09544,5861
2023.06.23,04:00,1.09544,1.09555,1.09280,1.09322,10644
2023.06.23,08:00,1.09323,1.09332,1.08477,1.08483,20032
2023.06.23,12:00,1.08483,1.08948,1.08436,1.08865,16232
2023.06.23,16:00,1.08866,1.09019,1.08781,1.08849,20402
2023.06.23,20:00,1.08852,1.08956,1.08852,1.08895,9829
2023.06.26,00:00,1.09003,1.09086,1.08936,1.09045,6960
2023.06.26,04:00,1.09049,1.09090,1.08988,1.09016,10058
2023.06.26,08:00,1.09016,1.09101,1.08866,1.08912,16087
2023.06.26,12:00,1.08912,1.09192,1.08899,1.09167,12686
2023.06.26,16:00,1.09167,1.09193,1.08992,1.09078,16170
2023.06.26,20:00,1.09079,1.09145,1.09032,1.09044,7531
2023.06.27,00:00,1.09053,1.09115,1.09012,1.09037,4788
2023.06.27,04:00,1.09036,1.09341,1.09030,1.09225,11149
2023.06.27,08:00,1.09224,1.09429,1.09153,1.09387,15582
2023.06.27,12:00,1.09386,1.09712,1.09252,1.09645,15605
2023.06.27,16:00,1.09647,1.09759,1.09415,1.09580,21354
2023.06.27,20:00,1.09579,1.09631,1.09542,1.09599,8419
2023.06.28,00:00,1.09570,1.09618,1.09520,1.09538,5841
2023.06.28,04:00,1.09538,1.09554,1.09415,1.09479,10601
2023.06.28,08:00,1.09479,1.09597,1.09352,1.09520,14658
2023.06.28,12:00,1.09515,1.09613,1.09253,1.09269,16430
2023.06.28,16:00,1.09268,1.09435,1.08961,1.09101,22420
2023.06.28,20:00,1.09100,1.09229,1.09092,1.09121,9710
2023.06.29,00:00,1.09127,1.09179,1.09004,1.09061,4850
2023.06.29,04:00,1.09062,1.09136,1.08800,1.08845,10238
2023.06.29,08:00,1.08845,1.09209,1.08832,1.09136,16373
2023.06.29,12:00,1.09136,1.09405,1.08724,1.08797,16046
2023.06.29,16:00,1.08801,1.08959,1.08594,1.08698,23135
2023.06.29,20:00,1.08699,1.08741,1.08630,1.08632,8876
2023.06.30,00:00,1.08629,1.08731,1.08618,1.08713,5124
2023.06.30,04:00,1.08714,1.08746,1.08595,1.08690,10401
2023.06.30,08:00,1.08691,1.08746,1.08345,1.08380,15338
2023.06.30,12:00,1.08368,1.08969,1.08351,1.08962,16564
2023.06.30,16:00,1.08961,1.09310,1.08954,1.09175,23658
2023.06.30,20:00,1.09175,1.09221,1.09070,1.09089,9761
2023.07.03,00:00,1.09112,1.09127,1.08998,1.09008,4207
2023.07.03,04:00,1.09004,1.09174,1.09004,1.09168,7732
2023.07.03,08:00,1.09167,1.09173,1.08695,1.08856,14054
2023.07.03,12:00,1.08857,1.09090,1.08753,1.09080,13891
2023.07.03,16:00,1.09081,1.09331,1.09011,1.09147,18685
2023.07.03,20:00,1.09150,1.09155,1.09075,1.09130,4235
2023.07.04,00:00,1.09098,1.09148,1.09078,1.09090,3719
2023.07.04,04:00,1.09091,1.09155,1.08998,1.08998,6923
2023.07.04,08:00,1.08996,1.09140,1.08913,1.08944,11382
2023.07.04,12:00,1.08946,1.09030,1.08889,1.08999,9959
2023.07.04,16:00,1.08998,1.09066,1.08912,1.08936,8520
2023.07.04,20:00,1.08939,1.08964,1.08760,1.08784,4247
2023.07.05,00:00,1.08793,1.08901,1.08765,1.08859,4773
2023.07.05,04:00,1.08859,1.08863,1.08742,1.08749,7537
2023.07.05,08:00,1.08748,1.09071,1.08655,1.08872,15868
2023.07.05,12:00,1.08872,1.09012,1.08746,1.08934,14744
2023.07.05,16:00,1.08934,1.09006,1.08584,1.08600,18843
2023.07.05,20:00,1.08601,1.08646,1.08501,1.08531,9559
2023.07.06,00:00,1.08540,1.08564,1.08457,1.08481,5060
2023.07.06,04:00,1.08478,1.08527,1.08330,1.08425,9817
2023.07.06,08:00,1.08426,1.08744,1.08408,1.08632,17224
2023.07.06,12:00,1.08633,1.08998,1.08575,1.08731,20123
2023.07.06,16:00,1.08730,1.08869,1.08332,1.08717,24611
2023.07.06,20:00,1.08718,1.08916,1.08715,1.08915,8596
2023.07.07,00:00,1.08867,1.08942,1.08817,1.08843,4520
2023.07.07,04:00,1.08841,1.08943,1.08826,1.08902,8958
2023.07.07,08:00,1.08904,1.08995,1.08662,1.08771,15609
2023.07.07,12:00,1.08770,1.09307,1.08638,1.09112,19348
2023.07.07,16:00,1.09112,1.09720,1.08946,1.09710,24726
2023.07.07,20:00,1.09709,1.09725,1.09624,1.09677,9306
2023.07.10,00:00,1.09601,1.09689,1.09538,1.09634,6225
2023.07.10,04:00,1.09634,1.09686,1.09517,1.09522,10754
2023.07.10,08:00,1.09523,1.09647,1.09442,1.09639,14371
2023.07.10,12:00,1.09640,1.09722,1.09426,1.09462,14935
2023.07.10,16:00,1.09462,1.09920,1.09462,1.09885,19494
2023.07.10,20:00,1.09885,1.10005,1.09865,1.10003,8455
2023.07.11,00:00,1.10002,1.10079,1.09937,1.10058,5273
2023.07.11,04:00,1.10059,1.10192,1.10050,1.10189,10677
2023.07.11,08:00,1.10189,1.10261,1.10015,1.10021,17534
2023.07.11,12:00,1.10020,1.10118,1.09761,1.09810,15113
2023.07.11,16:00,1.09811,1.10021,1.09777,1.10016,16821
2023.07.11,20:00,1.10016,1.10083,1.09968,1.10077,8424
2023.07.12,00:00,1.10052,1.10208,1.10032,1.10178,6370
2023.07.12,04:00,1.10179,1.10360,1.10177,1.10353,10617
2023.07.12,08:00,1.10352,1.10352,1.10198,1.10214,13654
2023.07.12,12:00,1.10211,1.10708,1.10127,1.10570,17681
2023.07.12,16:00,1.10573,1.11326,1.10555,1.11312,25666
2023.07.12,20:00,1.11311,1.11396,1.11238,1.11309,10026
2023.07.13,00:00,1.11300,1.11442,1.11270,1.11376,6056
2023.07.13,04:00,1.11375,1.11479,1.11357,1.11401,10500
2023.07.13,08:00,1.11400,1.11692,1.11292,1.11601,18266
2023.07.13,12:00,1.11601,1.11889,1.11542,1.11788,19177
2023.07.13,16:00,1.11789,1.12079,1.11754,1.12050,21267
2023.07.13,20:00,1.12050,1.12272,1.12014,1.12253,10382
2023.07.14,00:00,1.12209,1.12288,1.12126,1.12219,7228
2023.07.14,04:00,1.12219,1.12421,1.12213,1.12322,11978
2023.07.14,08:00,1.12323,1.12351,1.12034,1.12304,16189
2023.07.14,12:00,1.12305,1.12439,1.12094,1.12249,16179
2023.07.14,16:00,1.12250,1.12435,1.12145,1.12386,22207
2023.07.14,20:00,1.12387,1.12387,1.12236,1.12240,9496
2023.07.17,00:00,1.12278,1.12308,1.12200,1.12238,5491
2023.07.17,04:00,1.12240,1.12277,1.12138,1.12261,8512
2023.07.17,08:00,1.12261,1.12481,1.12214,1.12371,13432
2023.07.17,12:00,1.12370,1.12440,1.12200,1.12345,14768
2023.07.17,16:00,1.12346,1.12375,1.12027,1.12322,15607
2023.07.17,20:00,1.12321,1.12453,1.12312,1.12373,7373
2023.07.18,00:00,1.12366,1.12457,1.12339,1.12410,5480
2023.07.18,04:00,1.12413,1.12555,1.12380,1.12509,11671
2023.07.18,08:00,1.12510,1.12750,1.12273,1.12364,17748
2023.07.18,12:00,1.12365,1.12690,1.12224,1.12359,19205
2023.07.18,16:00,1.12358,1.12450,1.12083,1.12138,25181
2023.07.18,20:00,1.12139,1.12308,1.12084,1.12271,9794
2023.07.19,00:00,1.12272,1.12321,1.12245,1.12288,6204
2023.07.19,04:00,1.12289,1.12305,1.12155,1.12208,11772
2023.07.19,08:00,1.12209,1.12363,1.11953,1.12317,20434
2023.07.19,12:00,1.12313,1.12394,1.12080,1.12162,16959
2023.07.19,16:00,1.12163,1.12237,1.11735,1.11914,21681
2023.07.19,20:00,1.11915,1.12042,1.11894,1.12018,9577
2023.07.20,00:00,1.11990,1.12195,1.11936,1.12174,6311
2023.07.20,04:00,1.12172,1.12283,1.12148,1.12205,12574
2023.07.20,08:00,1.12204,1.12224,1.11972,1.12077,16421
2023.07.20,12:00,1.12072,1.12160,1.11764,1.11819,17478
2023.07.20,16:00,1.11819,1.11878,1.11176,1.11233,21624
2023.07.20,20:00,1.11234,1.11339,1.11212,1.11287,8985
2023.07.21,00:00,1.11309,1.11373,1.11289,1.11367,6438
2023.07.21,04:00,1.11366,1.11410,1.11302,1.11387,10608
2023.07.21,08:00,1.11389,1.11440,1.11207,1.11275,17280
2023.07.21,12:00,1.11274,1.11335,1.11165,1.11275,16430
2023.07.21,16:00,1.11273,1.11372,1.11071,1.11227,17807
2023.07.21,20:00,1.11227,1.11293,1.11183,1.11243,7872
2023.07.24,00:00,1.11235,1.11320,1.11219,1.11290,5725
2023.07.24,04:00,1.11290,1.11304,1.11161,1.11193,10643
2023.07.24,08:00,1.11193,1.11461,1.10650,1.10701,19971
2023.07.24,12:00,1.10701,1.11082,1.10686,1.10870,17423
2023.07.24,16:00,1.10869,1.11032,1.10682,1.10807,21043
2023.07.24,20:00,1.10806,1.10837,1.10594,1.10638,9289
2023.07.25,00:00,1.10626,1.10693,1.10589,1.10665,5994
2023.07.25,04:00,1.10666,1.10807,1.10663,1.10695,10598
2023.07.25,08:00,1.10693,1.10861,1.10519,1.10639,16625
2023.07.25,12:00,1.10638,1.10668,1.10385,1.10478,12686
2023.07.25,16:00,1.10478,1.10538,1.10201,1.10415,15573
2023.07.25,20:00,1.10414,1.10545,1.10346,1.10544,9133
2023.07.26,00:00,1.10523,1.10570,1.10434,1.10449,5912
2023.07.26,04:00,1.10448,1.10523,1.10370,1.10473,9834
2023.07.26,08:00,1.10471,1.10768,1.10467,1.10748,16215
2023.07.26,12:00,1.10748,1.10853,1.10566,1.10674,14674
2023.07.26,16:00,1.10673,1.10814,1.10568,1.10710,18671
2023.07.26,20:00,1.10709,1.11059,1.10558,1.10849,23851
2023.07.27,00:00,1.10813,1.10887,1.10766,1.10857,5943
2023.07.27,04:00,1.10856,1.11172,1.10856,1.10953,11754
2023.07.27,08:00,1.10952,1.11384,1.10871,1.11382,17920
2023.07.27,12:00,1.11383,1.11488,1.10470,1.10586,21058
2023.07.27,16:00,1.10583,1.10644,1.09831,1.09894,29060
2023.07.27,20:00,1.09897,1.10093,1.09651,1.09759,18481
2023.07.28,00:00,1.09752,1.09829,1.09752,1.09794,6711
2023.07.28,04:00,1.09794,1.09875,1.09590,1.09719,20586
2023.07.28,08:00,1.09720,1.09905,1.09428,1.09589,25034
2023.07.28,12:00,1.09589,1.10324,1.09557,1.10085,19637
2023.07.28,16:00,1.10082,1.10467,1.09923,1.10247,23273
2023.07.28,20:00,1.10246,1.10289,1.10113,1.10133,10318
2023.07.31,00:00,1.10172,1.10276,1.10158,1.10216,7360
2023.07.31,04:00,1.10212,1.10257,1.10049,1.10051,12561
2023.07.31,08:00,1.10051,1.10352,1.10045,1.10335,17414
2023.07.31,12:00,1.10330,1.10393,1.10181,1.10274,14733
2023.07.31,16:00,1.10274,1.10450,1.10030,1.10061,20346
2023.07.31,20:00,1.10059,1.10105,1.09927,1.09961,8975
2023.08.01,00:00,1.09936,1.10022,1.09876,1.09882,5360
2023.08.01,04:00,1.09880,1.09902,1.09797,1.09893,9381
2023.08.01,08:00,1.09893,1.09994,1.09695,1.09738,16235
2023.08.01,12:00,1.09740,1.09838,1.09516,1.09556,15649
2023.08.01,16:00,1.09557,1.09882,1.09552,1.09713,20494
2023.08.01,20:00,1.09712,1.09845,1.09619,1.09832,7927
2023.08.02,00:00,1.09808,1.10189,1.09805,1.09954,10642
2023.08.02,04:00,1.09954,1.10066,1.09795,1.09885,12503
2023.08.02,08:00,1.09881,1.09998,1.09753,1.09835,19820
2023.08.02,12:00,1.09834,1.09864,1.09567,1.09589,19267
2023.08.02,16:00,1.09589,1.09670,1.09173,1.09498,22545
2023.08.02,20:00,1.09498,1.09568,1.09340,1.09375,9270
2023.08.03,00:00,1.09364,1.09449,1.09363,1.09392,6687
2023.08.03,04:00,1.09392,1.09485,1.09217,1.09225,11165
2023.08.03,08:00,1.09226,1.09424,1.09116,1.09240,20002
2023.08.03,12:00,1.09238,1.09553,1.09208,1.09372,22311
2023.08.03,16:00,1.09368,1.09620,1.09147,1.09544,23557
2023.08.03,20:00,1.09542,1.09561,1.09376,1.09483,8412
2023.08.04,00:00,1.09420,1.09547,1.09404,1.09546,6709
2023.08.04,04:00,1.09546,1.09606,1.09486,1.09495,12832
2023.08.04,08:00,1.09496,1.09575,1.09369,1.09394,15433
2023.08.04,12:00,1.09394,1.09972,1.09342,1.09889,18372
2023.08.04,16:00,1.09882,1.10411,1.09855,1.10331,25090
2023.08.04,20:00,1.10331,1.10382,1.10029,1.10052,10577
2023.08.07,00:00,1.10111,1.10155,1.10001,1.10092,6833
2023.08.07,04:00,1.10088,1.10092,1.09910,1.09958,9550
2023.08.07,08:00,1.09957,1.09966,1.09700,1.09739,14241
2023.08.07,12:00,1.09738,1.09953,1.09646,1.09948,12641
2023.08.07,16:00,1.09948,1.10109,1.09850,1.10000,15293
2023.08.07,20:00,1.09998,1.10092,1.09947,1.10024,6891
2023.08.08,00:00,1.10022,1.10046,1.09889,1.09911,5233
2023.08.08,04:00,1.09908,1.09918,1.09760,1.09913,10997
2023.08.08,08:00,1.09913,1.10103,1.09729,1.09845,16147
2023.08.08,12:00,1.09846,1.09856,1.09339,1.09423,18004
2023.08.08,16:00,1.09423,1.09569,1.09283,1.09475,17643
2023.08.08,20:00,1.09474,1.09611,1.09472,1.09558,8421
2023.08.09,00:00,1.09543,1.09645,1.09511,1.09570,5057
2023.08.09,04:00,1.09568,1.09700,1.09545,1.09660,10956
2023.08.09,08:00,1.09660,1.09879,1.09660,1.09830,15158
2023.08.09,12:00,1.09829,1.09863,1.09613,1.09808,14717
2023.08.09,16:00,1.09809,1.09946,1.09708,1.09777,17624
2023.08.09,20:00,1.09776,1.09909,1.09704,1.09728,8756
2023.08.10,00:00,1.09756,1.09780,1.09665,1.09701,4741
2023.08.10,04:00,1.09700,1.09874,1.09668,1.09785,8699
2023.08.10,08:00,1.09787,1.10254,1.09778,1.10178,14281
2023.08.10,12:00,1.10177,1.10643,1.10103,1.10412,16585
2023.08.10,16:00,1.10412,1.10449,1.10069,1.10124,25274
2023.08.10,20:00,1.10125,1.10133,1.09755,1.09798,14690
2023.08.11,00:00,1.09798,1.09883,1.09781,1.09871,5231
2023.08.11,04:00,1.09872,1.09970,1.09831,1.09845,8715
2023.08.11,08:00,1.09846,1.10024,1.09832,1.09987,14520
2023.08.11,12:00,1.09986,1.10041,1.09651,1.09675,17092
2023.08.11,16:00,1.09675,1.09830,1.09449,1.09457,22821
2023.08.11,20:00,1.09456,1.09549,1.09421,1.09448,8919
2023.08.14,00:00,1.09495,1.09513,1.09354,1.09363,5802
2023.08.14,04:00,1.09362,1.09400,1.09283,1.09347,11550
2023.08.14,08:00,1.09348,1.09593,1.09255,1.09453,16174
2023.08.14,12:00,1.09456,1.09522,1.09012,1.09048,16842
2023.08.14,16:00,1.09049,1.09352,1.08740,1.09276,22463
2023.08.14,20:00,1.09276,1.09304,1.09019,1.09056,9877
2023.08.15,00:00,1.09070,1.09086,1.09007,1.09065,5328
2023.08.15,04:00,1.09066,1.09167,1.08996,1.09094,11582
2023.08.15,08:00,1.09088,1.09334,1.09056,1.09269,19560
2023.08.15,12:00,1.09270,1.09439,1.08964,1.09211,21004
2023.08.15,16:00,1.09210,1.09516,1.09141,1.09168,26133
2023.08.15,20:00,1.09168,1.09202,1.08982,1.09040,9959
2023.08.16,00:00,1.09044,1.09058,1.08984,1.09024,5541
2023.08.16,04:00,1.09020,1.09127,1.08982,1.09126,11444
2023.08.16,08:00,1.09125,1.09337,1.09097,1.09273,16324
2023.08.16,12:00,1.09272,1.09317,1.09014,1.09014,16343
2023.08.16,16:00,1.09013,1.09225,1.08854,1.08859,22233
2023.08.16,20:00,1.08860,1.08993,1.08706,1.08785,15019
2023.08.17,00:00,1.08778,1.08821,1.08654,1.08686,6436
2023.08.17,04:00,1.08687,1.08699,1.08609,1.08676,11944
2023.08.17,08:00,1.08677,1.08858,1.08620,1.08722,16559
2023.08.17,12:00,1.08723,1.09172,1.08631,1.09056,20578
2023.08.17,16:00,1.09054,1.09169,1.08659,1.08771,23579
2023.08.17,20:00,1.08771,1.08776,1.08554,1.08717,12350
2023.08.18,00:00,1.08680,1.08912,1.08656,1.08888,9226
2023.08.18,04:00,1.08891,1.08931,1.08796,1.08816,13177
2023.08.18,08:00,1.08816,1.08864,1.08629,1.08666,16766
2023.08.18,12:00,1.08666,1.08753,1.08440,1.08546,16198
2023.08.18,16:00,1.08547,1.08806,1.08521,1.08723,20987
2023.08.18,20:00,1.08723,1.08804,1.08674,1.08693,10180
2023.08.21,00:00,1.08677,1.08834,1.08644,1.08790,5499
2023.08.21,04:00,1.08789,1.08830,1.08689,1.08803,10959
2023.08.21,08:00,1.08804,1.08889,1.08716,1.08853,15562
2023.08.21,12:00,1.08854,1.09127,1.08847,1.08976,16038
2023.08.21,16:00,1.08976,1.09035,1.08745,1.09007,20145
2023.08.21,20:00,1.09008,1.09026,1.08919,1.08946,9351
2023.08.22,00:00,1.08907,1.09008,1.08904,1.08995,5087
2023.08.22,04:00,1.08996,1.09160,1.08971,1.09082,10847
2023.08.22,08:00,1.09082,1.09296,1.09038,1.09092,16330
2023.08.22,12:00,1.09092,1.09115,1.08641,1.08653,15432
2023.08.22,16:00,1.08653,1.08704,1.08321,1.08486,20585
2023.08.22,20:00,1.08486,1.08546,1.08427,1.08451,8896
2023.08.23,00:00,1.08447,1.08527,1.08409,1.08463,4658
2023.08.23,04:00,1.08462,1.08598,1.08438,1.08598,10635
2023.08.23,08:00,1.08598,1.08706,1.08111,1.08183,18637
2023.08.23,12:00,1.08189,1.08198,1.08017,1.08034,16732
2023.08.23,16:00,1.08035,1.08674,1.08026,1.08621,23570
2023.08.23,20:00,1.08620,1.08693,1.08550,1.08627,10615
2023.08.24,00:00,1.08640,1.08745,1.08596,1.08688,5701
2023.08.24,04:00,1.08687,1.08702,1.08576,1.08690,9775
2023.08.24,08:00,1.08691,1.08758,1.08512,1.08612,15988
2023.08.24,12:00,1.08611,1.08627,1.08134,1.08199,16224
2023.08.24,16:00,1.08200,1.08479,1.08172,1.08204,21663
2023.08.24,20:00,1.08205,1.08231,1.08043,1.08096,10069
2023.08.25,00:00,1.08083,1.08153,1.07920,1.07937,6343
2023.08.25,04:00,1.07936,1.07943,1.07761,1.07817,10177
2023.08.25,08:00,1.07816,1.07913,1.07653,1.07856,16190
2023.08.25,12:00,1.07855,1.08161,1.07840,1.08120,13996
2023.08.25,16:00,1.08119,1.08408,1.07651,1.07956,28659
2023.08.25,20:00,1.07957,1.08117,1.07899,1.07941,11880
2023.08.28,00:00,1.07954,1.08038,1.07920,1.08015,7020
2023.08.28,04:00,1.08015,1.08104,1.08006,1.08068,9794
2023.08.28,08:00,1.08067,1.08200,1.07986,1.07998,12012
2023.08.28,12:00,1.07997,1.08213,1.07994,1.08094,13532
2023.08.28,16:00,1.08095,1.08132,1.07981,1.08067,18789
2023.08.28,20:00,1.08067,1.08191,1.08030,1.08183,8613
2023.08.29,00:00,1.08154,1.08308,1.08119,1.08229,5619
2023.08.29,04:00,1.08229,1.08375,1.08225,1.08233,9250
2023.08.29,08:00,1.08234,1.08288,1.08075,1.08093,13969
2023.08.29,12:00,1.08092,1.08154,1.07853,1.07916,15423
2023.08.29,16:00,1.07915,1.08632,1.07815,1.08619,26454
2023.08.29,20:00,1.08617,1.08911,1.08597,1.08783,13616
2023.08.30,00:00,1.08742,1.08840,1.08662,1.08690,6404
2023.08.30,04:00,1.08690,1.08714,1.08596,1.08598,10155
2023.08.30,08:00,1.08597,1.08758,1.08543,1.08664,15897
2023.08.30,12:00,1.08667,1.09249,1.08652,1.09209,18518
2023.08.30,16:00,1.09205,1.09447,1.09124,1.09249,22626
2023.08.30,20:00,1.09249,1.09320,1.09160,1.09222,8905
2023.08.31,00:00,1.09196,1.09331,1.09185,1.09322,5385
2023.08.31,04:00,1.09322,1.09387,1.09175,1.09177,8654
2023.08.31,08:00,1.09176,1.09236,1.08763,1.08770,15186
2023.08.31,12:00,1.08771,1.08841,1.08566,1.08735,19463
2023.08.31,16:00,1.08736,1.08739,1.08343,1.08378,22482
2023.08.31,20:00,1.08382,1.08535,1.08358,1.08428,10117
2023.09.01,00:00,1.08401,1.08445,1.08354,1.08369,6033
2023.09.01,04:00,1.08368,1.08533,1.08368,1.08458,8906
2023.09.01,08:00,1.08457,1.08587,1.08277,1.08477,14584
2023.09.01,12:00,1.08476,1.08809,1.08316,1.08631,17714
2023.09.01,16:00,1.08636,1.08803,1.07792,1.07831,28652
2023.09.01,20:00,1.07832,1.07883,1.07712,1.07725,8793
2023.09.04,00:00,1.07750,1.07801,1.07707,1.07779,4446
2023.09.04,04:00,1.07778,1.07865,1.07740,1.07861,7625
2023.09.04,08:00,1.07861,1.08060,1.07828,1.07970,11524
2023.09.04,12:00,1.07971,1.08080,1.07917,1.07965,10252
2023.09.04,16:00,1.07965,1.08045,1.07825,1.07931,8454
2023.09.04,20:00,1.07932,1.07959,1.07921,1.07959,4616
2023.09.05,00:00,1.07933,1.07968,1.07876,1.07922,5092
2023.09.05,04:00,1.07924,1.07976,1.07799,1.07913,8114
2023.09.05,08:00,1.07914,1.07927,1.07410,1.07474,17309
2023.09.05,12:00,1.07473,1.07562,1.07159,1.07431,16952
2023.09.05,16:00,1.07437,1.07478,1.07056,1.07287,21607
2023.09.05,20:00,1.07286,1.07306,1.07181,1.07211,8688
2023.09.06,00:00,1.07228,1.07273,1.07142,1.07184,4919
2023.09.06,04:00,1.07184,1.07352,1.07127,1.07350,9377
2023.09.06,08:00,1.07352,1.07473,1.07233,1.07332,16557
2023.09.06,12:00,1.07332,1.07480,1.07239,1.07361,13324
2023.09.06,16:00,1.07360,1.07394,1.07018,1.07200,20853
2023.09.06,20:00,1.07199,1.07286,1.07192,1.07250,8309
2023.09.07,00:00,1.07218,1.07267,1.07182,1.07214,4025
2023.09.07,04:00,1.07212,1.07310,1.07172,1.07183,6863
2023.09.07,08:00,1.07183,1.07248,1.07071,1.07097,13700
2023.09.07,12:00,1.07097,1.07170,1.06856,1.06925,14386
2023.09.07,16:00,1.06925,1.07089,1.06856,1.07032,16851
2023.09.07,20:00,1.07030,1.07087,1.06930,1.06948,7458
2023.09.08,00:00,1.06962,1.07142,1.06932,1.07132,6399
2023.09.08,04:00,1.07134,1.07225,1.07039,1.07127,8013
2023.09.08,08:00,1.07127,1.07271,1.07068,1.07111,12693
2023.09.08,12:00,1.07110,1.07128,1.06935,1.07015,13629
2023.09.08,16:00,1.07016,1.07429,1.06986,1.07035,16369
2023.09.08,20:00,1.07036,1.07099,1.06962,1.06990,8048
2023.09.11,00:00,1.07137,1.07203,1.07072,1.07125,7302
2023.09.11,04:00,1.07124,1.07367,1.07094,1.07346,10791
2023.09.11,08:00,1.07345,1.07406,1.07214,1.07278,13966
2023.09.11,12:00,1.07277,1.07336,1.07147,1.07267,12708
2023.09.11,16:00,1.07265,1.07585,1.07215,1.07502,15780
2023.09.11,20:00,1.07501,1.07515,1.07434,1.07492,8804
2023.09.12,00:00,1.07481,1.07524,1.07415,1.07431,4099
2023.09.12,04:00,1.07431,1.07683,1.07369,1.07382,8435
2023.09.12,08:00,1.07383,1.07401,1.07113,1.07136,12241
2023.09.12,12:00,1.07137,1.07252,1.07051,1.07066,12558
2023.09.12,16:00,1.07063,1.07367,1.07047,1.07224,13853
2023.09.12,20:00,1.07224,1.07639,1.07224,1.07540,9875
2023.09.13,00:00,1.07512,1.07634,1.07510,1.07586,4839
2023.09.13,04:00,1.07585,1.07641,1.07439,1.07515,8593
2023.09.13,08:00,1.07517,1.07537,1.07304,1.07343,13704
2023.09.13,12:00,1.07343,1.07607,1.07102,1.07469,17307
2023.09.13,16:00,1.07469,1.07551,1.07263,1.07398,21373
2023.09.13,20:00,1.07399,1.07484,1.07272,1.07285,10276
2023.09.14,00:00,1.07277,1.07416,1.07276,1.07392,5218
2023.09.14,04:00,1.07394,1.07480,1.07310,1.07465,8461
2023.09.14,08:00,1.07466,1.07513,1.07314,1.07333,11143
2023.09.14,12:00,1.07333,1.07465,1.06547,1.06759,18842
2023.09.14,16:00,1.06763,1.06966,1.06443,1.06479,24316
2023.09.14,20:00,1.06478,1.06499,1.06311,1.06434,10031
2023.09.15,00:00,1.06417,1.06430,1.06335,1.06415,4363
2023.09.15,04:00,1.06414,1.06528,1.06325,1.06526,8027
2023.09.15,08:00,1.06527,1.06679,1.06480,1.06648,13236
2023.09.15,12:00,1.06648,1.06685,1.06445,1.06496,12222
2023.09.15,16:00,1.06495,1.06869,1.06489,1.06715,19259
2023.09.15,20:00,1.06717,1.06756,1.06563,1.06588,9346
2023.09.18,00:00,1.06585,1.06710,1.06585,1.06706,4114
2023.09.18,04:00,1.06707,1.06729,1.06604,1.06679,6944
2023.09.18,08:00,1.06679,1.06770,1.06555,1.06632,11950
2023.09.18,12:00,1.06633,1.06739,1.06551,1.06561,12018
2023.09.18,16:00,1.06560,1.06979,1.06539,1.06913,16462
2023.09.18,20:00,1.06915,1.06971,1.06771,1.06913,7714
2023.09.19,00:00,1.06851,1.06957,1.06847,1.06876,4970
2023.09.19,04:00,1.06877,1.06887,1.06779,1.06791,6047
2023.09.19,08:00,1.06792,1.06944,1.06742,1.06859,12082
2023.09.19,12:00,1.06858,1.07171,1.06813,1.06986,14072
2023.09.19,16:00,1.06988,1.07006,1.06775,1.06839,16163
2023.09.19,20:00,1.06840,1.06909,1.06753,1.06783,8335
2023.09.20,00:00,1.06764,1.06851,1.06755,1.06841,4408
2023.09.20,04:00,1.06841,1.06888,1.06774,1.06777,6106
2023.09.20,08:00,1.06776,1.06961,1.06727,1.06954,12739
2023.09.20,12:00,1.06955,1.07042,1.06914,1.06971,11583
2023.09.20,16:00,1.06973,1.07360,1.06963,1.07345,16710
2023.09.20,20:00,1.07343,1.07345,1.06494,1.06595,21634
2023.09.21,00:00,1.06583,1.06635,1.06292,1.06305,6144
2023.09.21,04:00,1.06306,1.06405,1.06161,1.06363,8027
2023.09.21,08:00,1.06366,1.06630,1.06319,1.06547,14421
2023.09.21,12:00,1.06543,1.06637,1.06235,1.06413,17710
2023.09.21,16:00,1.06412,1.06726,1.06370,1.06549,20240
2023.09.21,20:00,1.06549,1.06700,1.06548,1.06602,10117
2023.09.22,00:00,1.06566,1.06630,1.06526,1.06567,4989
2023.09.22,04:00,1.06566,1.06568,1.06401,1.06538,8786
2023.09.22,08:00,1.06539,1.06670,1.06141,1.06454,16851
2023.09.22,12:00,1.06455,1.06598,1.06332,1.06548,13313
2023.09.22,16:00,1.06547,1.06708,1.06415,1.06547,16350
2023.09.22,20:00,1.06546,1.06606,1.06385,1.06425,8451
2023.09.25,00:00,1.06482,1.06548,1.06415,1.06537,5342
2023.09.25,04:00,1.06538,1.06543,1.06423,1.06482,6860
2023.09.25,08:00,1.06481,1.06523,1.06234,1.06249,12241
2023.09.25,12:00,1.06248,1.06427,1.06185,1.06213,13149
2023.09.25,16:00,1.06214,1.06236,1.05750,1.05883,18717
2023.09.25,20:00,1.05882,1.05980,1.05846,1.05912,9181
2023.09.26,00:00,1.05918,1.05958,1.05798,1.05835,5346
2023.09.26,04:00,1.05835,1.05922,1.05777,1.05919,7433
2023.09.26,08:00,1.05919,1.05991,1.05692,1.05952,13215
2023.09.26,12:00,1.05953,1.06082,1.05888,1.06050,13112
2023.09.26,16:00,1.06049,1.06057,1.05669,1.05683,17659
2023.09.26,20:00,1.05683,1.05753,1.05613,1.05711,9310
2023.09.27,00:00,1.05689,1.05733,1.05552,1.05591,5358
2023.09.27,04:00,1.05592,1.05692,1.05564,1.05594,9424
2023.09.27,08:00,1.05594,1.05731,1.05541,1.05590,12752
2023.09.27,12:00,1.05590,1.05629,1.05336,1.05459,14570
2023.09.27,16:00,1.05459,1.05480,1.05000,1.05022,20204
2023.09.27,20:00,1.05023,1.05180,1.04873,1.05023,12970
2023.09.28,00:00,1.05043,1.05145,1.05006,1.05142,5533
2023.09.28,04:00,1.05143,1.05154,1.04964,1.05034,6386
2023.09.28,08:00,1.05034,1.05235,1.04902,1.05158,12890
2023.09.28,12:00,1.05162,1.05565,1.05144,1.05174,17557
2023.09.28,16:00,1.05173,1.05782,1.05170,1.05571,22100
2023.09.28,20:00,1.05571,1.05665,1.05490,1.05652,10435
2023.09.29,00:00,1.05602,1.05669,1.05572,1.05633,5034
2023.09.29,04:00,1.05633,1.05819,1.05614,1.05793,5702
2023.09.29,08:00,1.05793,1.06154,1.05744,1.06084,13676
2023.09.29,12:00,1.06083,1.06162,1.05874,1.05990,15393
2023.09.29,16:00,1.05991,1.06065,1.05691,1.05768,22754
2023.09.29,20:00,1.05769,1.05791,1.05633,1.05732,11658
2023.10.02,00:00,1.05695,1.05718,1.05569,1.05632,5146
2023.10.02,04:00,1.05631,1.05703,1.05631,1.05678,4770
2023.10.02,08:00,1.05677,1.05910,1.05591,1.05613,12355
2023.10.02,12:00,1.05612,1.05619,1.05242,1.05288,14301
2023.10.02,16:00,1.05285,1.05317,1.04874,1.04884,21318
2023.10.02,20:00,1.04885,1.05043,1.04767,1.04767,10254
2023.10.03,00:00,1.04769,1.04819,1.04638,1.04716,5147
2023.10.03,04:00,1.04716,1.04740,1.04590,1.04624,5814
2023.10.03,08:00,1.04623,1.04926,1.04600,1.04843,12030
2023.10.03,12:00,1.04845,1.04903,1.04614,1.04653,13756
2023.10.03,16:00,1.04655,1.04849,1.04475,1.04615,25383
2023.10.03,20:00,1.04613,1.04788,1.04586,1.04651,10910
2023.10.04,00:00,1.04668,1.04748,1.04622,1.04706,4552
2023.10.04,04:00,1.04704,1.04710,1.04563,1.04691,6742
2023.10.04,08:00,1.04692,1.04879,1.04506,1.04852,12930
2023.10.04,12:00,1.04853,1.05312,1.04839,1.05244,17169
2023.10.04,16:00,1.05241,1.05250,1.04822,1.05115,21735
2023.10.04,20:00,1.05111,1.05186,1.04970,1.05029,10487
2023.10.05,00:00,1.05028,1.05212,1.05012,1.05194,4164
2023.10.05,04:00,1.05193,1.05280,1.05193,1.05198,6895
2023.10.05,08:00,1.05197,1.05253,1.05009,1.05033,12312
2023.10.05,12:00,1.05035,1.05289,1.04991,1.05138,15613
2023.10.05,16:00,1.05140,1.05391,1.05072,1.05351,22419
2023.10.05,20:00,1.05351,1.05509,1.05280,1.05500,10420
2023.10.06,00:00,1.05482,1.05499,1.05404,1.05407,5158
2023.10.06,04:00,1.05406,1.05465,1.05374,1.05397,6509
2023.10.06,08:00,1.05396,1.05524,1.05307,1.05475,11211
2023.10.06,12:00,1.05474,1.05674,1.04817,1.04955,16847
2023.10.06,16:00,1.04956,1.05991,1.04875,1.05782,28048
2023.10.06,20:00,1.05783,1.05987,1.05763,1.05849,9001
2023.10.09,00:00,1.05532,1.05735,1.05478,1.05727,7670
2023.10.09,04:00,1.05727,1.05732,1.05472,1.05493,6047
2023.10.09,08:00,1.05492,1.05579,1.05186,1.05408,13647
2023.10.09,12:00,1.05409,1.05442,1.05218,1.05324,12106
2023.10.09,16:00,1.05323,1.05567,1.05319,1.05346,17919
2023.10.09,20:00,1.05350,1.05715,1.05344,1.05657,9893
2023.10.10,00:00,1.05646,1.05825,1.05636,1.05718,7437
2023.10.10,04:00,1.05717,1.05798,1.05600,1.05607,7411
2023.10.10,08:00,1.05608,1.06087,1.05536,1.06035,15996
2023.10.10,12:00,1.06036,1.06103,1.05711,1.05926,16486
2023.10.10,16:00,1.05920,1.06190,1.05839,1.06163,19940
2023.10.10,20:00,1.06162,1.06176,1.05917,1.06041,10702
2023.10.11,00:00,1.06033,1.06134,1.06019,1.06098,3712
2023.10.11,04:00,1.06097,1.06115,1.06004,1.06020,6296
2023.10.11,08:00,1.06020,1.06275,1.05925,1.06076,14156
2023.10.11,12:00,1.06076,1.06139,1.05809,1.06135,15943
2023.10.11,16:00,1.06137,1.06339,1.05987,1.06064,21084
2023.10.11,20:00,1.06065,1.06194,1.05841,1.06183,9556
2023.10.12,00:00,1.06162,1.06271,1.06154,1.06216,4207
2023.10.12,04:00,1.06218,1.06310,1.06192,1.06302,5868
2023.10.12,08:00,1.06301,1.06389,1.06185,1.06256,11801
2023.10.12,12:00,1.06259,1.06265,1.05711,1.05810,15481
2023.10.12,16:00,1.05809,1.05855,1.05437,1.05477,22431
2023.10.12,20:00,1.05477,1.05484,1.05249,1.05274,12439
2023.10.13,00:00,1.05275,1.05388,1.05260,1.05382,4771
2023.10.13,04:00,1.05383,1.05491,1.05367,1.05491,6049
2023.10.13,08:00,1.05492,1.05577,1.05306,1.05530,13203
2023.10.13,12:00,1.05528,1.05542,1.05132,1.05370,15599
2023.10.13,16:00,1.05368,1.05404,1.04946,1.05082,20897
2023.10.13,20:00,1.05084,1.05150,1.05001,1.05067,10226
2023.10.16,00:00,1.05092,1.05246,1.05049,1.05168,5825
2023.10.16,04:00,1.05176,1.05260,1.05175,1.05251,5829
2023.10.16,08:00,1.05252,1.05420,1.05220,1.05398,13219
2023.10.16,12:00,1.05399,1.05454,1.05253,1.05410,13516
2023.10.16,16:00,1.05412,1.05546,1.05248,1.05465,17104
2023.10.16,20:00,1.05465,1.05618,1.05427,1.05585,7703
2023.10.17,00:00,1.05582,1.05609,1.05521,1.05549,5370
2023.10.17,04:00,1.05549,1.05551,1.05449,1.05467,6504
2023.10.17,08:00,1.05467,1.05539,1.05321,1.05350,11223
2023.10.17,12:00,1.05358,1.05784,1.05355,1.05463,16027
2023.10.17,16:00,1.05464,1.05940,1.05390,1.05787,20885
2023.10.17,20:00,1.05786,1.05803,1.05632,1.05753,9431
2023.10.18,00:00,1.05743,1.05765,1.05598,1.05636,4526
2023.10.18,04:00,1.05635,1.05781,1.05606,1.05748,7264
2023.10.18,08:00,1.05747,1.05934,1.05696,1.05824,12432
2023.10.18,12:00,1.05824,1.05859,1.05484,1.05561,14684
2023.10.18,16:00,1.05564,1.05633,1.05223,1.05360,21654
2023.10.18,20:00,1.05359,1.05529,1.05309,1.05358,11211
2023.10.19,00:00,1.05356,1.05390,1.05317,1.05382,4472
2023.10.19,04:00,1.05382,1.05411,1.05296,1.05326,6667
2023.10.19,08:00,1.05327,1.05474,1.05275,1.05349,13272
2023.10.19,12:00,1.05352,1.05788,1.05344,1.05755,14829
2023.10.19,16:00,1.05756,1.06158,1.05553,1.05956,27047
2023.10.19,20:00,1.05956,1.06057,1.05773,1.05811,16726
2023.10.20,00:00,1.05814,1.05857,1.05730,1.05753,5198
2023.10.20,04:00,1.05752,1.05792,1.05676,1.05745,6400
2023.10.20,08:00,1.05743,1.05945,1.05642,1.05870,12514
2023.10.20,12:00,1.05870,1.05980,1.05645,1.05832,13779
2023.10.20,16:00,1.05831,1.05997,1.05714,1.05886,19597
2023.10.20,20:00,1.05887,1.06028,1.05857,1.05928,10170
2023.10.23,00:00,1.05928,1.05966,1.05833,1.05863,5268
2023.10.23,04:00,1.05863,1.05863,1.05726,1.05755,6012
2023.10.23,08:00,1.05754,1.06097,1.05707,1.06019,11262
2023.10.23,12:00,1.06018,1.06175,1.05897,1.06090,13338
2023.10.23,16:00,1.06091,1.06639,1.05903,1.06638,19689
2023.10.23,20:00,1.06639,1.06770,1.06589,1.06676,11344
2023.10.24,00:00,1.06653,1.06726,1.06629,1.06716,7182
2023.10.24,04:00,1.06715,1.06863,1.06670,1.06783,7889
2023.10.24,08:00,1.06783,1.06933,1.06434,1.06495,13450
2023.10.24,12:00,1.06492,1.06504,1.06115,1.06151,14162
2023.10.24,16:00,1.06147,1.06235,1.05823,1.05860,20472
2023.10.24,20:00,1.05860,1.05935,1.05837,1.05900,9367
2023.10.25,00:00,1.05864,1.05980,1.05864,1.05919,4757
2023.10.25,04:00,1.05920,1.06055,1.05910,1.06054,6457
2023.10.25,08:00,1.06054,1.06058,1.05776,1.05844,10748
2023.10.25,12:00,1.05842,1.05843,1.05651,1.05741,12168
2023.10.25,16:00,1.05742,1.05948,1.05660,1.05738,21022
2023.10.25,20:00,1.05738,1.05757,1.05649,1.05654,12073
2023.10.26,00:00,1.05657,1.05683,1.05569,1.05588,5510
2023.10.26,04:00,1.05588,1.05605,1.05406,1.05448,6248
2023.10.26,08:00,1.05449,1.05517,1.05320,1.05446,12269
2023.10.26,12:00,1.05445,1.05580,1.05216,1.05580,14964
2023.10.26,16:00,1.05582,1.05593,1.05241,1.05277,22560
2023.10.26,20:00,1.05278,1.05639,1.05274,1.05622,12807
2023.10.27,00:00,1.05612,1.05650,1.05552,1.05571,5457
2023.10.27,04:00,1.05569,1.05669,1.05518,1.05663,5292
2023.10.27,08:00,1.05664,1.05691,1.05513,1.05610,10286
2023.10.27,12:00,1.05610,1.05686,1.05346,1.05551,12602
2023.10.27,16:00,1.05551,1.05963,1.05547,1.05822,20058
2023.10.27,20:00,1.05821,1.05823,1.05565,1.05637,12091
2023.10.30,00:00,1.05645,1.05698,1.05544,1.05617,5692
2023.10.30,04:00,1.05617,1.05650,1.05576,1.05601,5721
2023.10.30,08:00,1.05602,1.05667,1.05462,1.05591,9147
2023.10.30,12:00,1.05588,1.06077,1.05588,1.06059,13179
2023.10.30,16:00,1.06060,1.06242,1.05901,1.06063,19853
2023.10.30,20:00,1.06065,1.06208,1.05995,1.06146,7838
2023.10.31,00:00,1.06146,1.06166,1.06087,1.06107,4792
2023.10.31,04:00,1.06107,1.06117,1.05897,1.05929,8060
2023.10.31,08:00,1.05930,1.06450,1.05917,1.06446,11292
2023.10.31,12:00,1.06443,1.06740,1.06204,1.06234,17207
2023.10.31,16:00,1.06232,1.06248,1.05567,1.05667,24301
2023.10.31,20:00,1.05665,1.05850,1.05650,1.05748,10612
2023.11.01,00:00,1.05728,1.05797,1.05679,1.05727,4815
2023.11.01,04:00,1.05727,1.05757,1.05650,1.05663,5935
2023.11.01,08:00,1.05662,1.05768,1.05564,1.05575,8763
2023.11.01,12:00,1.05574,1.05620,1.05362,1.05377,13330
2023.11.01,16:00,1.05378,1.05700,1.05208,1.05330,20100
2023.11.01,20:00,1.05331,1.05750,1.05161,1.05690,20997
2023.11.02,00:00,1.05663,1.06012,1.05647,1.06010,6744
2023.11.02,04:00,1.06009,1.06013,1.05923,1.05952,6345
2023.11.02,08:00,1.05952,1.06092,1.05904,1.05996,9865
2023.11.02,12:00,1.05997,1.06668,1.05982,1.06632,15687
2023.11.02,16:00,1.06633,1.06659,1.06097,1.06146,20023
2023.11.02,20:00,1.06145,1.06317,1.06130,1.06216,9603
2023.11.03,00:00,1.06214,1.06233,1.06140,1.06173,4664
2023.11.03,04:00,1.06171,1.06280,1.06139,1.06255,4346
2023.11.03,08:00,1.06256,1.06329,1.06189,1.06263,8223
2023.11.03,12:00,1.06263,1.07187,1.06233,1.07088,15132
2023.11.03,16:00,1.07089,1.07386,1.06927,1.07383,25783
2023.11.03,20:00,1.07383,1.07457,1.07215,1.07289,10251
2023.11.06,00:00,1.07246,1.07325,1.07220,1.07235,3021
2023.11.06,04:00,1.07235,1.07367,1.07216,1.07351,4191
2023.11.06,08:00,1.07343,1.07555,1.07308,1.07494,8756
2023.11.06,12:00,1.07493,1.07553,1.07382,1.07436,10320
2023.11.06,16:00,1.07427,1.07483,1.07254,1.07452,15717
2023.11.06,20:00,1.07451,1.07453,1.07185,1.07189,9140
2023.11.07,00:00,1.07192,1.07216,1.07110,1.07130,4675
2023.11.07,04:00,1.07128,1.07132,1.07044,1.07057,6299
2023.11.07,08:00,1.07058,1.07108,1.06910,1.07027,9382
2023.11.07,12:00,1.07028,1.07030,1.06646,1.06779,12496
2023.11.07,16:00,1.06778,1.06919,1.06634,1.06850,17949
2023.11.07,20:00,1.06848,1.07039,1.06717,1.06939,11424
2023.11.08,00:00,1.06939,1.07001,1.06886,1.06895,5117
2023.11.08,04:00,1.06896,1.06983,1.06856,1.06912,5976
2023.11.08,08:00,1.06913,1.06920,1.06706,1.06718,8759
2023.11.08,12:00,1.06724,1.06770,1.06586,1.06672,10854
2023.11.08,16:00,1.06673,1.07151,1.06593,1.07135,18425
2023.11.08,20:00,1.07136,1.07137,1.06991,1.07087,11842
2023.11.09,00:00,1.07086,1.07118,1.07016,1.07025,7081
2023.11.09,04:00,1.07024,1.07149,1.07021,1.07081,5139
2023.11.09,08:00,1.07079,1.07093,1.06928,1.07007,9058
2023.11.09,12:00,1.07006,1.07039,1.06795,1.06894,10987
2023.11.09,16:00,1.06895,1.07246,1.06857,1.07089,19365
2023.11.09,20:00,1.07090,1.07119,1.06593,1.06630,18721
2023.11.10,00:00,1.06631,1.06698,1.06622,1.06676,7377
2023.11.10,04:00,1.06675,1.06742,1.06660,1.06704,5374
2023.11.10,08:00,1.06703,1.06775,1.06554,1.06701,9348
2023.11.10,12:00,1.06704,1.06880,1.06637,1.06809,11593
2023.11.10,16:00,1.06812,1.06919,1.06616,1.06686,19073
2023.11.10,20:00,1.06686,1.06866,1.06632,1.06844,10770
2023.11.11,00:00,1.06844,1.06864,1.06816,1.06842,1723
2023.11.13,00:00,1.06831,1.06898,1.06802,1.06831,4149
2023.11.13,04:00,1.06832,1.06882,1.06803,1.06834,4947
2023.11.13,08:00,1.06833,1.06966,1.06828,1.06906,7544
2023.11.13,12:00,1.06906,1.07005,1.06691,1.06723,10405
2023.11.13,16:00,1.06719,1.07030,1.06643,1.06984,16485
2023.11.13,20:00,1.06983,1.07053,1.06893,1.06982,8601
2023.11.14,00:00,1.06983,1.07015,1.06938,1.06989,6569
2023.11.14,04:00,1.06990,1.07014,1.06938,1.06954,4677
2023.11.14,08:00,1.06954,1.07091,1.06920,1.06973,7261
2023.11.14,12:00,1.06972,1.07297,1.06951,1.07202,10432
2023.11.14,16:00,1.07204,1.08633,1.07086,1.08595,26949
2023.11.14,20:00,1.08596,1.08867,1.08533,1.08817,11144
2023.11.15,00:00,1.08812,1.08822,1.08648,1.08685,6432
2023.11.15,04:00,1.08688,1.08829,1.08665,1.08769,5615
2023.11.15,08:00,1.08771,1.08787,1.08641,1.08696,10098
2023.11.15,12:00,1.08695,1.08697,1.08432,1.08628,12105
2023.11.15,16:00,1.08629,1.08851,1.08307,1.08514,21937
2023.11.15,20:00,1.08515,1.08555,1.08403,1.08424,10455
2023.11.16,00:00,1.08423,1.08548,1.08419,1.08543,6473
2023.11.16,04:00,1.08544,1.08549,1.08294,1.08363,5803
2023.11.16,08:00,1.08363,1.08543,1.08327,1.08541,8788
2023.11.16,12:00,1.08547,1.08600,1.08383,1.08416,10463
2023.11.16,16:00,1.08418,1.08948,1.08410,1.08492,22410
2023.11.16,20:00,1.08492,1.08649,1.08441,1.08455,9877
2023.11.17,00:00,1.08456,1.08549,1.08450,1.08523,6965
2023.11.17,04:00,1.08524,1.08562,1.08486,1.08497,4947
2023.11.17,08:00,1.08498,1.08555,1.08240,1.08475,10060
2023.11.17,12:00,1.08475,1.08738,1.08444,1.08625,13655
2023.11.17,16:00,1.08629,1.08923,1.08578,1.08777,21945
2023.11.17,20:00,1.08778,1.09084,1.08773,1.09076,9267
2023.11.18,00:00,1.09076,1.09134,1.09038,1.09125,2805
2023.11.20,00:00,1.09096,1.09100,1.08967,1.09004,4000
2023.11.20,04:00,1.09006,1.09349,1.09006,1.09212,8002
2023.11.20,08:00,1.09212,1.09288,1.09122,1.09183,11563
2023.11.20,12:00,1.09185,1.09393,1.09177,1.09288,12416
2023.11.20,16:00,1.09290,1.09449,1.09180,1.09436,16927
2023.11.20,20:00,1.09434,1.09510,1.09343,1.09411,11029
2023.11.21,00:00,1.09410,1.09512,1.09356,1.09446,5409
2023.11.21,04:00,1.09447,1.09643,1.09423,1.09580,8216
2023.11.21,08:00,1.09582,1.09630,1.09429,1.09452,10683
2023.11.21,12:00,1.09451,1.09529,1.09382,1.09475,12156
2023.11.21,16:00,1.09474,1.09604,1.09217,1.09220,21092
2023.11.21,20:00,1.09221,1.09257,1.08993,1.09110,12811
2023.11.22,00:00,1.09113,1.09188,1.09067,1.09187,6098
2023.11.22,04:00,1.09188,1.09220,1.09082,1.09130,6726
2023.11.22,08:00,1.09127,1.09190,1.08819,1.08846,11824
2023.11.22,12:00,1.08845,1.09114,1.08843,1.09059,14327
2023.11.22,16:00,1.09059,1.09169,1.08516,1.08695,23503
2023.11.22,20:00,1.08694,1.08875,1.08680,1.08868,11095
2023.11.23,00:00,1.08865,1.08918,1.08817,1.08912,4561
2023.11.23,04:00,1.08912,1.09050,1.08879,1.09017,5810
2023.11.23,08:00,1.09017,1.09295,1.08948,1.09169,10515
2023.11.23,12:00,1.09168,1.09233,1.08996,1.09025,12044
2023.11.23,16:00,1.09025,1.09097,1.08864,1.09054,10840
2023.11.23,20:00,1.09055,1.09065,1.09016,1.09046,3448
2023.11.24,00:00,1.09045,1.09089,1.08983,1.09060,4962
2023.11.24,04:00,1.09060,1.09095,1.08942,1.09027,6545
2023.11.24,08:00,1.09029,1.09185,1.09022,1.09183,9064
2023.11.24,12:00,1.09180,1.09273,1.09007,1.09158,11152
2023.11.24,16:00,1.09160,1.09445,1.09060,1.09324,16656
2023.11.24,20:00,1.09323,1.09479,1.09275,1.09433,7586
2023.11.25,00:00,1.09430,1.09458,1.09299,1.09359,2527
2023.11.27,00:00,1.09419,1.09467,1.09276,1.09281,3930
2023.11.27,04:00,1.09280,1.09489,1.09260,1.09465,8350
2023.11.27,08:00,1.09465,1.09586,1.09385,1.09421,10272
2023.11.27,12:00,1.09422,1.09557,1.09403,1.09489,11477
2023.11.27,16:00,1.09494,1.09545,1.09243,1.09357,21667
2023.11.27,20:00,1.09356,1.09567,1.09285,1.09561,10276
2023.11.28,00:00,1.09560,1.09607,1.09473,1.09573,6380
2023.11.28,04:00,1.09573,1.09620,1.09513,1.09517,6543
2023.11.28,08:00,1.09518,1.09526,1.09337,1.09468,10180
2023.11.28,12:00,1.09468,1.09617,1.09456,1.09499,13058
2023.11.28,16:00,1.09501,1.10050,1.09447,1.10044,25817
2023.11.28,20:00,1.10048,1.10081,1.09725,1.09874,13645
2023.11.29,00:00,1.09874,1.10068,1.09850,1.10052,6396
2023.11.29,04:00,1.10053,1.10164,1.09958,1.10017,8695
2023.11.29,08:00,1.10016,1.10037,1.09760,1.09890,13094
2023.11.29,12:00,1.09882,1.09899,1.09682,1.09844,13142
2023.11.29,16:00,1.09844,1.09939,1.09593,1.09676,23884
2023.11.29,20:00,1.09678,1.09940,1.09651,1.09715,10681
2023.11.30,00:00,1.09717,1.09831,1.09671,1.09817,6192
2023.11.30,04:00,1.09818,1.09818,1.09664,1.09681,6728
2023.11.30,08:00,1.09681,1.09810,1.09195,1.09224,12600
2023.11.30,12:00,1.09225,1.09381,1.09084,1.09247,14237
2023.11.30,16:00,1.09250,1.09487,1.08916,1.09060,28171
2023.11.30,20:00,1.09061,1.09113,1.08785,1.08842,13322
2023.12.01,00:00,1.08841,1.09022,1.08830,1.09009,6567
2023.12.01,04:00,1.09010,1.09120,1.08974,1.09058,7650
2023.12.01,08:00,1.09056,1.09115,1.08851,1.08925,11937
2023.12.01,12:00,1.08919,1.09038,1.08749,1.08758,14791
2023.12.01,16:00,1.08759,1.08846,1.08280,1.08765,27843
2023.12.01,20:00,1.08765,1.08920,1.08692,1.08787,17186
2023.12.02,00:00,1.08786,1.08836,1.08769,1.08820,1702
2023.12.04,00:00,1.08779,1.08940,1.08693,1.08709,7928
2023.12.04,04:00,1.08709,1.08851,1.08660,1.08708,11137
2023.12.04,08:00,1.08710,1.08756,1.08492,1.08630,13879
2023.12.04,12:00,1.08631,1.08799,1.08580,1.08683,14883
2023.12.04,16:00,1.08683,1.08752,1.08032,1.08222,25947
2023.12.04,20:00,1.08222,1.08346,1.08142,1.08331,12142
2023.12.05,00:00,1.08333,1.08454,1.08303,1.08427,6222
2023.12.05,04:00,1.08424,1.08438,1.08337,1.08433,9496
2023.12.05,08:00,1.08432,1.08467,1.08033,1.08333,14963
2023.12.05,12:00,1.08332,1.08419,1.08115,1.08134,15933
2023.12.05,16:00,1.08133,1.08381,1.07812,1.07853,29174
2023.12.05,20:00,1.07856,1.07970,1.07774,1.07943,13785
2023.12.06,00:00,1.07943,1.07980,1.07884,1.07945,6546
2023.12.06,04:00,1.07949,1.07990,1.07872,1.07936,8518
2023.12.06,08:00,1.07936,1.08009,1.07744,1.07858,13427
2023.12.06,12:00,1.07859,1.07968,1.07718,1.07765,15108
2023.12.06,16:00,1.07766,1.08035,1.07763,1.07884,24017
2023.12.06,20:00,1.07883,1.07910,1.07579,1.07614,6730
2023.12.07,00:00,1.07613,1.07714,1.07613,1.07677,5728
2023.12.07,04:00,1.07630,1.07645,1.07572,1.07597,3158
2023.12.07,08:00,1.07598,1.07820,1.07544,1.07794,15131
2023.12.07,12:00,1.07795,1.07837,1.07584,1.07683,18693
2023.12.07,16:00,1.07684,1.07971,1.07607,1.07930,26676
2023.12.07,20:00,1.07930,1.08168,1.07883,1.07946,15622
2023.12.08,00:00,1.07946,1.07971,1.07876,1.07953,8956
2023.12.08,04:00,1.07953,1.07998,1.07819,1.07821,10689
2023.12.08,08:00,1.07825,1.07903,1.07722,1.07886,14044
2023.12.08,12:00,1.07883,1.07890,1.07716,1.07765,15731
2023.12.08,16:00,1.07767,1.07848,1.07227,1.07438,29832
2023.12.08,20:00,1.07440,1.07657,1.07394,1.07627,11709
2023.12.09,00:00,1.07630,1.07634,1.07562,1.07570,1393
2023.12.11,00:00,1.07589,1.07720,1.07548,1.07709,4633
2023.12.11,04:00,1.07711,1.07726,1.07601,1.07622,7056
2023.12.11,08:00,1.07621,1.07701,1.07506,1.07643,11289
2023.12.11,12:00,1.07642,1.07780,1.07547,1.07604,13676
2023.12.11,16:00,1.07603,1.07659,1.07408,1.07452,18565
2023.12.11,20:00,1.07451,1.07689,1.07418,1.07640,11141
2023.12.12,00:00,1.07635,1.07653,1.07581,1.07641,5299
2023.12.12,04:00,1.07642,1.07695,1.07603,1.07643,6351
2023.12.12,08:00,1.07644,1.07912,1.07643,1.07844,11170
2023.12.12,12:00,1.07844,1.08064,1.07798,1.07973,13323
2023.12.12,16:00,1.07974,1.08268,1.07663,1.07880,26218
2023.12.12,20:00,1.07885,1.07979,1.07831,1.07965,12379
2023.12.13,00:00,1.07965,1.07990,1.07905,1.07932,5544
2023.12.13,04:00,1.07929,1.07954,1.07833,1.07854,5810
2023.12.13,08:00,1.07858,1.07919,1.07794,1.07885,10755
2023.12.13,12:00,1.07886,1.07911,1.07723,1.07809,12685
2023.12.13,16:00,1.07810,1.08086,1.07810,1.07911,19887
2023.12.13,20:00,1.07912,1.08958,1.07792,1.08805,23700
2023.12.14,00:00,1.08805,1.08942,1.08722,1.08923,10066
2023.12.14,04:00,1.08924,1.09145,1.08845,1.08986,11381
2023.12.14,08:00,1.08986,1.09071,1.08792,1.09010,17090
2023.12.14,12:00,1.09011,1.09389,1.08974,1.09229,20217
2023.12.14,16:00,1.09229,1.10023,1.09053,1.09954,33413
2023.12.14,20:00,1.09956,1.10083,1.09789,1.09915,15500
2023.12.15,00:00,1.09914,1.09957,1.09761,1.09822,7250
2023.12.15,04:00,1.09823,1.10027,1.09808,1.09971,9038
2023.12.15,08:00,1.09972,1.09984,1.09454,1.09553,15387
2023.12.15,12:00,1.09551,1.09686,1.09402,1.09424,16459
2023.12.15,16:00,1.09425,1.09476,1.09009,1.09046,27110
2023.12.15,20:00,1.09048,1.09156,1.08882,1.08935,15194
2023.12.16,00:00,1.08935,1.08957,1.08913,1.08936,2317
2023.12.18,00:00,1.08951,1.09004,1.08912,1.08997,4363
2023.12.18,04:00,1.08998,1.09128,1.08937,1.09121,6931
2023.12.18,08:00,1.09122,1.09291,1.09100,1.09175,11975
2023.12.18,12:00,1.09172,1.09276,1.09064,1.09129,15071
2023.12.18,16:00,1.09129,1.09304,1.09102,1.09183,20083
2023.12.18,20:00,1.09182,1.09273,1.09123,1.09187,11149
2023.12.19,00:00,1.09187,1.09239,1.09153,1.09194,8892
2023.12.19,04:00,1.09195,1.09283,1.09142,1.09223,9029
2023.12.19,08:00,1.09222,1.09416,1.09202,1.09399,14201
2023.12.19,12:00,1.09397,1.09700,1.09297,1.09677,14924
2023.12.19,16:00,1.09678,1.09866,1.09529,1.09759,21220
2023.12.19,20:00,1.09758,1.09785,1.09687,1.09774,11212
2023.12.20,00:00,1.09776,1.09826,1.09708,1.09723,5509
2023.12.20,04:00,1.09724,1.09735,1.09651,1.09679,6856
2023.12.20,08:00,1.09680,1.09706,1.09501,1.09600,12867
2023.12.20,12:00,1.09601,1.09646,1.09332,1.09361,14213
2023.12.20,16:00,1.09358,1.09749,1.09351,1.09556,20029
2023.12.20,20:00,1.09555,1.09629,1.09303,1.09309,14702
2023.12.21,00:00,1.09309,1.09492,1.09289,1.09492,7440
2023.12.21,04:00,1.09491,1.09535,1.09444,1.09484,7501
2023.12.21,08:00,1.09486,1.09550,1.09382,1.09389,11048
2023.12.21,12:00,1.09389,1.09862,1.09345,1.09798,14505
2023.12.21,16:00,1.09796,1.10014,1.09717,1.09886,26685
2023.12.21,20:00,1.09887,1.10023,1.09773,1.10021,15952
2023.12.22,00:00,1.10020,1.10118,1.09903,1.10039,7071
2023.12.22,04:00,1.10040,1.10056,1.09947,1.09999,7329
2023.12.22,08:00,1.09998,1.10110,1.09930,1.10066,11564
2023.12.22,12:00,1.10064,1.10371,1.10017,1.10177,14569
2023.12.22,16:00,1.10183,1.10394,1.10011,1.10065,23019
2023.12.22,20:00,1.10064,1.10184,1.09993,1.10117,12207
2023.12.23,00:00,1.10115,1.10139,1.10093,1.10129,1543
2023.12.26,00:00,1.10069,1.10224,1.10046,1.10184,2545
2023.12.26,04:00,1.10185,1.10281,1.10169,1.10217,4773
2023.12.26,08:00,1.10215,1.10264,1.10130,1.10140,5793
2023.12.26,12:00,1.10139,1.10188,1.10079,1.10121,6673
2023.12.26,16:00,1.10122,1.10368,1.10112,1.10336,12287
2023.12.26,20:00,1.10337,1.10442,1.10294,1.10415,8422
2023.12.27,00:00,1.10413,1.10434,1.10347,1.10360,4091
2023.12.27,04:00,1.10360,1.10413,1.10278,1.10409,5871
2023.12.27,08:00,1.10409,1.10536,1.10358,1.10462,8344
2023.12.27,12:00,1.10462,1.10691,1.10457,1.10675,10405
2023.12.27,16:00,1.10674,1.11218,1.10613,1.11120,16678
2023.12.27,20:00,1.11114,1.11132,1.10981,1.11055,11626
2023.12.28,00:00,1.11055,1.11161,1.10970,1.11138,4778
2023.12.28,04:00,1.11139,1.11218,1.11090,1.11094,6424
2023.12.28,08:00,1.11093,1.11249,1.11035,1.11203,10919
2023.12.28,12:00,1.11205,1.11387,1.11102,1.11117,12451
2023.12.28,16:00,1.11117,1.11193,1.10682,1.10711,20933
2023.12.28,20:00,1.10711,1.10758,1.10544,1.10647,11267
2023.12.29,00:00,1.10646,1.10782,1.10592,1.10755,5951
2023.12.29,04:00,1.10756,1.10835,1.10629,1.10658,6055
2023.12.29,08:00,1.10659,1.10767,1.10575,1.10597,8909
2023.12.29,12:00,1.10598,1.10605,1.10435,1.10484,3669
2024.01.02,00:00,1.10448,1.10448,1.10334,1.10373,2778
2024.01.02,04:00,1.10373,1.10425,1.10157,1.10202,7245
2024.01.02,08:00,1.10201,1.10380,1.10145,1.10290,12967
2024.01.02,12:00,1.10289,1.10371,1.09530,1.09530,16669
2024.01.02,16:00,1.09530,1.09675,1.09400,1.09557,23372
2024.01.02,20:00,1.09558,1.09567,1.09414,1.09424,10664
2024.01.03,00:00,1.09423,1.09499,1.09376,1.09486,5627
2024.01.03,04:00,1.09485,1.09617,1.09441,1.09615,6068
2024.01.03,08:00,1.09616,1.09646,1.09496,1.09519,11267
2024.01.03,12:00,1.09519,1.09555,1.09137,1.09160,15467
2024.01.03,16:00,1.09160,1.09379,1.08973,1.09074,26326
2024.01.03,20:00,1.09074,1.09249,1.08923,1.09204,18629
2024.01.04,00:00,1.09205,1.09267,1.09139,1.09217,7036
2024.01.04,04:00,1.09216,1.09298,1.09152,1.09252,6622
2024.01.04,08:00,1.09250,1.09550,1.09203,1.09525,13406
2024.01.04,12:00,1.09521,1.09713,1.09445,1.09514,15012
2024.01.04,16:00,1.09518,1.09644,1.09319,1.09553,24133
2024.01.04,20:00,1.09553,1.09591,1.09412,1.09482,11514
2024.01.05,00:00,1.09482,1.09506,1.09425,1.09502,5394
2024.01.05,04:00,1.09500,1.09551,1.09357,1.09364,6215
2024.01.05,08:00,1.09363,1.09371,1.09025,1.09069,11325
2024.01.05,12:00,1.09068,1.09297,1.09020,1.09168,13376
2024.01.05,16:00,1.09169,1.09976,1.08759,1.09551,32685
2024.01.05,20:00,1.09552,1.09589,1.09345,1.09384,15112
2024.01.06,00:00,1.09384,1.09414,1.09362,1.09405,2034
2024.01.08,00:00,1.09391,1.09484,1.09340,1.09479,3702
2024.01.08,04:00,1.09476,1.09523,1.09298,1.09333,6364
2024.01.08,08:00,1.09334,1.09515,1.09287,1.09330,12533
2024.01.08,12:00,1.09329,1.09498,1.09218,1.09439,16301
2024.01.08,16:00,1.09439,1.09780,1.09418,1.09747,23346
2024.01.08,20:00,1.09746,1.09778,1.09482,1.09537,11286
2024.01.09,00:00,1.09535,1.09586,1.09486,1.09543,6439
2024.01.09,04:00,1.09543,1.09654,1.09506,1.09552,6598
2024.01.09,08:00,1.09554,1.09621,1.09381,1.09491,12041
2024.01.09,12:00,1.09490,1.09497,1.09278,1.09397,14985
2024.01.09,16:00,1.09398,1.09505,1.09097,1.09335,23338
2024.01.09,20:00,1.09336,1.09389,1.09192,1.09275,14015
2024.01.10,00:00,1.09274,1.09355,1.09253,1.09298,5822
2024.01.10,04:00,1.09299,1.09351,1.09252,1.09312,7386
2024.01.10,08:00,1.09313,1.09445,1.09220,1.09425,12991
2024.01.10,12:00,1.09425,1.09545,1.09408,1.09430,13836
2024.01.10,16:00,1.09430,1.09682,1.09312,1.09582,19120
2024.01.10,20:00,1.09586,1.09724,1.09573,1.09647,12860
2024.01.11,00:00,1.09644,1.09780,1.09640,1.09770,6136
2024.01.11,04:00,1.09771,1.09840,1.09743,1.09770,6965
2024.01.11,08:00,1.09769,1.09876,1.09709,1.09743,10376
2024.01.11,12:00,1.09741,1.09896,1.09578,1.09829,14696
2024.01.11,16:00,1.09830,1.09981,1.09293,1.09415,32438
2024.01.11,20:00,1.09416,1.09821,1.09406,1.09706,18769
2024.01.12,00:00,1.09706,1.09840,1.09690,1.09749,8507
2024.01.12,04:00,1.09746,1.09844,1.09719,1.09748,7335
2024.01.12,08:00,1.09749,1.09820,1.09602,1.09743,11275
2024.01.12,12:00,1.09743,1.09791,1.09362,1.09369,14723
2024.01.12,16:00,1.09370,1.09860,1.09351,1.09575,27575
2024.01.12,20:00,1.09574,1.09626,1.09462,1.09503,13676
2024.01.13,00:00,1.09504,1.09519,1.09474,1.09494,2302
2024.01.15,00:00,1.09468,1.09531,1.09400,1.09526,4578
2024.01.15,04:00,1.09526,1.09667,1.09487,1.09620,6634
2024.01.15,08:00,1.09620,1.09658,1.09508,1.09572,10772
2024.01.15,12:00,1.09571,1.09582,1.09328,1.09530,13916
2024.01.15,16:00,1.09529,1.09534,1.09374,1.09465,13964
2024.01.15,20:00,1.09465,1.09528,1.09454,1.09511,3420
2024.01.16,00:00,1.09509,1.09511,1.09183,1.09189,5789
2024.01.16,04:00,1.09189,1.09308,1.09127,1.09167,8639
2024.01.16,08:00,1.09167,1.09258,1.08936,1.09039,14283
2024.01.16,12:00,1.09025,1.09033,1.08730,1.08854,16498
2024.01.16,16:00,1.08855,1.08971,1.08646,1.08799,27454
2024.01.16,20:00,1.08802,1.08819,1.08620,1.08707,14298
2024.01.17,00:00,1.08706,1.08780,1.08680,1.08771,5084
2024.01.17,04:00,1.08770,1.08836,1.08639,1.08700,7692
2024.01.17,08:00,1.08699,1.08808,1.08547,1.08660,14944
2024.01.17,12:00,1.08659,1.08830,1.08603,1.08736,15794
2024.01.17,16:00,1.08735,1.08777,1.08438,1.08565,25149
2024.01.17,20:00,1.08569,1.08811,1.08557,1.08801,13801
2024.01.18,00:00,1.08802,1.08936,1.08785,1.08931,6011
2024.01.18,04:00,1.08932,1.09021,1.08897,1.08933,8557
2024.01.18,08:00,1.08932,1.09060,1.08767,1.08790,11945
2024.01.18,12:00,1.08790,1.08986,1.08738,1.08766,14352
2024.01.18,16:00,1.08765,1.08768,1.08459,1.08611,27275
2024.01.18,20:00,1.08608,1.08686,1.08494,1.08681,14866
2024.01.19,00:00,1.08681,1.08810,1.08674,1.08790,6741
2024.01.19,04:00,1.08791,1.08888,1.08753,1.08856,6780
2024.01.19,08:00,1.08857,1.08863,1.08672,1.08765,10804
2024.01.19,12:00,1.08763,1.08921,1.08705,1.08818,12758
2024.01.19,16:00,1.08817,1.08895,1.08649,1.08858,23223
2024.01.19,20:00,1.08860,1.08956,1.08794,1.08942,13364
2024.01.20,00:00,1.08940,1.08970,1.08931,1.08965,1734
2024.01.22,00:00,1.08909,1.09007,1.08856,1.09003,4636
2024.01.22,04:00,1.09003,1.09084,1.08980,1.09021,6593
2024.01.22,08:00,1.09022,1.09086,1.08864,1.08910,11660
2024.01.22,12:00,1.08909,1.09015,1.08808,1.08917,12905
2024.01.22,16:00,1.08915,1.08973,1.08792,1.08931,18697
2024.01.22,20:00,1.08930,1.08992,1.08795,1.08834,10801
2024.01.23,00:00,1.08833,1.08841,1.08750,1.08823,5772
2024.01.23,04:00,1.08823,1.08979,1.08759,1.08976,7978
2024.01.23,08:00,1.08979,1.09153,1.08916,1.08944,12684
2024.01.23,12:00,1.08943,1.08944,1.08593,1.08630,13341
2024.01.23,16:00,1.08633,1.08750,1.08207,1.08274,20779
2024.01.23,20:00,1.08273,1.08494,1.08237,1.08489,11090
2024.01.24,00:00,1.08491,1.08590,1.08409,1.08552,5785
2024.01.24,04:00,1.08552,1.08652,1.08505,1.08637,7032
2024.01.24,08:00,1.08636,1.08794,1.08584,1.08691,11782
2024.01.24,12:00,1.08699,1.09069,1.08689,1.08939,15200
2024.01.24,16:00,1.08939,1.09315,1.08896,1.08997,25842
2024.01.24,20:00,1.08992,1.09078,1.08784,1.08792,14888
2024.01.25,00:00,1.08791,1.08859,1.08715,1.08734,5996
2024.01.25,04:00,1.08733,1.08811,1.08695,1.08748,6792
2024.01.25,08:00,1.08747,1.08987,1.08740,1.08981,10677
2024.01.25,12:00,1.08983,1.08989,1.08849,1.08873,12896
2024.01.25,16:00,1.08873,1.09009,1.08233,1.08353,29167
2024.01.25,20:00,1.08354,1.08511,1.08209,1.08390,15099
2024.01.26,00:00,1.08389,1.08472,1.08366,1.08391,5484
2024.01.26,04:00,1.08391,1.08481,1.08371,1.08387,5622
2024.01.26,08:00,1.08385,1.08430,1.08122,1.08394,11717
2024.01.26,12:00,1.08397,1.08753,1.08334,1.08666,14079
2024.01.26,16:00,1.08670,1.08848,1.08545,1.08641,23808
2024.01.26,20:00,1.08640,1.08696,1.08523,1.08535,11286
2024.01.27,00:00,1.08535,1.08560,1.08513,1.08530,1264
2024.01.29,00:00,1.08471,1.08484,1.08405,1.08440,5282
2024.01.29,04:00,1.08441,1.08481,1.08385,1.08438,6454
2024.01.29,08:00,1.08440,1.08492,1.08324,1.08338,9988
2024.01.29,12:00,1.08339,1.08359,1.08131,1.08212,12962
2024.01.29,16:00,1.08214,1.08237,1.07951,1.08051,17329
2024.01.29,20:00,1.08051,1.08397,1.08048,1.08305,11500
2024.01.30,00:00,1.08305,1.08412,1.08259,1.08400,5483
2024.01.30,04:00,1.08402,1.08402,1.08233,1.08245,6813
2024.01.30,08:00,1.08246,1.08314,1.08111,1.08211,11685
2024.01.30,12:00,1.08210,1.08491,1.08169,1.08468,13343
2024.01.30,16:00,1.08468,1.08566,1.08272,1.08422,22157
2024.01.30,20:00,1.08423,1.08477,1.08308,1.08438,11938
2024.01.31,00:00,1.08438,1.08475,1.08379,1.08420,6821
2024.01.31,04:00,1.08421,1.08429,1.08152,1.08198,8575
2024.01.31,08:00,1.08198,1.08253,1.08053,1.08181,11332
2024.01.31,12:00,1.08188,1.08421,1.08154,1.08359,15361
2024.01.31,16:00,1.08358,1.08866,1.08337,1.08537,29467
2024.01.31,20:00,1.08536,1.08633,1.07941,1.08070,30038
2024.02.01,00:00,1.08067,1.08195,1.08011,1.08074,9627
2024.02.01,04:00,1.08075,1.08210,1.08036,1.08069,9468
2024.02.01,08:00,1.08068,1.08068,1.07792,1.07909,14243
2024.02.01,12:00,1.07909,1.08190,1.07859,1.08145,17447
2024.02.01,16:00,1.08143,1.08651,1.08055,1.08636,28783
2024.02.01,20:00,1.08639,1.08740,1.08600,1.08707,19345
2024.02.02,00:00,1.08708,1.08790,1.08647,1.08719,6548
2024.02.02,04:00,1.08720,1.08781,1.08692,1.08723,8106
2024.02.02,08:00,1.08722,1.08894,1.08716,1.08786,11738
2024.02.02,12:00,1.08784,1.08968,1.08768,1.08795,11782
2024.02.02,16:00,1.08798,1.08852,1.07816,1.07853,29952
2024.02.02,20:00,1.07853,1.07965,1.07797,1.07924,15732
2024.02.03,00:00,1.07922,1.07933,1.07850,1.07855,1931
2024.02.05,00:00,1.07834,1.07861,1.07664,1.07718,6929
2024.02.05,04:00,1.07718,1.07801,1.07679,1.07781,8390
2024.02.05,08:00,1.07782,1.07853,1.07627,1.07660,12638
2024.02.05,12:00,1.07660,1.07719,1.07462,1.07489,14643
2024.02.05,16:00,1.07488,1.07496,1.07224,1.07345,21162
2024.02.05,20:00,1.07346,1.07458,1.07332,1.07417,11861
2024.02.06,00:00,1.07419,1.07444,1.07368,1.07430,4735
2024.02.06,04:00,1.07431,1.07495,1.07408,1.07480,8637
2024.02.06,08:00,1.07483,1.07615,1.07444,1.07454,13251
2024.02.06,12:00,1.07456,1.07466,1.07218,1.07351,12625
2024.02.06,16:00,1.07355,1.07525,1.07273,1.07497,22625
2024.02.06,20:00,1.07493,1.07565,1.07427,1.07558,15368
2024.02.07,00:00,1.07554,1.07587,1.07490,1.07582,5906
2024.02.07,04:00,1.07581,1.07657,1.07558,1.07583,8116
2024.02.07,08:00,1.07582,1.07726,1.07559,1.07619,12323
2024.02.07,12:00,1.07620,1.07744,1.07571,1.07729,14262
2024.02.07,16:00,1.07732,1.07831,1.07550,1.07669,23652
2024.02.07,20:00,1.07670,1.07746,1.07586,1.07719,13707
2024.02.08,00:00,1.07720,1.07786,1.07690,1.07772,5248
2024.02.08,04:00,1.07771,1.07875,1.07743,1.07791,7134
2024.02.08,08:00,1.07789,1.07880,1.07676,1.07765,12238
2024.02.08,12:00,1.07766,1.07847,1.07492,1.07560,14534
2024.02.08,16:00,1.07563,1.07733,1.07408,1.07725,20682
2024.02.08,20:00,1.07725,1.07820,1.07706,1.07770,13399
2024.02.09,00:00,1.07769,1.07790,1.07715,1.07722,5472
2024.02.09,04:00,1.07723,1.07778,1.07686,1.07704,7153
2024.02.09,08:00,1.07704,1.07839,1.07688,1.07720,10577
2024.02.09,12:00,1.07719,1.07760,1.07613,1.07663,14691
2024.02.09,16:00,1.07663,1.07943,1.07644,1.07809,24592
2024.02.09,20:00,1.07808,1.07902,1.07785,1.07854,9559
2024.02.10,00:00,1.07853,1.07877,1.07823,1.07841,1505
2024.02.12,00:00,1.07807,1.07990,1.07779,1.07979,4782
2024.02.12,04:00,1.07978,1.07979,1.07886,1.07897,4877
2024.02.12,08:00,1.07896,1.08049,1.07737,1.07746,13771
2024.02.12,12:00,1.07745,1.07780,1.07623,1.07691,12416
2024.02.12,16:00,1.07694,1.07765,1.07552,1.07723,16349
2024.02.12,20:00,1.07725,1.07853,1.07671,1.07734,12117
2024.02.13,00:00,1.07735,1.07749,1.07662,1.07721,5795
2024.02.13,04:00,1.07722,1.07738,1.07599,1.07629,5160
2024.02.13,08:00,1.07627,1.07769,1.07615,1.07668,10375
2024.02.13,12:00,1.07669,1.07857,1.07560,1.07848,13194
2024.02.13,16:00,1.07847,1.07941,1.06998,1.07184,28393
2024.02.13,20:00,1.07185,1.07194,1.06998,1.07063,13759
2024.02.14,00:00,1.07062,1.07135,1.07053,1.07070,5295
2024.02.14,04:00,1.07071,1.07138,1.07026,1.07136,7369
2024.02.14,08:00,1.07136,1.07179,1.06942,1.07016,11706
2024.02.14,12:00,1.07015,1.07095,1.06955,1.07050,12855
2024.02.14,16:00,1.07052,1.07337,1.07051,1.07331,22017
2024.02.14,20:00,1.07332,1.07332,1.07247,1.07269,12701
2024.02.15,00:00,1.07265,1.07348,1.07247,1.07334,6201
2024.02.15,04:00,1.07333,1.07343,1.07239,1.07252,6328
2024.02.15,08:00,1.07254,1.07405,1.07252,1.07301,12265
2024.02.15,12:00,1.07299,1.07478,1.07273,1.07441,11635
2024.02.15,16:00,1.07441,1.07840,1.07419,1.07587,24508
2024.02.15,20:00,1.07588,1.07715,1.07557,1.07706,12027
2024.02.16,00:00,1.07707,1.07760,1.07606,1.07640,5390
2024.02.16,04:00,1.07641,1.07654,1.07566,1.07584,7522
2024.02.16,08:00,1.07583,1.07705,1.07576,1.07691,11342
2024.02.16,12:00,1.07691,1.07792,1.07617,1.07673,11539
2024.02.16,16:00,1.07673,1.07761,1.07312,1.07677,24644
2024.02.16,20:00,1.07676,1.07867,1.07618,1.07757,12313
2024.02.17,00:00,1.07755,1.07772,1.07740,1.07768,1624
2024.02.19,00:00,1.07746,1.07882,1.07712,1.07861,4259
2024.02.19,04:00,1.07863,1.07874,1.07740,1.07769,7174
2024.02.19,08:00,1.07772,1.07886,1.07755,1.07774,9869
2024.02.19,12:00,1.07775,1.07826,1.07687,1.07692,10231
2024.02.19,16:00,1.07696,1.07781,1.07613,1.07690,10176
2024.02.19,20:00,1.07691,1.07828,1.07687,1.07786,3526
2024.02.20,00:00,1.07785,1.07815,1.07669,1.07689,4392
2024.02.20,04:00,1.07688,1.07706,1.07609,1.07682,8656
2024.02.20,08:00,1.07683,1.07769,1.07645,1.07750,12254
2024.02.20,12:00,1.07749,1.08086,1.07731,1.07973,14913
2024.02.20,16:00,1.07973,1.08381,1.07961,1.08122,20497
2024.02.20,20:00,1.08123,1.08140,1.08035,1.08097,12738
2024.02.21,00:00,1.08096,1.08104,1.08052,1.08094,5190
2024.02.21,04:00,1.08094,1.08183,1.08047,1.08134,8320
2024.02.21,08:00,1.08135,1.08158,1.07965,1.07981,11543
2024.02.21,12:00,1.07978,1.08024,1.07891,1.08023,13816
2024.02.21,16:00,1.08023,1.08192,1.08001,1.08163,18790
2024.02.21,20:00,1.08165,1.08235,1.07992,1.08165,17340
2024.02.22,00:00,1.08164,1.08312,1.08122,1.08294,6919
2024.02.22,04:00,1.08297,1.08302,1.08183,1.08295,7304
2024.02.22,08:00,1.08294,1.08876,1.08288,1.08707,14439
2024.02.22,12:00,1.08707,1.08708,1.08416,1.08432,15992
2024.02.22,16:00,1.08430,1.08474,1.08022,1.08134,24496
2024.02.22,20:00,1.08135,1.08254,1.08110,1.08210,12505
2024.02.23,00:00,1.08210,1.08272,1.08140,1.08211,5509
2024.02.23,04:00,1.08212,1.08311,1.08209,1.08247,9831
2024.02.23,08:00,1.08248,1.08317,1.08203,1.08244,11613
2024.02.23,12:00,1.08243,1.08388,1.08132,1.08354,14251
2024.02.23,16:00,1.08356,1.08361,1.08112,1.08265,20659
2024.02.23,20:00,1.08266,1.08288,1.08169,1.08215,12795
2024.02.24,00:00,1.08213,1.08223,1.08172,1.08181,1494
2024.02.26,00:00,1.08241,1.08264,1.08152,1.08158,8457
2024.02.26,04:00,1.08158,1.08219,1.08118,1.08204,7082
2024.02.26,08:00,1.08204,1.08360,1.08180,1.08312,11985
2024.02.26,12:00,1.08313,1.08588,1.08297,1.08488,12921
2024.02.26,16:00,1.08488,1.08581,1.08379,1.08532,16975
2024.02.26,20:00,1.08533,1.08542,1.08392,1.08500,12931
2024.02.27,00:00,1.08499,1.08507,1.08460,1.08466,5770
2024.02.27,04:00,1.08466,1.08546,1.08447,1.08525,7570
2024.02.27,08:00,1.08525,1.08651,1.08463,1.08568,12570
2024.02.27,12:00,1.08567,1.08623,1.08412,1.08559,12083
2024.02.27,16:00,1.08561,1.08571,1.08322,1.08553,18745
2024.02.27,20:00,1.08555,1.08558,1.08400,1.08434,13533
2024.02.28,00:00,1.08433,1.08465,1.08397,1.08438,5285
2024.02.28,04:00,1.08438,1.08438,1.08311,1.08315,7457
2024.02.28,08:00,1.08314,1.08324,1.08076,1.08081,11683
2024.02.28,12:00,1.08082,1.08200,1.07957,1.08079,15517
2024.02.28,16:00,1.08079,1.08415,1.08060,1.08413,20608
2024.02.28,20:00,1.08412,1.08451,1.08317,1.08372,11444
2024.02.29,00:00,1.08371,1.08396,1.08338,1.08355,5620
2024.02.29,04:00,1.08356,1.08397,1.08271,1.08355,14287
2024.02.29,08:00,1.08355,1.08465,1.08252,1.08370,14726
2024.02.29,12:00,1.08369,1.08534,1.08258,1.08282,15911
2024.02.29,16:00,1.08281,1.08550,1.08037,1.08054,26118
2024.02.29,20:00,1.08053,1.08103,1.07951,1.08076,15282
2024.03.01,00:00,1.08076,1.08118,1.08005,1.08106,8365
2024.03.01,04:00,1.08105,1.08211,1.08101,1.08128,7573
2024.03.01,08:00,1.08130,1.08191,1.08073,1.08106,11212
2024.03.01,12:00,1.08103,1.08239,1.07977,1.08122,16648
2024.03.01,16:00,1.08121,1.08408,1.07972,1.08301,23566
2024.03.01,20:00,1.08301,1.08422,1.08280,1.08366,12758
2024.03.02,00:00,1.08363,1.08395,1.08324,1.08384,2130
2024.03.04,00:00,1.08362,1.08475,1.08362,1.08450,6895
2024.03.04,04:00,1.08449,1.08450,1.08376,1.08429,7818
2024.03.04,08:00,1.08429,1.08571,1.08371,1.08440,13600
2024.03.04,12:00,1.08438,1.08568,1.08408,1.08419,14329
2024.03.04,16:00,1.08420,1.08660,1.08393,1.08606,20005
2024.03.04,20:00,1.08606,1.08615,1.08545,1.08551,11251
2024.03.05,00:00,1.08550,1.08573,1.08506,1.08522,7320
2024.03.05,04:00,1.08522,1.08540,1.08467,1.08498,7197
2024.03.05,08:00,1.08499,1.08534,1.08407,1.08463,11682
2024.03.05,12:00,1.08464,1.08551,1.08448,1.08465,12206
2024.03.05,16:00,1.08464,1.08754,1.08397,1.08601,21995
2024.03.05,20:00,1.08601,1.08636,1.08482,1.08567,14817
2024.03.06,00:00,1.08567,1.08583,1.08484,1.08490,7244
2024.03.06,04:00,1.08490,1.08525,1.08412,1.08509,10307
2024.03.06,08:00,1.08510,1.08733,1.08509,1.08723,10972
2024.03.06,12:00,1.08723,1.08787,1.08667,1.08679,10264
2024.03.06,16:00,1.08681,1.09140,1.08676,1.09112,24473
2024.03.06,20:00,1.09115,1.09144,1.08921,1.08980,17380
2024.03.07,00:00,1.08981,1.09066,1.08945,1.09023,6458
2024.03.07,04:00,1.09022,1.09047,1.08928,1.09027,8496
2024.03.07,08:00,1.09026,1.09047,1.08869,1.08970,12289
2024.03.07,12:00,1.08969,1.09020,1.08889,1.08934,12580
2024.03.07,16:00,1.08935,1.09412,1.08670,1.09394,26170
2024.03.07,20:00,1.09391,1.09484,1.09304,1.09461,11354
2024.03.08,00:00,1.09462,1.09549,1.09446,1.09505,7091
2024.03.08,04:00,1.09506,1.09519,1.09433,1.09448,7486
2024.03.08,08:00,1.09449,1.09503,1.09283,1.09351,12015
2024.03.08,12:00,1.09350,1.09381,1.09253,1.09311,14771
2024.03.08,16:00,1.09313,1.09804,1.09176,1.09396,28848
2024.03.08,20:00,1.09396,1.09450,1.09326,1.09356,16858
2024.03.09,00:00,1.09356,1.09405,1.09344,1.09369,1646
2024.03.11,00:00,1.09369,1.09457,1.09347,1.09414,7551
2024.03.11,04:00,1.09414,1.09450,1.09361,1.09379,8076
2024.03.11,08:00,1.09380,1.09473,1.09345,1.09438,13597
2024.03.11,12:00,1.09437,1.09441,1.09287,1.09287,13603
2024.03.11,16:00,1.09288,1.09309,1.09137,1.09264,17953
2024.03.11,20:00,1.09263,1.09294,1.09176,1.09250,12954
2024.03.12,00:00,1.09200,1.09315,1.09197,1.09278,7220
2024.03.12,04:00,1.09279,1.09373,1.09260,1.09360,6787
2024.03.12,08:00,1.09360,1.09386,1.09205,1.09241,11835
2024.03.12,12:00,1.09239,1.09429,1.09020,1.09193,16532
2024.03.12,16:00,1.09192,1.09222,1.09014,1.09169,22095
2024.03.12,20:00,1.09168,1.09267,1.09119,1.09257,10538
2024.03.13,00:00,1.09263,1.09289,1.09243,1.09261,7305
2024.03.13,04:00,1.09262,1.09298,1.09213,1.09226,7828
2024.03.13,08:00,1.09227,1.09321,1.09201,1.09268,10586
2024.03.13,12:00,1.09269,1.09465,1.09193,1.09359,13073
2024.03.13,16:00,1.09359,1.09487,1.09306,1.09483,17220
2024.03.13,20:00,1.09484,1.09629,1.09449,1.09472,10824
2024.03.14,00:00,1.09513,1.09540,1.09452,1.09479,6089
2024.03.14,04:00,1.09479,1.09520,1.09382,1.09417,6570
2024.03.14,08:00,1.09416,1.09432,1.09312,1.09370,10766
2024.03.14,12:00,1.09370,1.09446,1.09234,1.09291,14608
2024.03.14,16:00,1.09292,1.09302,1.08822,1.08862,21809
2024.03.14,20:00,1.08863,1.08910,1.08798,1.08831,10534
2024.03.15,00:00,1.08802,1.08854,1.08752,1.08772,9453
2024.03.15,04:00,1.08772,1.08793,1.08722,1.08757,7881
2024.03.15,08:00,1.08757,1.08862,1.08724,1.08821,10283
2024.03.15,12:00,1.08822,1.08988,1.08819,1.08864,13328
2024.03.15,16:00,1.08864,1.08940,1.08806,1.08850,18214
2024.03.15,20:00,1.08850,1.08906,1.08826,1.08863,8931
2024.03.18,00:00,1.08887,1.08905,1.08763,1.08845,5234
2024.03.18,04:00,1.08845,1.08909,1.08821,1.08868,6070
2024.03.18,08:00,1.08867,1.08970,1.08844,1.08929,8842
2024.03.18,12:00,1.08925,1.09054,1.08890,1.08914,10586
2024.03.18,16:00,1.08914,1.08927,1.08687,1.08716,13561
2024.03.18,20:00,1.08715,1.08742,1.08653,1.08715,7373
2024.03.19,00:00,1.08723,1.08738,1.08684,1.08685,8101
2024.03.19,04:00,1.08686,1.08757,1.08659,1.08698,9281
2024.03.19,08:00,1.08696,1.08713,1.08415,1.08466,12808
2024.03.19,12:00,1.08467,1.08553,1.08339,1.08508,14300
2024.03.19,16:00,1.08508,1.08647,1.08485,1.08627,13889
2024.03.19,20:00,1.08626,1.08667,1.08590,1.08649,8443
2024.03.20,00:00,1.08659,1.08664,1.08575,1.08635,6725
2024.03.20,04:00,1.08636,1.08702,1.08614,1.08658,5556
2024.03.20,08:00,1.08657,1.08713,1.08493,1.08514,9331
2024.03.20,12:00,1.08513,1.08516,1.08355,1.08414,12531
2024.03.20,16:00,1.08414,1.08603,1.08365,1.08599,11510
2024.03.20,20:00,1.08598,1.09219,1.08579,1.09217,23674
2024.03.21,00:00,1.09188,1.09367,1.09178,1.09326,9593
2024.03.21,04:00,1.09325,1.09382,1.09318,1.09322,7320
2024.03.21,08:00,1.09322,1.09418,1.08864,1.08908,12938
2024.03.21,12:00,1.08917,1.09228,1.08882,1.09107,16411
2024.03.21,16:00,1.09107,1.09110,1.08549,1.08600,21264
2024.03.21,20:00,1.08603,1.08654,1.08547,1.08590,10107
2024.03.22,00:00,1.08603,1.08673,1.08580,1.08644,7008
2024.03.22,04:00,1.08645,1.08650,1.08303,1.08325,8857
2024.03.22,08:00,1.08327,1.08412,1.08074,1.08108,12259
2024.03.22,12:00,1.08109,1.08303,1.08109,1.08255,15354
2024.03.22,16:00,1.08255,1.08308,1.08050,1.08050,14116
2024.03.22,20:00,1.08050,1.08098,1.08010,1.08074,6890
2024.03.25,00:00,1.08075,1.08095,1.08018,1.08028,6966
2024.03.25,04:00,1.08029,1.08213,1.08014,1.08123,8344
2024.03.25,08:00,1.08124,1.08230,1.08065,1.08130,9748
2024.03.25,12:00,1.08131,1.08332,1.08108,1.08299,9690
2024.03.25,16:00,1.08298,1.08417,1.08284,1.08359,11384
2024.03.25,20:00,1.08358,1.08400,1.08325,1.08359,7129
2024.03.26,00:00,1.08366,1.08421,1.08323,1.08417,7062
2024.03.26,04:00,1.08417,1.08447,1.08350,1.08394,6378
2024.03.26,08:00,1.08392,1.08521,1.08379,1.08488,9847
2024.03.26,12:00,1.08487,1.08635,1.08447,1.08513,14002
2024.03.26,16:00,1.08513,1.08578,1.08234,1.08274,14328
2024.03.26,20:00,1.08274,1.08349,1.08261,1.08307,7757
2024.03.27,00:00,1.08301,1.08326,1.08266,1.08287,5898
2024.03.27,04:00,1.08286,1.08301,1.08197,1.08292,8455
2024.03.27,08:00,1.08290,1.08329,1.08206,1.08278,9393
2024.03.27,12:00,1.08277,1.08382,1.08142,1.08181,14135
2024.03.27,16:00,1.08180,1.08249,1.08099,1.08224,14197
2024.03.27,20:00,1.08223,1.08281,1.08166,1.08271,9104
2024.03.28,00:00,1.08233,1.08273,1.08073,1.08166,6703
2024.03.28,04:00,1.08167,1.08251,1.08142,1.08227,6521
2024.03.28,08:00,1.08227,1.08258,1.07892,1.07912,10394
2024.03.28,12:00,1.07911,1.08080,1.07743,1.08074,12884
2024.03.28,16:00,1.08074,1.08179,1.07919,1.07986,17919
2024.03.28,20:00,1.07985,1.08011,1.07838,1.07872,9191
2024.03.29,00:00,1.07875,1.07933,1.07831,1.07834,9924
2024.03.29,04:00,1.07834,1.07840,1.07730,1.07760,6800
2024.03.29,08:00,1.07760,1.07805,1.07671,1.07778,7413
2024.03.29,12:00,1.07779,1.08046,1.07722,1.07978,9329
2024.03.29,16:00,1.07978,1.08029,1.07861,1.07873,9788
2024.03.29,20:00,1.07874,1.07950,1.07859,1.07859,9220
2024.04.01,00:00,1.07897,1.07980,1.07846,1.07905,6533
2024.04.01,04:00,1.07906,1.07938,1.07833,1.07860,6663
2024.04.01,08:00,1.07859,1.07914,1.07818,1.07890,7382
2024.04.01,12:00,1.07891,1.07902,1.07763,1.07811,7862
2024.04.01,16:00,1.07810,1.07822,1.07302,1.07357,16498
2024.04.01,20:00,1.07360,1.07432,1.07360,1.07421,7563
2024.04.02,00:00,1.07400,1.07435,1.07301,1.07364,5383
2024.04.02,04:00,1.07363,1.07372,1.07284,1.07324,6215
2024.04.02,08:00,1.07321,1.07420,1.07237,1.07307,11794
2024.04.02,12:00,1.07306,1.07552,1.07303,1.07482,12203
2024.04.02,16:00,1.07482,1.07781,1.07471,1.07675,16704
2024.04.02,20:00,1.07674,1.07685,1.07594,1.07683,6968
2024.04.03,00:00,1.07686,1.07727,1.07651,1.07680,5260
2024.04.03,04:00,1.07680,1.07786,1.07650,1.07737,6430
2024.04.03,08:00,1.07738,1.07766,1.07633,1.07712,8794
2024.04.03,12:00,1.07709,1.07855,1.07643,1.07771,11670
2024.04.03,16:00,1.07775,1.08353,1.07769,1.08298,20873
2024.04.03,20:00,1.08299,1.08361,1.08248,1.08352,8518
2024.04.04,00:00,1.08332,1.08425,1.08321,1.08423,5493
2024.04.04,04:00,1.08422,1.08439,1.08373,1.08419,5405
2024.04.04,08:00,1.08419,1.08618,1.08382,1.08612,11158
2024.04.04,12:00,1.08610,1.08695,1.08499,1.08688,10513
2024.04.04,16:00,1.08689,1.08757,1.08572,1.08581,11637
2024.04.04,20:00,1.08580,1.08610,1.08312,1.08361,15071
2024.04.05,00:00,1.08345,1.08431,1.08341,1.08409,9443
2024.04.05,04:00,1.08409,1.08422,1.08226,1.08253,7121
2024.04.05,08:00,1.08256,1.08455,1.08221,1.08367,10328
2024.04.05,12:00,1.08366,1.08471,1.07992,1.08086,14219
2024.04.05,16:00,1.08089,1.08436,1.07906,1.08349,21945
2024.04.05,20:00,1.08352,1.08382,1.08299,1.08357,9334
2024.04.08,00:00,1.08355,1.08375,1.08222,1.08261,16892
2024.04.08,04:00,1.08259,1.08423,1.08259,1.08314,10332
2024.04.08,08:00,1.08315,1.08370,1.08214,1.08227,17406
2024.04.08,12:00,1.08226,1.08348,1.08202,1.08335,15284
2024.04.08,16:00,1.08334,1.08581,1.08334,1.08494,22072
2024.04.08,20:00,1.08494,1.08614,1.08487,1.08586,10148
2024.04.09,00:00,1.08559,1.08627,1.08546,1.08580,17599
2024.04.09,04:00,1.08579,1.08614,1.08530,1.08557,8738
2024.04.09,08:00,1.08558,1.08619,1.08483,1.08568,13137
2024.04.09,12:00,1.08569,1.08832,1.08556,1.08798,18423
2024.04.09,16:00,1.08797,1.08842,1.08514,1.08538,24128
2024.04.09,20:00,1.08537,1.08583,1.08469,1.08561,10844
2024.04.10,00:00,1.08561,1.08590,1.08538,1.08564,9894
2024.04.10,04:00,1.08564,1.08580,1.08496,1.08516,8671
2024.04.10,08:00,1.08516,1.08598,1.08470,1.08597,13074
2024.04.10,12:00,1.08598,1.08656,1.07775,1.07800,21338
2024.04.10,16:00,1.07800,1.07804,1.07280,1.07351,35169
2024.04.10,20:00,1.07352,1.07535,1.07282,1.07411,26651
2024.04.11,00:00,1.07407,1.07451,1.07375,1.07417,9928
2024.04.11,04:00,1.07418,1.07481,1.07404,1.07454,12357
2024.04.11,08:00,1.07454,1.07490,1.07258,1.07398,20515
2024.04.11,12:00,1.07396,1.07461,1.07144,1.07407,27902
2024.04.11,16:00,1.07405,1.07558,1.06984,1.07167,36685
2024.04.11,20:00,1.07167,1.07336,1.07147,1.07251,16294
2024.04.12,00:00,1.07260,1.07285,1.07217,1.07252,5971
2024.04.12,04:00,1.07251,1.07274,1.07100,1.07105,11394
2024.04.12,08:00,1.07105,1.07133,1.06700,1.06703,21505
2024.04.12,12:00,1.06702,1.06742,1.06304,1.06374,23139
2024.04.12,16:00,1.06377,1.06502,1.06217,1.06409,33469
2024.04.12,20:00,1.06410,1.06497,1.06364,1.06398,18385
2024.04.15,00:00,1.06339,1.06508,1.06300,1.06448,12120
2024.04.15,04:00,1.06447,1.06540,1.06382,1.06517,11184
2024.04.15,08:00,1.06517,1.06639,1.06492,1.06555,20596
2024.04.15,12:00,1.06556,1.06643,1.06302,1.06464,22334
2024.04.15,16:00,1.06464,1.06599,1.06211,1.06353,32867
2024.04.15,20:00,1.06353,1.06387,1.06195,1.06237,23123
2024.04.16,00:00,1.06236,1.06277,1.06172,1.06175,8972
2024.04.16,04:00,1.06174,1.06185,1.06053,1.06132,14107
2024.04.16,08:00,1.06131,1.06238,1.06015,1.06155,23220
2024.04.16,12:00,1.06157,1.06528,1.06155,1.06382,24312
2024.04.16,16:00,1.06382,1.06440,1.06179,1.06241,46974
2024.04.16,20:00,1.06242,1.06342,1.06004,1.06180,37127
2024.04.17,00:00,1.06179,1.06244,1.06117,1.06214,10487
2024.04.17,04:00,1.06212,1.06348,1.06195,1.06241,10735
2024.04.17,08:00,1.06240,1.06479,1.06051,1.06393,27705
2024.04.17,12:00,1.06395,1.06484,1.06306,1.06340,23699
2024.04.17,16:00,1.06340,1.06555,1.06292,1.06489,36776
2024.04.17,20:00,1.06489,1.06786,1.06471,1.06716,24377
2024.04.18,00:00,1.06714,1.06745,1.06633,1.06688,7767
2024.04.18,04:00,1.06689,1.06795,1.06636,1.06774,11459
2024.04.18,08:00,1.06773,1.06892,1.06740,1.06777,21468
2024.04.18,12:00,1.06778,1.06805,1.06590,1.06622,23493
2024.04.18,16:00,1.06621,1.06676,1.06456,1.06525,36146
2024.04.18,20:00,1.06524,1.06540,1.06406,1.06426,19700
2024.04.19,00:00,1.06423,1.06440,1.06352,1.06379,10095
2024.04.19,04:00,1.06379,1.06423,1.06099,1.06338,41900
2024.04.19,08:00,1.06338,1.06584,1.06262,1.06447,36389
2024.04.19,12:00,1.06448,1.06728,1.06423,1.06646,28034
2024.04.19,16:00,1.06646,1.06767,1.06393,1.06528,36196
2024.04.19,20:00,1.06527,1.06577,1.06457,1.06558,18410
2024.04.22,00:00,1.06522,1.06641,1.06478,1.06526,9970
2024.04.22,04:00,1.06525,1.06698,1.06524,1.06646,12483
2024.04.22,08:00,1.06646,1.06685,1.06466,1.06559,21812
2024.04.22,12:00,1.06558,1.06611,1.06300,1.06390,20883
2024.04.22,16:00,1.06389,1.06501,1.06232,1.06479,23766
2024.04.22,20:00,1.06478,1.06599,1.06472,1.06525,12904
2024.04.23,00:00,1.06533,1.06584,1.06503,1.06578,6352
2024.04.23,04:00,1.06577,1.06597,1.06525,1.06543,10064
2024.04.23,08:00,1.06543,1.06943,1.06378,1.06700,28483
2024.04.23,12:00,1.06699,1.06772,1.06524,1.06711,23235
2024.04.23,16:00,1.06711,1.07104,1.06593,1.06991,38368
2024.04.23,20:00,1.06991,1.07069,1.06985,1.07018,14272
2024.04.24,00:00,1.07016,1.07098,1.06987,1.07087,6848
2024.04.24,04:00,1.07087,1.07135,1.07033,1.07045,10997
2024.04.24,08:00,1.07045,1.07049,1.06800,1.06825,18140
2024.04.24,12:00,1.06826,1.06921,1.06771,1.06860,16359
2024.04.24,16:00,1.06859,1.07016,1.06799,1.06897,23248
2024.04.24,20:00,1.06896,1.07056,1.06861,1.06983,13722
2024.04.25,00:00,1.06946,1.07037,1.06921,1.07025,3326
2024.04.25,04:00,1.07026,1.07089,1.06961,1.07081,6105
2024.04.25,08:00,1.07082,1.07279,1.07066,1.07248,17691
2024.04.25,12:00,1.07246,1.07394,1.06846,1.06912,22612
2024.04.25,16:00,1.06912,1.07342,1.06776,1.07304,33107
2024.04.25,20:00,1.07303,1.07378,1.07221,1.07291,13574
2024.04.26,00:00,1.07280,1.07293,1.07218,1.07265,4355
2024.04.26,04:00,1.07264,1.07283,1.07177,1.07216,6574
2024.04.26,08:00,1.07215,1.07518,1.07206,1.07398,18775
2024.04.26,12:00,1.07399,1.07424,1.07093,1.07154,23072
2024.04.26,16:00,1.07155,1.07229,1.06730,1.06938,28451
2024.04.26,20:00,1.06939,1.07062,1.06900,1.06920,8790
2024.04.29,00:00,1.06942,1.07098,1.06877,1.07087,6421
2024.04.29,04:00,1.07086,1.07326,1.07064,1.07280,17372
2024.04.29,08:00,1.07279,1.07329,1.07005,1.07037,32194
2024.04.29,12:00,1.07036,1.07264,1.06965,1.07025,19342
2024.04.29,16:00,1.07026,1.07282,1.06893,1.07250,24564
2024.04.29,20:00,1.07251,1.07289,1.07142,1.07191,15088
2024.04.30,00:00,1.07190,1.07218,1.07093,1.07143,9086
2024.04.30,04:00,1.07142,1.07171,1.07015,1.07048,10219
2024.04.30,08:00,1.07049,1.07114,1.06894,1.07101,18359
2024.04.30,12:00,1.07100,1.07346,1.06890,1.06993,26925
2024.04.30,16:00,1.06993,1.07188,1.06751,1.06781,39362
2024.04.30,20:00,1.06780,1.06824,1.06641,1.06644,16660
2024.05.01,00:00,1.06668,1.06725,1.06572,1.06609,7611
2024.05.01,04:00,1.06609,1.06625,1.06542,1.06550,6906
2024.05.01,08:00,1.06550,1.06696,1.06486,1.06685,12496
2024.05.01,12:00,1.06688,1.06840,1.06658,1.06833,17190
2024.05.01,16:00,1.06834,1.06905,1.06699,1.06708,24091
2024.05.01,20:00,1.06708,1.07320,1.06699,1.07128,54311
2024.05.02,00:00,1.07090,1.07201,1.07062,1.07109,11633
2024.05.02,04:00,1.07108,1.07201,1.07062,1.07169,10277
2024.05.02,08:00,1.07169,1.07275,1.06992,1.07034,23671
2024.05.02,12:00,1.07034,1.07115,1.06926,1.07003,23777
2024.05.02,16:00,1.07006,1.07208,1.06733,1.07158,36434
2024.05.02,20:00,1.07159,1.07294,1.07132,1.07240,16775
2024.05.03,00:00,1.07248,1.07308,1.07222,1.07306,7261
2024.05.03,04:00,1.07306,1.07387,1.07301,1.07315,9151
2024.05.03,08:00,1.07314,1.07434,1.07237,1.07417,17837
2024.05.03,12:00,1.07417,1.08118,1.07378,1.07929,28464
2024.05.03,16:00,1.07925,1.07973,1.07507,1.07626,51173
2024.05.03,20:00,1.07628,1.07685,1.07583,1.07619,11548
2024.05.06,00:00,1.07639,1.07682,1.07545,1.07666,6483
2024.05.06,04:00,1.07665,1.07708,1.07613,1.07620,10189
2024.05.06,08:00,1.07619,1.07753,1.07568,1.07677,16711
2024.05.06,12:00,1.07677,1.07899,1.07653,1.07867,17737
2024.05.06,16:00,1.07865,1.07881,1.07703,1.07736,16684
2024.05.06,20:00,1.07734,1.07757,1.07654,1.07688,10913
2024.05.07,00:00,1.07689,1.07754,1.07650,1.07743,5977
2024.05.07,04:00,1.07743,1.07761,1.07599,1.07649,10531
2024.05.07,08:00,1.07650,1.07688,1.07534,1.07630,18549
2024.05.07,12:00,1.07629,1.07784,1.07543,1.07748,18415
2024.05.07,16:00,1.07748,1.07866,1.07653,1.07695,23078
2024.05.07,20:00,1.07696,1.07699,1.07471,1.07545,12448
2024.05.08,00:00,1.07542,1.07558,1.07460,1.07471,7775
2024.05.08,04:00,1.07471,1.07480,1.07372,1.07405,10980
2024.05.08,08:00,1.07404,1.07483,1.07341,1.07433,16089
2024.05.08,12:00,1.07434,1.07531,1.07389,1.07482,15124
2024.05.08,16:00,1.07482,1.07568,1.07435,1.07450,16647
2024.05.08,20:00,1.07450,1.07477,1.07401,1.07476,10250
2024.05.09,00:00,1.07456,1.07498,1.07416,1.07424,8007
2024.05.09,04:00,1.07421,1.07508,1.07415,1.07444,6897
2024.05.09,08:00,1.07445,1.07456,1.07252,1.07273,12608
2024.05.09,12:00,1.07273,1.07616,1.07231,1.07585,20374
2024.05.09,16:00,1.07586,1.07809,1.07498,1.07750,19998
2024.05.09,20:00,1.07749,1.07837,1.07729,1.07811,10097
2024.05.10,00:00,1.07803,1.07850,1.07756,1.07782,5444
2024.05.10,04:00,1.07783,1.07817,1.07722,1.07732,7330
2024.05.10,08:00,1.07731,1.07859,1.07707,1.07798,14772
2024.05.10,12:00,1.07801,1.07853,1.07655,1.07693,14656
2024.05.10,16:00,1.07695,1.07893,1.07594,1.07750,20067
2024.05.10,20:00,1.07754,1.07765,1.07675,1.07695,9517
2024.05.13,00:00,1.07704,1.07745,1.07655,1.07684,6859
2024.05.13,04:00,1.07685,1.07723,1.07650,1.07688,8539
2024.05.13,08:00,1.07688,1.07838,1.07679,1.07830,14592
2024.05.13,12:00,1.07829,1.07989,1.07765,1.07974,14098
2024.05.13,16:00,1.07974,1.08061,1.07886,1.07927,17841
2024.05.13,20:00,1.07926,1.07932,1.07859,1.07890,11331
2024.05.14,00:00,1.07878,1.07929,1.07846,1.07868,8226
2024.05.14,04:00,1.07867,1.07889,1.07833,1.07847,11764
2024.05.14,08:00,1.07846,1.07885,1.07745,1.07828,13511
2024.05.14,12:00,1.07829,1.08097,1.07662,1.08025,18446
2024.05.14,16:00,1.08023,1.08249,1.07999,1.08160,21932
2024.05.14,20:00,1.08160,1.08223,1.08147,1.08187,8106
2024.05.15,00:00,1.08174,1.08192,1.08122,1.08161,6783
2024.05.15,04:00,1.08161,1.08268,1.08155,1.08206,8004
2024.05.15,08:00,1.08206,1.08341,1.08203,1.08292,14835
2024.05.15,12:00,1.08292,1.08687,1.08210,1.08605,21887
2024.05.15,16:00,1.08604,1.08737,1.08308,1.08712,30268
2024.05.15,20:00,1.08712,1.08852,1.08708,1.08827,10929
2024.05.16,00:00,1.08838,1.08941,1.08784,1.08929,7463
2024.05.16,04:00,1.08929,1.08931,1.08806,1.08838,10797
2024.05.16,08:00,1.08839,1.08842,1.08655,1.08725,14402
2024.05.16,12:00,1.08726,1.08740,1.08599,1.08624,16407
2024.05.16,16:00,1.08620,1.08749,1.08536,1.08726,21029
2024.05.16,20:00,1.08725,1.08748,1.08637,1.08658,10113
2024.05.17,00:00,1.08658,1.08683,1.08589,1.08620,5438
2024.05.17,04:00,1.08619,1.08629,1.08535,1.08554,7253
2024.05.17,08:00,1.08554,1.08675,1.08408,1.08433,13862
2024.05.17,12:00,1.08433,1.08460,1.08349,1.08421,13370
2024.05.17,16:00,1.08422,1.08777,1.08421,1.08678,17973
2024.05.17,20:00,1.08677,1.08758,1.08672,1.08676,13439
2024.05.20,00:00,1.08687,1.08764,1.08634,1.08744,5083
2024.05.20,04:00,1.08744,1.08815,1.08708,1.08799,8036
2024.05.20,08:00,1.08799,1.08837,1.08686,1.08739,13612
2024.05.20,12:00,1.08738,1.08743,1.08534,1.08567,13584
2024.05.20,16:00,1.08570,1.08690,1.08570,1.08649,17056
2024.05.20,20:00,1.08649,1.08698,1.08559,1.08559,16252
2024.05.21,00:00,1.08556,1.08610,1.08545,1.08606,15989
2024.05.21,04:00,1.08605,1.08608,1.08501,1.08580,8092
2024.05.21,08:00,1.08580,1.08687,1.08556,1.08660,13872
2024.05.21,12:00,1.08658,1.08740,1.08539,1.08564,14648
2024.05.21,16:00,1.08563,1.08609,1.08417,1.08530,22521
2024.05.21,20:00,1.08530,1.08557,1.08455,1.08531,8419
2024.05.22,00:00,1.08529,1.08590,1.08526,1.08567,5279
2024.05.22,04:00,1.08565,1.08626,1.08518,1.08527,7964
2024.05.22,08:00,1.08527,1.08627,1.08455,1.08478,12592
2024.05.22,12:00,1.08477,1.08490,1.08211,1.08312,15960
2024.05.22,16:00,1.08311,1.08435,1.08309,1.08416,18643
2024.05.22,20:00,1.08416,1.08461,1.08167,1.08206,16539
2024.05.23,00:00,1.08222,1.08280,1.08211,1.08248,5491
2024.05.23,04:00,1.08246,1.08315,1.08212,1.08258,7874
2024.05.23,08:00,1.08257,1.08440,1.08116,1.08378,17225
2024.05.23,12:00,1.08378,1.08535,1.08327,1.08518,17188
2024.05.23,16:00,1.08519,1.08602,1.08171,1.08174,26650
2024.05.23,20:00,1.08176,1.08193,1.08039,1.08147,15511
2024.05.24,00:00,1.08121,1.08144,1.08066,1.08093,8618
2024.05.24,04:00,1.08092,1.08129,1.08047,1.08084,9423
2024.05.24,08:00,1.08083,1.08275,1.08067,1.08238,13076
2024.05.24,12:00,1.08237,1.08529,1.08229,1.08504,15546
2024.05.24,16:00,1.08504,1.08570,1.08412,1.08462,19500
2024.05.24,20:00,1.08462,1.08525,1.08442,1.08449,10224
2024.05.27,00:00,1.08441,1.08506,1.08422,1.08477,4657
2024.05.27,04:00,1.08478,1.08513,1.08464,1.08476,6414
2024.05.27,08:00,1.08476,1.08527,1.08433,1.08486,9199
2024.05.27,12:00,1.08487,1.08667,1.08400,1.08483,11852
2024.05.27,16:00,1.08482,1.08611,1.08436,1.08590,10637
2024.05.27,20:00,1.08591,1.08599,1.08562,1.08580,7365
2024.05.28,00:00,1.08537,1.08675,1.08526,1.08642,7310
2024.05.28,04:00,1.08640,1.08793,1.08635,1.08753,8859
2024.05.28,08:00,1.08755,1.08792,1.08663,1.08692,11964
2024.05.28,12:00,1.08692,1.08882,1.08665,1.08758,14236
2024.05.28,16:00,1.08756,1.08793,1.08570,1.08740,21268
2024.05.28,20:00,1.08739,1.08750,1.08542,1.08557,13520
2024.05.29,00:00,1.08559,1.08593,1.08469,1.08504,6647
2024.05.29,04:00,1.08502,1.08562,1.08432,1.08467,8800
2024.05.29,08:00,1.08467,1.08579,1.08285,1.08364,15871
2024.05.29,12:00,1.08364,1.08577,1.08346,1.08455,16287
2024.05.29,16:00,1.08456,1.08461,1.08066,1.08146,24301
2024.05.29,20:00,1.08146,1.08151,1.07991,1.07995,12042
2024.05.30,00:00,1.08017,1.08050,1.07945,1.07957,7201
2024.05.30,04:00,1.07957,1.08037,1.07912,1.07951,10198
2024.05.30,08:00,1.07951,1.08177,1.07876,1.08142,18610
2024.05.30,12:00,1.08141,1.08319,1.08076,1.08281,18269
2024.05.30,16:00,1.08282,1.08443,1.08246,1.08393,22743
2024.05.30,20:00,1.08392,1.08424,1.08261,1.08312,11067
2024.05.31,00:00,1.08314,1.08335,1.08281,1.08314,7741
2024.05.31,04:00,1.08314,1.08328,1.08103,1.08175,10306
2024.05.31,08:00,1.08174,1.08377,1.08138,1.08336,16799
2024.05.31,12:00,1.08335,1.08815,1.08332,1.08794,20454
2024.05.31,16:00,1.08793,1.08800,1.08390,1.08465,29021
2024.05.31,20:00,1.08466,1.08519,1.08398,1.08493,12748
2024.06.03,00:00,1.08473,1.08567,1.08417,1.08556,7347
2024.06.03,04:00,1.08560,1.08580,1.08485,1.08509,8269
2024.06.03,08:00,1.08514,1.08579,1.08326,1.08394,18796
2024.06.03,12:00,1.08394,1.08491,1.08270,1.08435,19376
2024.06.03,16:00,1.08434,1.08898,1.08434,1.08843,28232
2024.06.03,20:00,1.08844,1.09037,1.08805,1.09037,13865
2024.06.04,00:00,1.09005,1.09151,1.08997,1.09120,6647
2024.06.04,04:00,1.09119,1.09129,1.09043,1.09085,7749
2024.06.04,08:00,1.09084,1.09100,1.08732,1.08801,19954
2024.06.04,12:00,1.08800,1.08812,1.08583,1.08638,25124
2024.06.04,16:00,1.08638,1.08827,1.08612,1.08795,28970
2024.06.04,20:00,1.08794,1.08868,1.08772,1.08782,13880
2024.06.05,00:00,1.08799,1.08853,1.08772,1.08834,5371
2024.06.05,04:00,1.08836,1.08853,1.08759,1.08796,6797
2024.06.05,08:00,1.08799,1.08815,1.08693,1.08749,13999
2024.06.05,12:00,1.08750,1.08835,1.08591,1.08831,15716
2024.06.05,16:00,1.08832,1.08907,1.08536,1.08634,26454
2024.06.05,20:00,1.08637,1.08765,1.08598,1.08680,11128
2024.06.06,00:00,1.08696,1.08816,1.08675,1.08812,6693
2024.06.06,04:00,1.08811,1.08950,1.08811,1.08864,8885
2024.06.06,08:00,1.08863,1.08874,1.08704,1.08765,13708
2024.06.06,12:00,1.08761,1.09011,1.08611,1.08809,18556
2024.06.06,16:00,1.08804,1.08905,1.08711,1.08812,22130
2024.06.06,20:00,1.08811,1.08934,1.08802,1.08890,10265
2024.06.07,00:00,1.08897,1.08925,1.08860,1.08886,6421
2024.06.07,04:00,1.08887,1.08970,1.08864,1.08945,9195
2024.06.07,08:00,1.08945,1.08976,1.08823,1.08882,16624
2024.06.07,12:00,1.08881,1.09011,1.08233,1.08324,24349
2024.06.07,16:00,1.08324,1.08349,1.08024,1.08044,29329
2024.06.07,20:00,1.08042,1.08063,1.07988,1.08009,13017
2024.06.10,00:00,1.07670,1.07808,1.07638,1.07771,8062
2024.06.10,04:00,1.07771,1.07791,1.07472,1.07534,7751
2024.06.10,08:00,1.07534,1.07673,1.07471,1.07558,19023
2024.06.10,12:00,1.07559,1.07596,1.07321,1.07406,17449
2024.06.10,16:00,1.07405,1.07581,1.07324,1.07533,18323
2024.06.10,20:00,1.07534,1.07658,1.07495,1.07655,10104
2024.06.11,00:00,1.07625,1.07673,1.07579,1.07628,5807
2024.06.11,04:00,1.07628,1.07697,1.07614,1.07675,7876
2024.06.11,08:00,1.07674,1.07727,1.07427,1.07445,15237
2024.06.11,12:00,1.07442,1.07556,1.07232,1.07316,22021
2024.06.11,16:00,1.07315,1.07381,1.07187,1.07365,20371
2024.06.11,20:00,1.07364,1.07486,1.07359,1.07404,9847
2024.06.12,00:00,1.07372,1.07420,1.07340,1.07352,5769
2024.06.12,04:00,1.07353,1.07424,1.07339,1.07359,8059
2024.06.12,08:00,1.07355,1.07532,1.07348,1.07458,12979
2024.06.12,12:00,1.07458,1.08293,1.07433,1.08258,20379
2024.06.12,16:00,1.08258,1.08515,1.08168,1.08433,27411
2024.06.12,20:00,1.08431,1.08450,1.08028,1.08083,33467
2024.06.13,00:00,1.08059,1.08148,1.08053,1.08121,6490
2024.06.13,04:00,1.08120,1.08149,1.08023,1.08031,8695
2024.06.13,08:00,1.08030,1.08156,1.07996,1.08053,15325
2024.06.13,12:00,1.08053,1.08154,1.07797,1.07926,21188
2024.06.13,16:00,1.07929,1.08069,1.07321,1.07344,27736
2024.06.13,20:00,1.07343,1.07432,1.07343,1.07378,12193
2024.06.14,00:00,1.07359,1.07401,1.07342,1.07355,6037
2024.06.14,04:00,1.07355,1.07441,1.07342,1.07356,8874
2024.06.14,08:00,1.07355,1.07365,1.06889,1.06910,22277
2024.06.14,12:00,1.06911,1.07050,1.06709,1.06884,29696
2024.06.14,16:00,1.06886,1.07010,1.06668,1.06996,26880
2024.06.14,20:00,1.06997,1.07067,1.06938,1.07020,11461
2024.06.17,00:00,1.07016,1.07084,1.06992,1.07031,6936
2024.06.17,04:00,1.07031,1.07047,1.06981,1.07034,8731
2024.06.17,08:00,1.07034,1.07115,1.06855,1.07064,22588
2024.06.17,12:00,1.07065,1.07170,1.07013,1.07129,19391
2024.06.17,16:00,1.07129,1.07270,1.07110,1.07244,20313
2024.06.17,20:00,1.07244,1.07369,1.07225,1.07336,10620
2024.06.18,00:00,1.07331,1.07403,1.07288,1.07353,8159
2024.06.18,04:00,1.07353,1.07360,1.07194,1.07207,8518
2024.06.18,08:00,1.07206,1.07343,1.07141,1.07185,17596
2024.06.18,12:00,1.07186,1.07332,1.07092,1.07304,20378
2024.06.18,16:00,1.07304,1.07606,1.07292,1.07384,24672
2024.06.18,20:00,1.07385,1.07425,1.07313,1.07387,13015
2024.06.19,00:00,1.07378,1.07404,1.07359,1.07366,4260
2024.06.19,04:00,1.07365,1.07416,1.07343,1.07350,7451
2024.06.19,08:00,1.07351,1.07410,1.07240,1.07395,16953
2024.06.19,12:00,1.07395,1.07526,1.07317,1.07450,16650
2024.06.19,16:00,1.07456,1.07500,1.07400,1.07462,10039
2024.06.19,20:00,1.07462,1.07465,1.07416,1.07432,3292
2024.06.20,00:00,1.07438,1.07480,1.07420,1.07454,4804
2024.06.20,04:00,1.07455,1.07473,1.07381,1.07418,7328
2024.06.20,08:00,1.07418,1.07427,1.07119,1.07160,15777
2024.06.20,12:00,1.07161,1.07314,1.07122,1.07182,21107
2024.06.20,16:00,1.07184,1.07299,1.07026,1.07063,22526
2024.06.20,20:00,1.07063,1.07170,1.07010,1.07015,12657
2024.06.21,00:00,1.07013,1.07068,1.07002,1.07059,5350
2024.06.21,04:00,1.07058,1.07177,1.07042,1.07176,7884
2024.06.21,08:00,1.07175,1.07197,1.06701,1.06902,19244
2024.06.21,12:00,1.06901,1.06974,1.06758,1.06939,18954
2024.06.21,16:00,1.06939,1.06969,1.06772,1.06914,24531
2024.06.21,20:00,1.06915,1.06960,1.06897,1.06910,10064
2024.06.24,00:00,1.06892,1.06947,1.06841,1.06910,6309
2024.06.24,04:00,1.06910,1.06938,1.06829,1.06938,8875
2024.06.24,08:00,1.06939,1.07170,1.06937,1.07128,16055
2024.06.24,12:00,1.07126,1.07352,1.07123,1.07338,20165
2024.06.24,16:00,1.07338,1.07456,1.07225,1.07269,18733
2024.06.24,20:00,1.07267,1.07374,1.07211,1.07335,11517
2024.06.25,00:00,1.07306,1.07349,1.07300,1.07333,6051
2024.06.25,04:00,1.07332,1.07392,1.07314,1.07387,8315
2024.06.25,08:00,1.07386,1.07434,1.07200,1.07334,14904
2024.06.25,12:00,1.07333,1.07344,1.07014,1.07042,17480
2024.06.25,16:00,1.07043,1.07123,1.06899,1.07038,19269
2024.06.25,20:00,1.07039,1.07167,1.07036,1.07132,8617
2024.06.26,00:00,1.07126,1.07145,1.07054,1.07106,5186
2024.06.26,04:00,1.07105,1.07171,1.07067,1.07096,8557
2024.06.26,08:00,1.07097,1.07104,1.06844,1.06940,14647
2024.06.26,12:00,1.06939,1.06988,1.06762,1.06763,19955
2024.06.26,16:00,1.06763,1.06951,1.06652,1.06813,24555
2024.06.26,20:00,1.06813,1.06900,1.06743,1.06797,9997
2024.06.27,00:00,1.06790,1.06812,1.06762,1.06774,6077
2024.06.27,04:00,1.06774,1.06939,1.06769,1.06935,7766
2024.06.27,08:00,1.06935,1.06982,1.06797,1.06872,15898
2024.06.27,12:00,1.06873,1.07214,1.06865,1.07186,20983
2024.06.27,16:00,1.07187,1.07257,1.06995,1.07059,23937
2024.06.27,20:00,1.07058,1.07076,1.07006,1.07027,10166
2024.06.28,00:00,1.07029,1.07101,1.06966,1.06969,5662
2024.06.28,04:00,1.06969,1.06983,1.06846,1.06859,10251
2024.06.28,08:00,1.06858,1.07031,1.06853,1.06971,15923
2024.06.28,12:00,1.06972,1.07188,1.06912,1.07041,21208
2024.06.28,16:00,1.07039,1.07213,1.06918,1.07151,30584
2024.06.28,20:00,1.07150,1.07240,1.07053,1.07140,12999
2024.07.01,00:00,1.07435,1.07489,1.07315,1.07449,9341
2024.07.01,04:00,1.07447,1.07607,1.07421,1.07540,11878
2024.07.01,08:00,1.07539,1.07756,1.07488,1.07676,19080
2024.07.01,12:00,1.07675,1.07678,1.07392,1.07474,15533
2024.07.01,16:00,1.07474,1.07689,1.07189,1.07306,26411
2024.07.01,20:00,1.07307,1.07418,1.07234,1.07394,9940
2024.07.02,00:00,1.07365,1.07403,1.07324,1.07339,5982
2024.07.02,04:00,1.07339,1.07356,1.07274,1.07287,7730
2024.07.02,08:00,1.07288,1.07349,1.07112,1.07200,17680
2024.07.02,12:00,1.07199,1.07328,1.07092,1.07309,16966
2024.07.02,16:00,1.07309,1.07460,1.07233,1.07313,27082
2024.07.02,20:00,1.07312,1.07464,1.07309,1.07448,9071
2024.07.03,00:00,1.07432,1.07536,1.07426,1.07472,7096
2024.07.03,04:00,1.07472,1.07472,1.07395,1.07416,6229
2024.07.03,08:00,1.07416,1.07628,1.07354,1.07574,15096
2024.07.03,12:00,1.07573,1.07776,1.07517,1.07738,16788
2024.07.03,16:00,1.07737,1.08161,1.07712,1.07950,27167
2024.07.03,20:00,1.07950,1.07950,1.07773,1.07870,8361
2024.07.04,00:00,1.07837,1.07930,1.07834,1.07918,6105
2024.07.04,04:00,1.07920,1.07942,1.07828,1.07857,7230
2024.07.04,08:00,1.07857,1.08024,1.07840,1.08010,15238
2024.07.04,12:00,1.08009,1.08022,1.07932,1.07962,12734
2024.07.04,16:00,1.07963,1.08130,1.07939,1.08114,10807
2024.07.04,20:00,1.08113,1.08129,1.08098,1.08116,5019
2024.07.05,00:00,1.08102,1.08171,1.08087,1.08140,6078
2024.07.05,04:00,1.08139,1.08236,1.08131,1.08212,8777
2024.07.05,08:00,1.08211,1.08297,1.08156,1.08272,12982
2024.07.05,12:00,1.08272,1.08415,1.07987,1.08288,18716
2024.07.05,16:00,1.08287,1.08333,1.08099,1.08247,28150
2024.07.05,20:00,1.08248,1.08417,1.08241,1.08362,10460
2024.07.08,00:00,1.08059,1.08322,1.08021,1.08208,8502
2024.07.08,04:00,1.08207,1.08353,1.08193,1.08278,8939
2024.07.08,08:00,1.08279,1.08422,1.08138,1.08376,19721
2024.07.08,12:00,1.08374,1.08437,1.08229,1.08428,17028
2024.07.08,16:00,1.08434,1.08442,1.08277,1.08316,17788
2024.07.08,20:00,1.08315,1.08329,1.08215,1.08227,8045
2024.07.09,00:00,1.08229,1.08325,1.08225,1.08262,4858
2024.07.09,04:00,1.08262,1.08304,1.08183,1.08288,7156
2024.07.09,08:00,1.08288,1.08299,1.08144,1.08217,12981
2024.07.09,12:00,1.08217,1.08276,1.08113,1.08148,14071
2024.07.09,16:00,1.08152,1.08275,1.08047,1.08091,25213
2024.07.09,20:00,1.08092,1.08158,1.08056,1.08133,11757
2024.07.10,00:00,1.08131,1.08160,1.08104,1.08114,5447
2024.07.10,04:00,1.08114,1.08204,1.08101,1.08177,8049
2024.07.10,08:00,1.08178,1.08241,1.08111,1.08146,13529
2024.07.10,12:00,1.08145,1.08274,1.08126,1.08263,14337
2024.07.10,16:00,1.08262,1.08280,1.08191,1.08261,18825
2024.07.10,20:00,1.08261,1.08299,1.08165,1.08296,9476
2024.07.11,00:00,1.08265,1.08359,1.08245,1.08344,4701
2024.07.11,04:00,1.08343,1.08394,1.08317,1.08356,6830
2024.07.11,08:00,1.08357,1.08470,1.08313,1.08466,12387
2024.07.11,12:00,1.08465,1.08990,1.08424,1.08863,21564
2024.07.11,16:00,1.08859,1.08982,1.08632,1.08661,36841
2024.07.11,20:00,1.08661,1.08692,1.08590,1.08663,13995
2024.07.12,00:00,1.08655,1.08737,1.08631,1.08691,11006
2024.07.12,04:00,1.08690,1.08713,1.08626,1.08690,11068
2024.07.12,08:00,1.08694,1.08864,1.08611,1.08860,15517
2024.07.12,12:00,1.08861,1.08922,1.08729,1.08897,20419
2024.07.12,16:00,1.08900,1.09101,1.08860,1.09038,28472
2024.07.12,20:00,1.09038,1.09105,1.09002,1.09052,10137
2024.07.15,00:00,1.08847,1.08938,1.08824,1.08875,9657
2024.07.15,04:00,1.08874,1.08949,1.08852,1.08928,8943
2024.07.15,08:00,1.08928,1.09085,1.08830,1.09075,14895
2024.07.15,12:00,1.09075,1.09196,1.09013,1.09065,18212
2024.07.15,16:00,1.09065,1.09215,1.08991,1.09054,24054
2024.07.15,20:00,1.09055,1.09056,1.08925,1.08939,17270
2024.07.16,00:00,1.08948,1.08978,1.08901,1.08905,6483
2024.07.16,04:00,1.08906,1.08938,1.08878,1.08914,8019
2024.07.16,08:00,1.08917,1.09019,1.08827,1.08995,16174
2024.07.16,12:00,1.08995,1.09048,1.08748,1.08798,20832
2024.07.16,16:00,1.08799,1.08883,1.08708,1.08881,23045
2024.07.16,20:00,1.08880,1.09020,1.08869,1.08978,9727
2024.07.17,00:00,1.08980,1.09022,1.08950,1.08968,6287
2024.07.17,04:00,1.08968,1.09061,1.08948,1.09022,7528
2024.07.17,08:00,1.09023,1.09430,1.08943,1.09411,22586
2024.07.17,12:00,1.09411,1.09442,1.09282,1.09416,22242
2024.07.17,16:00,1.09416,1.09472,1.09229,1.09289,27714
2024.07.17,20:00,1.09288,1.09392,1.09274,1.09390,13383
2024.07.18,00:00,1.09381,1.09402,1.09358,1.09362,13737
2024.07.18,04:00,1.09361,1.09383,1.09309,1.09327,10615
2024.07.18,08:00,1.09327,1.09380,1.09254,1.09299,18784
2024.07.18,12:00,1.09298,1.09362,1.09230,1.09277,17614
2024.07.18,16:00,1.09276,1.09283,1.09042,1.09152,27949
2024.07.18,20:00,1.09151,1.09156,1.08928,1.08945,14692
2024.07.19,00:00,1.08952,1.09009,1.08900,1.08912,7567
2024.07.19,04:00,1.08912,1.08939,1.08853,1.08862,9254
2024.07.19,08:00,1.08862,1.08898,1.08753,1.08783,19503
2024.07.19,12:00,1.08782,1.08933,1.08768,1.08882,18140
2024.07.19,16:00,1.08884,1.08904,1.08786,1.08841,23575
2024.07.19,20:00,1.08842,1.08846,1.08748,1.08830,13329
2024.07.22,00:00,1.08801,1.09019,1.08801,1.08931,8488
2024.07.22,04:00,1.08931,1.08944,1.08838,1.08866,9157
2024.07.22,08:00,1.08867,1.08918,1.08780,1.08872,18998
2024.07.22,12:00,1.08873,1.08946,1.08743,1.08773,16482
2024.07.22,16:00,1.08776,1.08860,1.08723,1.08855,21404
2024.07.22,20:00,1.08857,1.08909,1.08849,1.08903,12900
2024.07.23,00:00,1.08878,1.08917,1.08856,1.08889,7869
2024.07.23,04:00,1.08888,1.08959,1.08866,1.08900,8581
2024.07.23,08:00,1.08901,1.08905,1.08672,1.08770,16332
2024.07.23,12:00,1.08771,1.08775,1.08541,1.08551,18286
2024.07.23,16:00,1.08551,1.08571,1.08430,1.08525,20124
2024.07.23,20:00,1.08525,1.08558,1.08484,1.08520,10905
2024.07.24,00:00,1.08526,1.08536,1.08449,1.08460,6039
2024.07.24,04:00,1.08459,1.08495,1.08409,1.08460,10666
2024.07.24,08:00,1.08462,1.08530,1.08249,1.08342,20365
2024.07.24,12:00,1.08342,1.08585,1.08316,1.08573,18402
2024.07.24,16:00,1.08573,1.08658,1.08467,1.08502,26213
2024.07.24,20:00,1.08503,1.08542,1.08350,1.08385,15457
2024.07.25,00:00,1.08391,1.08413,1.08341,1.08388,8109
2024.07.25,04:00,1.08387,1.08432,1.08355,1.08391,12044
2024.07.25,08:00,1.08393,1.08569,1.08274,1.08453,24302
2024.07.25,12:00,1.08451,1.08581,1.08354,1.08489,24980
2024.07.25,16:00,1.08490,1.08638,1.08295,1.08612,32067
2024.07.25,20:00,1.08613,1.08691,1.08426,1.08448,17617
2024.07.26,00:00,1.08442,1.08547,1.08427,1.08531,10843
2024.07.26,04:00,1.08531,1.08597,1.08512,1.08575,8518
2024.07.26,08:00,1.08575,1.08599,1.08413,1.08507,15976
2024.07.26,12:00,1.08507,1.08647,1.08486,1.08598,18154
2024.07.26,16:00,1.08599,1.08674,1.08508,1.08646,23882
2024.07.26,20:00,1.08645,1.08647,1.08538,1.08547,14271
2024.07.29,00:00,1.08557,1.08657,1.08501,1.08627,7687
2024.07.29,04:00,1.08627,1.08691,1.08574,1.08582,9600
2024.07.29,08:00,1.08582,1.08622,1.08309,1.08313,17182
2024.07.29,12:00,1.08314,1.08413,1.08141,1.08153,16545
2024.07.29,16:00,1.08152,1.08231,1.08020,1.08206,18841
2024.07.29,20:00,1.08208,1.08251,1.08186,1.08208,11036
2024.07.30,00:00,1.08204,1.08228,1.08145,1.08162,5890
2024.07.30,04:00,1.08162,1.08244,1.08135,1.08233,7818
2024.07.30,08:00,1.08233,1.08338,1.08152,1.08281,17013
2024.07.30,12:00,1.08278,1.08349,1.08008,1.08011,15185
2024.07.30,16:00,1.08011,1.08158,1.07974,1.08129,26730
2024.07.30,20:00,1.08130,1.08168,1.08076,1.08136,14340
2024.07.31,00:00,1.08129,1.08192,1.08115,1.08191,9094
2024.07.31,04:00,1.08191,1.08294,1.08157,1.08247,14090
2024.07.31,08:00,1.08248,1.08268,1.08057,1.08217,24372
2024.07.31,12:00,1.08221,1.08474,1.08212,1.08401,20519
2024.07.31,16:00,1.08401,1.08486,1.08035,1.08084,26705
2024.07.31,20:00,1.08085,1.08322,1.08010,1.08254,26744
2024.08.01,00:00,1.08230,1.08302,1.08209,1.08269,9771
2024.08.01,04:00,1.08269,1.08345,1.08234,1.08258,12998
2024.08.01,08:00,1.08259,1.08289,1.07805,1.07835,22951
2024.08.01,12:00,1.07835,1.08076,1.07768,1.07956,23541
2024.08.01,16:00,1.07956,1.08175,1.07794,1.07854,34029
2024.08.01,20:00,1.07855,1.07948,1.07818,1.07906,21157
2024.08.02,00:00,1.07896,1.07925,1.07809,1.07902,13122
2024.08.02,04:00,1.07900,1.07979,1.07837,1.07967,12338
2024.08.02,08:00,1.07968,1.08145,1.07854,1.08138,25563
2024.08.02,12:00,1.08138,1.08963,1.08137,1.08905,28402
2024.08.02,16:00,1.08904,1.09258,1.08836,1.09112,44209
2024.08.02,20:00,1.09114,1.09158,1.09063,1.09101,22550
2024.08.05,00:00,1.09180,1.09224,1.09021,1.09159,18032
2024.08.05,04:00,1.09159,1.09390,1.09111,1.09317,26387
2024.08.05,08:00,1.09318,1.09742,1.08917,1.09502,51416
2024.08.05,12:00,1.09501,1.10080,1.09321,1.09902,41875
2024.08.05,16:00,1.09903,1.10024,1.09468,1.09591,53514
2024.08.05,20:00,1.09590,1.09636,1.09465,1.09501,26624
2024.08.06,00:00,1.09481,1.09623,1.09429,1.09619,16567
2024.08.06,04:00,1.09620,1.09622,1.09488,1.09512,20599
2024.08.06,08:00,1.09513,1.09542,1.09179,1.09268,36147
2024.08.06,12:00,1.09269,1.09270,1.09029,1.09044,26546
2024.08.06,16:00,1.09046,1.09341,1.09046,1.09271,31071
2024.08.06,20:00,1.09269,1.09328,1.09217,1.09308,18625
2024.08.07,00:00,1.09253,1.09309,1.09212,1.09289,10589
2024.08.07,04:00,1.09289,1.09296,1.09102,1.09108,16774
2024.08.07,08:00,1.09105,1.09272,1.09046,1.09179,23691
2024.08.07,12:00,1.09180,1.09258,1.09077,1.09211,19795
2024.08.07,16:00,1.09210,1.09357,1.09117,1.09213,21736
2024.08.07,20:00,1.09213,1.09263,1.09167,1.09214,18025
2024.08.08,00:00,1.09193,1.09330,1.09167,1.09273,9980
2024.08.08,04:00,1.09272,1.09369,1.09227,1.09307,13712
2024.08.08,08:00,1.09308,1.09443,1.09291,1.09362,19237
2024.08.08,12:00,1.09362,1.09388,1.08909,1.08968,20829
2024.08.08,16:00,1.08971,1.09138,1.08808,1.09078,28414
2024.08.08,20:00,1.09079,1.09183,1.09066,1.09177,16050
2024.08.09,00:00,1.09146,1.09188,1.09107,1.09122,8220
2024.08.09,04:00,1.09123,1.09237,1.09111,1.09194,9882
2024.08.09,08:00,1.09194,1.09283,1.09122,1.09168,16690
2024.08.09,12:00,1.09166,1.09251,1.09083,1.09109,16880
2024.08.09,16:00,1.09110,1.09305,1.09090,1.09178,19607
2024.08.09,20:00,1.09179,1.09227,1.09138,1.09148,11231
2024.08.12,00:00,1.09139,1.09189,1.09091,1.09175,5798
2024.08.12,04:00,1.09176,1.09223,1.09120,1.09183,6549
2024.08.12,08:00,1.09183,1.09277,1.09149,1.09200,13112
2024.08.12,12:00,1.09199,1.09292,1.09168,1.09192,12241
2024.08.12,16:00,1.09193,1.09386,1.09143,1.09220,20848
2024.08.12,20:00,1.09221,1.09342,1.09213,1.09309,11243
2024.08.13,00:00,1.09291,1.09356,1.09277,1.09292,6020
2024.08.13,04:00,1.09291,1.09386,1.09285,1.09385,6044
2024.08.13,08:00,1.09385,1.09403,1.09198,1.09227,13052
2024.08.13,12:00,1.09225,1.09458,1.09129,1.09401,16193
2024.08.13,16:00,1.09400,1.09733,1.09372,1.09715,22793
2024.08.13,20:00,1.09716,1.09989,1.09690,1.09929,15557
2024.08.14,00:00,1.09866,1.09976,1.09863,1.09912,6453
2024.08.14,04:00,1.09909,1.09958,1.09879,1.09921,9560
2024.08.14,08:00,1.09921,1.10190,1.09855,1.10184,14927
2024.08.14,12:00,1.10184,1.10347,1.10033,1.10162,18642
2024.08.14,16:00,1.10161,1.10465,1.10147,1.10175,22798
2024.08.14,20:00,1.10175,1.10177,1.10101,1.10115,9962
2024.08.15,00:00,1.10103,1.10151,1.10084,1.10089,6528
2024.08.15,04:00,1.10089,1.10114,1.10024,1.10109,7721
2024.08.15,08:00,1.10109,1.10147,1.10044,1.10054,10771
2024.08.15,12:00,1.10051,1.10134,1.09511,1.09558,14939
2024.08.15,16:00,1.09557,1.09887,1.09488,1.09771,23931
2024.08.15,20:00,1.09772,1.09791,1.09698,1.09704,11731
2024.08.16,00:00,1.09697,1.09763,1.09697,1.09749,9458
2024.08.16,04:00,1.09750,1.09818,1.09736,1.09812,6758
2024.08.16,08:00,1.09811,1.09889,1.09759,1.09801,11852
2024.08.16,12:00,1.09800,1.09942,1.09780,1.09931,13318
2024.08.16,16:00,1.09932,1.10037,1.09818,1.10029,18819
2024.08.16,20:00,1.10030,1.10289,1.10030,1.10274,11545
2024.08.19,00:00,1.10261,1.10352,1.10219,1.10295,7065
2024.08.19,04:00,1.10295,1.10410,1.10267,1.10388,9323
2024.08.19,08:00,1.10389,1.10497,1.10348,1.10364,16210
2024.08.19,12:00,1.10363,1.10436,1.10301,1.10380,13857
2024.08.19,16:00,1.10380,1.10732,1.10294,1.10728,20212
2024.08.19,20:00,1.10727,1.10856,1.10697,1.10839,11143
2024.08.20,00:00,1.10816,1.10866,1.10791,1.10811,6440
2024.08.20,04:00,1.10811,1.10864,1.10740,1.10762,9279
2024.08.20,08:00,1.10762,1.10881,1.10710,1.10788,15348
2024.08.20,12:00,1.10789,1.10978,1.10742,1.10976,15039
2024.08.20,16:00,1.10975,1.11184,1.10918,1.11140,24217
2024.08.20,20:00,1.11141,1.11297,1.11080,1.11290,11862
2024.08.21,00:00,1.11264,1.11318,1.11239,1.11270,7248
2024.08.21,04:00,1.11269,1.11273,1.11158,1.11182,8258
2024.08.21,08:00,1.11182,1.11281,1.11096,1.11177,16353
2024.08.21,12:00,1.11176,1.11291,1.11092,1.11240,13830
2024.08.21,16:00,1.11243,1.11474,1.10987,1.11455,32154
2024.08.21,20:00,1.11456,1.11732,1.11448,1.11505,15811
2024.08.22,00:00,1.11481,1.11573,1.11446,1.11467,6667
2024.08.22,04:00,1.11468,1.11484,1.11397,1.11426,6811
2024.08.22,08:00,1.11425,1.11646,1.11267,1.11418,16444
2024.08.22,12:00,1.11417,1.11452,1.11245,1.11392,17151
2024.08.22,16:00,1.11392,1.11406,1.10973,1.11096,25493
2024.08.22,20:00,1.11096,1.11126,1.10980,1.11114,11468
2024.08.23,00:00,1.11098,1.11215,1.11083,1.11189,7645
2024.08.23,04:00,1.11189,1.11279,1.11173,1.11270,8283
2024.08.23,08:00,1.11270,1.11311,1.11117,1.11220,12668
2024.08.23,12:00,1.11219,1.11264,1.11100,1.11134,13506
2024.08.23,16:00,1.11133,1.11952,1.11046,1.11731,33105
2024.08.23,20:00,1.11731,1.12000,1.11722,1.11918,15993
2024.08.26,00:00,1.11893,1.12009,1.11856,1.11931,9351
2024.08.26,04:00,1.11929,1.11994,1.11809,1.11825,9453
2024.08.26,08:00,1.11825,1.11886,1.11750,1.11796,14402
2024.08.26,12:00,1.11796,1.11819,1.11577,1.11604,17003
2024.08.26,16:00,1.11604,1.11781,1.11492,1.11704,22202
2024.08.26,20:00,1.11703,1.11746,1.11578,1.11603,12408
2024.08.27,00:00,1.11606,1.11662,1.11587,1.11601,7121
2024.08.27,04:00,1.11601,1.11699,1.11589,1.11676,7539
2024.08.27,08:00,1.11676,1.11733,1.11605,1.11658,14738
2024.08.27,12:00,1.11659,1.11779,1.11494,1.11578,17380
2024.08.27,16:00,1.11578,1.11710,1.11518,1.11650,22451
2024.08.27,20:00,1.11649,1.11897,1.11636,1.11836,12024
2024.08.28,00:00,1.11793,1.11845,1.11738,1.11790,12001
2024.08.28,04:00,1.11791,1.11791,1.11573,1.11587,7837
2024.08.28,08:00,1.11588,1.11600,1.11344,1.11404,18123
2024.08.28,12:00,1.11406,1.11447,1.11042,1.11111,19721
2024.08.28,16:00,1.11110,1.11371,1.11093,1.11139,25057
2024.08.28,20:00,1.11140,1.11192,1.11045,1.11186,12577
2024.08.29,00:00,1.11177,1.11317,1.11173,1.11307,6693
2024.08.29,04:00,1.11306,1.11363,1.11265,1.11346,6390
2024.08.29,08:00,1.11347,1.11391,1.10711,1.10840,19778
2024.08.29,12:00,1.10839,1.10992,1.10721,1.10834,21068
2024.08.29,16:00,1.10834,1.10887,1.10548,1.10808,26362
2024.08.29,20:00,1.10808,1.10846,1.10739,1.10767,13863
2024.08.30,00:00,1.10770,1.10824,1.10752,1.10799,4948
2024.08.30,04:00,1.10798,1.10812,1.10689,1.10732,7560
2024.08.30,08:00,1.10733,1.10944,1.10726,1.10740,15055
2024.08.30,12:00,1.10741,1.10874,1.10569,1.10671,20056
2024.08.30,16:00,1.10677,1.10793,1.10431,1.10486,29791
2024.08.30,20:00,1.10487,1.10560,1.10462,1.10466,12021
2024.09.02,00:00,1.10468,1.10550,1.10411,1.10526,5663
2024.09.02,04:00,1.10527,1.10549,1.10430,1.10476,8149
2024.09.02,08:00,1.10476,1.10767,1.10446,1.10667,14472
2024.09.02,12:00,1.10668,1.10721,1.10576,1.10671,13792
2024.09.02,16:00,1.10672,1.10711,1.10593,1.10649,10037
2024.09.02,20:00,1.10649,1.10718,1.10649,1.10716,4079
2024.09.03,00:00,1.10642,1.10720,1.10582,1.10597,5459
2024.09.03,04:00,1.10599,1.10694,1.10532,1.10535,9295
2024.09.03,08:00,1.10534,1.10669,1.10472,1.10477,17676
2024.09.03,12:00,1.10477,1.10518,1.10323,1.10471,19703
2024.09.03,16:00,1.10471,1.10687,1.10352,1.10385,27982
2024.09.03,20:00,1.10384,1.10436,1.10255,1.10421,10514
2024.09.04,00:00,1.10416,1.10506,1.10375,1.10474,8688
2024.09.04,04:00,1.10474,1.10563,1.10467,1.10555,8378
2024.09.04,08:00,1.10555,1.10621,1.10460,1.10509,18028
2024.09.04,12:00,1.10509,1.10578,1.10392,1.10518,15756
2024.09.04,16:00,1.10517,1.10944,1.10493,1.10837,26748
2024.09.04,20:00,1.10834,1.10854,1.10646,1.10823,11982
2024.09.05,00:00,1.10823,1.10856,1.10750,1.10784,6247
2024.09.05,04:00,1.10784,1.10848,1.10739,1.10762,8137
2024.09.05,08:00,1.10760,1.10994,1.10759,1.10982,16688
2024.09.05,12:00,1.10981,1.11189,1.10863,1.10916,21349
2024.09.05,16:00,1.10915,1.11074,1.10755,1.11002,29599
2024.09.05,20:00,1.11001,1.11125,1.10986,1.11102,11958
2024.09.06,00:00,1.11073,1.11139,1.11073,1.11126,4760
2024.09.06,04:00,1.11125,1.11168,1.11085,1.11151,6895
2024.09.06,08:00,1.11151,1.11201,1.11100,1.11165,16608
2024.09.06,12:00,1.11165,1.11545,1.10792,1.11200,23907
2024.09.06,16:00,1.11201,1.11343,1.10648,1.10760,47005
2024.09.06,20:00,1.10757,1.10887,1.10688,1.10843,19190
2024.09.09,00:00,1.10830,1.10903,1.10803,1.10825,8423
2024.09.09,04:00,1.10825,1.10902,1.10738,1.10749,9962
2024.09.09,08:00,1.10749,1.10751,1.10448,1.10468,18577
2024.09.09,12:00,1.10468,1.10582,1.10349,1.10388,18538
2024.09.09,16:00,1.10387,1.10513,1.10333,1.10480,24917
2024.09.09,20:00,1.10482,1.10529,1.10330,1.10337,13320
2024.09.10,00:00,1.10356,1.10388,1.10275,1.10300,5319
2024.09.10,04:00,1.10299,1.10397,1.10298,1.10392,6072
2024.09.10,08:00,1.10393,1.10489,1.10327,1.10370,14278
2024.09.10,12:00,1.10371,1.10430,1.10257,1.10290,16472
2024.09.10,16:00,1.10289,1.10340,1.10143,1.10258,24620
2024.09.10,20:00,1.10257,1.10270,1.10175,1.10191,10906
2024.09.11,00:00,1.10189,1.10230,1.10160,1.10193,4945
2024.09.11,04:00,1.10193,1.10464,1.10175,1.10458,12151
2024.09.11,08:00,1.10459,1.10511,1.10358,1.10430,16684
2024.09.11,12:00,1.10430,1.10542,1.10027,1.10156,22456
2024.09.11,16:00,1.10157,1.10256,1.10013,1.10152,34017
2024.09.11,20:00,1.10152,1.10259,1.10106,1.10106,13984
2024.09.12,00:00,1.10125,1.10147,1.10053,1.10060,5098
2024.09.12,04:00,1.10061,1.10162,1.10059,1.10156,7418
2024.09.12,08:00,1.10156,1.10232,1.10048,1.10148,15376
2024.09.12,12:00,1.10149,1.10318,1.10097,1.10244,21163
2024.09.12,16:00,1.10244,1.10473,1.10241,1.10454,28500
2024.09.12,20:00,1.10455,1.10743,1.10418,1.10741,17756
2024.09.13,00:00,1.10725,1.10868,1.10697,1.10865,7155
2024.09.13,04:00,1.10865,1.10894,1.10786,1.10838,9737
2024.09.13,08:00,1.10836,1.10934,1.10724,1.10920,16195
2024.09.13,12:00,1.10921,1.11001,1.10786,1.10923,21086
2024.09.13,16:00,1.10923,1.11011,1.10762,1.10833,28304
2024.09.13,20:00,1.10832,1.10852,1.10721,1.10735,11290
2024.09.16,00:00,1.10759,1.10918,1.10736,1.10888,6256
2024.09.16,04:00,1.10888,1.11041,1.10860,1.10964,8256
2024.09.16,08:00,1.10964,1.11254,1.10950,1.11221,15715
2024.09.16,12:00,1.11221,1.11321,1.11152,1.11242,19472
2024.09.16,16:00,1.11245,1.11369,1.11159,1.11283,23890
2024.09.16,20:00,1.11282,1.11327,1.11154,1.11324,11547
2024.09.17,00:00,1.11311,1.11316,1.11212,1.11223,5825
2024.09.17,04:00,1.11223,1.11290,1.11211,1.11237,7829
2024.09.17,08:00,1.11236,1.11456,1.11150,1.11440,15415
2024.09.17,12:00,1.11441,1.11442,1.11172,1.11240,20950
2024.09.17,16:00,1.11241,1.11275,1.11110,1.11187,31199
2024.09.17,20:00,1.11187,1.11228,1.11101,1.11124,15824
2024.09.18,00:00,1.11123,1.11280,1.11123,1.11262,5254
2024.09.18,04:00,1.11263,1.11298,1.11193,1.11194,7771
2024.09.18,08:00,1.11193,1.11326,1.11146,1.11290,16101
2024.09.18,12:00,1.11290,1.11392,1.11172,1.11216,16417
2024.09.18,16:00,1.11215,1.11391,1.11074,1.11236,23806
2024.09.18,20:00,1.11235,1.11882,1.10960,1.11175,39963
2024.09.19,00:00,1.11153,1.11233,1.10783,1.10809,10617
2024.09.19,04:00,1.10808,1.11206,1.10679,1.11195,16409
2024.09.19,08:00,1.11195,1.11684,1.11194,1.11620,24936
2024.09.19,12:00,1.11619,1.11781,1.11250,1.11253,28973
2024.09.19,16:00,1.11252,1.11576,1.11158,1.11548,34860
2024.09.19,20:00,1.11548,1.11672,1.11517,1.11611,14729
2024.09.20,00:00,1.11615,1.11629,1.11565,1.11597,6385
2024.09.20,04:00,1.11599,1.11686,1.11566,1.11643,11327
2024.09.20,08:00,1.11644,1.11812,1.11517,1.11637,22226
2024.09.20,12:00,1.11638,1.11761,1.11534,1.11737,18906
2024.09.20,16:00,1.11737,1.11755,1.11353,1.11731,34512
2024.09.20,20:00,1.11729,1.11736,1.11553,1.11605,15623
2024.09.23,00:00,1.11579,1.11641,1.11553,1.11582,6186
2024.09.23,04:00,1.11582,1.11643,1.11551,1.11629,8045
2024.09.23,08:00,1.11628,1.11665,1.10825,1.10918,23719
2024.09.23,12:00,1.10916,1.11250,1.10915,1.11218,21072
2024.09.23,16:00,1.11222,1.11427,1.11146,1.11245,31561
2024.09.23,20:00,1.11246,1.11278,1.11090,1.11104,13531
2024.09.24,00:00,1.11107,1.11140,1.11036,1.11051,6261
2024.09.24,04:00,1.11051,1.11170,1.11026,1.11162,10313
2024.09.24,08:00,1.11162,1.11441,1.11036,1.11395,22482
2024.09.24,12:00,1.11395,1.11471,1.11214,1.11401,20051
2024.09.24,16:00,1.11401,1.11628,1.11318,1.11579,29267
2024.09.24,20:00,1.11578,1.11803,1.11541,1.11799,12014
2024.09.25,00:00,1.11775,1.11932,1.11769,1.11925,6472
2024.09.25,04:00,1.11926,1.11981,1.11847,1.11950,10239
2024.09.25,08:00,1.11949,1.11957,1.11815,1.11841,18406
2024.09.25,12:00,1.11840,1.12071,1.11775,1.11969,20233
2024.09.25,16:00,1.11970,1.12133,1.11322,1.11336,30324
2024.09.25,20:00,1.11337,1.11382,1.11208,1.11316,13774
2024.09.26,00:00,1.11312,1.11364,1.11284,1.11360,5818
2024.09.26,04:00,1.11360,1.11446,1.11309,1.11409,8109
2024.09.26,08:00,1.11406,1.11573,1.11251,1.11407,22245
2024.09.26,12:00,1.11409,1.11648,1.11368,1.11505,26373
2024.09.26,16:00,1.11505,1.11886,1.11251,1.11685,34377
2024.09.26,20:00,1.11683,1.11834,1.11677,1.11756,14856
2024.09.27,00:00,1.11749,1.11774,1.11673,1.11686,8187
2024.09.27,04:00,1.11685,1.11726,1.11617,1.11639,11452
2024.09.27,08:00,1.11639,1.11754,1.11243,1.11438,29274
2024.09.27,12:00,1.11438,1.12011,1.11365,1.11991,25037
2024.09.27,16:00,1.11990,1.12023,1.11457,1.11510,33360
2024.09.27,20:00,1.11511,1.11672,1.11497,1.11639,15440
2024.09.30,00:00,1.11542,1.11611,1.11535,1.11591,7740
2024.09.30,04:00,1.11702,1.11720,1.11599,1.11599,10699
2024.09.30,05:00,1.11596,1.11613,1.11576,1.11609,9902
2024.09.30,08:00,1.11610,1.11686,1.11606,1.11659,20305
2024.09.30,12:00,1.12050,1.12051,1.11878,1.11888,20256
2024.09.30,13:00,1.11888,1.12006,1.11855,1.11891,22564
2024.09.30,16:00,1.11892,1.11905,1.11659,1.11679,31963
2024.09.30,20:00,1.11477,1.11616,1.11474,1.11523,21811
2024.10.01,00:00,1.11285,1.11420,1.11265,1.11315,6877
2024.10.01,04:00,1.11316,1.11427,1.11306,1.11399,8731
2024.10.01,08:00,1.11399,1.11434,1.10973,1.11022,23187
2024.10.01,12:00,1.11024,1.11140,1.10693,1.10704,24442
2024.10.01,16:00,1.10705,1.10861,1.10476,1.10537,38170
2024.10.01,20:00,1.10536,1.10766,1.10451,1.10671,20235
2024.10.02,00:00,1.10675,1.10713,1.10627,1.10648,6573
2024.10.02,04:00,1.10648,1.10733,1.10597,1.10623,10980
2024.10.02,08:00,1.10624,1.10821,1.10534,1.10716,21546
2024.10.02,12:00,1.10717,1.10767,1.10504,1.10526,22226
2024.10.02,16:00,1.10528,1.10649,1.10320,1.10460,28531
2024.10.02,20:00,1.10463,1.10526,1.10361,1.10440,13124
2024.10.03,00:00,1.10462,1.10488,1.10365,1.10385,7289
2024.10.03,04:00,1.10384,1.10400,1.10314,1.10322,9662
2024.10.03,08:00,1.10322,1.10454,1.10243,1.10369,23009
2024.10.03,12:00,1.10370,1.10464,1.10275,1.10315,22803
2024.10.03,16:00,1.10313,1.10431,1.10077,1.10297,35078
2024.10.03,20:00,1.10301,1.10355,1.10243,1.10292,12791
2024.10.04,00:00,1.10283,1.10390,1.10283,1.10340,6565
2024.10.04,04:00,1.10339,1.10354,1.10245,1.10270,11862
2024.10.04,08:00,1.10270,1.10349,1.10204,1.10248,17957
2024.10.04,12:00,1.10247,1.10361,1.09584,1.09603,23759
2024.10.04,16:00,1.09602,1.09810,1.09506,1.09590,33100
2024.10.04,20:00,1.09591,1.09771,1.09570,1.09742,12521
2024.10.07,00:00,1.09678,1.09716,1.09619,1.09696,8865
2024.10.07,01:00,1.09680,1.09747,1.09675,1.09693,4460
2024.10.07,04:00,1.09692,1.09770,1.09690,1.09727,12143
2024.10.07,05:00,1.09728,1.09729,1.09676,1.09679,9616
2024.10.07,08:00,1.09679,1.09696,1.09637,1.09686,20725
2024.10.07,09:00,1.09672,1.09783,1.09647,1.09694,24687
2024.10.07,12:00,1.09694,1.09694,1.09535,1.09581,23689
2024.10.07,16:00,1.09766,1.09823,1.09714,1.09790,28205
2024.10.07,17:00,1.09792,1.09841,1.09747,1.09833,23206
2024.10.07,20:00,1.09833,1.09862,1.09805,1.09815,13101
2024.10.08,00:00,1.09707,1.09832,1.09695,1.09810,6929
2024.10.08,04:00,1.09810,1.09861,1.09721,1.09848,14453
2024.10.08,08:00,1.09847,1.09964,1.09779,1.09931,20735
2024.10.08,12:00,1.09932,1.09940,1.09707,1.09752,19102
2024.10.08,16:00,1.09749,1.09832,1.09602,1.09750,24401
2024.10.08,20:00,1.09749,1.09798,1.09651,1.09797,12171
2024.10.09,00:00,1.09764,1.09803,1.09708,1.09748,5726
2024.10.09,04:00,1.09747,1.09766,1.09614,1.09625,12170
2024.10.09,08:00,1.09632,1.09753,1.09504,1.09570,20945
2024.10.09,12:00,1.09570,1.09701,1.09520,1.09561,15827
2024.10.09,16:00,1.09560,1.09590,1.09390,1.09407,22514
2024.10.09,20:00,1.09408,1.09419,1.09355,1.09395,10924
2024.10.10,00:00,1.09379,1.09422,1.09370,1.09398,6264
2024.10.10,04:00,1.09397,1.09454,1.09376,1.09402,11638
2024.10.10,08:00,1.09403,1.09425,1.09275,1.09323,16145
2024.10.10,12:00,1.09324,1.09542,1.09079,1.09434,22544
2024.10.10,16:00,1.09438,1.09491,1.09023,1.09053,33944
2024.10.10,20:00,1.09056,1.09370,1.08993,1.09363,14902
2024.10.11,00:00,1.09331,1.09372,1.09304,1.09366,6102
2024.10.11,04:00,1.09367,1.09399,1.09289,1.09349,7573
2024.10.11,08:00,1.09349,1.09531,1.09315,1.09488,12857
2024.10.11,12:00,1.09486,1.09504,1.09254,1.09323,17469
2024.10.11,16:00,1.09323,1.09517,1.09273,1.09442,23081
2024.10.11,20:00,1.09445,1.09467,1.09317,1.09353,8591
2024.10.14,00:00,1.09303,1.09337,1.09299,1.09316,5779
2024.10.14,04:00,1.09207,1.09248,1.09172,1.09226,9016
2024.10.14,05:00,1.09225,1.09251,1.09225,1.09230,7272
2024.10.14,08:00,1.09231,1.09257,1.09218,1.09253,13495
2024.10.14,09:00,1.09254,1.09309,1.09230,1.09263,14621
2024.10.14,12:00,1.09262,1.09360,1.09261,1.09282,14550
2024.10.14,16:00,1.09089,1.09266,1.09041,1.09185,19083
2024.10.14,20:00,1.09008,1.09037,1.08967,1.09034,9081
2024.10.14,21:00,1.09035,1.09084,1.09021,1.09074,7087
2024.10.15,00:00,1.09049,1.09098,1.09033,1.09066,5051
2024.10.15,04:00,1.09066,1.09082,1.08909,1.08922,8934
2024.10.15,08:00,1.08922,1.09155,1.08843,1.09097,17911
2024.10.15,12:00,1.09098,1.09143,1.08965,1.09094,19533
2024.10.15,16:00,1.09093,1.09160,1.08886,1.08886,23881
2024.10.15,20:00,1.08887,1.08917,1.08812,1.08910,11658
2024.10.16,00:00,1.08900,1.08932,1.08814,1.08847,5290
2024.10.16,04:00,1.08847,1.08949,1.08836,1.08886,9400
2024.10.16,08:00,1.08887,1.08895,1.08745,1.08825,18223
2024.10.16,12:00,1.08826,1.09008,1.08819,1.08881,16639
2024.10.16,16:00,1.08882,1.08968,1.08654,1.08675,20142
2024.10.16,20:00,1.08676,1.08677,1.08526,1.08611,9400
2024.10.17,00:00,1.08639,1.08706,1.08555,1.08625,6712
2024.10.17,04:00,1.08625,1.08644,1.08505,1.08527,9819
2024.10.17,08:00,1.08527,1.08576,1.08483,1.08511,15139
2024.10.17,12:00,1.08509,1.08731,1.08327,1.08422,19998
2024.10.17,16:00,1.08421,1.08439,1.08103,1.08241,29840
2024.10.17,20:00,1.08244,1.08313,1.08202,1.08303,11041
2024.10.18,00:00,1.08260,1.08325,1.08246,1.08282,5900
2024.10.18,04:00,1.08281,1.08399,1.08268,1.08397,9094
2024.10.18,08:00,1.08397,1.08481,1.08338,1.08371,16850
2024.10.18,12:00,1.08371,1.08594,1.08335,1.08586,16979
2024.10.18,16:00,1.08587,1.08675,1.08505,1.08660,19064
2024.10.18,20:00,1.08660,1.08688,1.08584,1.08664,10318
2024.10.21,00:00,1.08628,1.08661,1.08589,1.08652,5928
2024.10.21,01:00,1.08653,1.08683,1.08633,1.08642,3303
2024.10.21,04:00,1.08642,1.08680,1.08630,1.08645,9728
2024.10.21,05:00,1.08644,1.08656,1.08576,1.08581,8865
2024.10.21,08:00,1.08581,1.08627,1.08579,1.08592,13680
2024.10.21,12:00,1.08545,1.08576,1.08458,1.08459,15091
2024.10.21,16:00,1.08566,1.08573,1.08431,1.08467,20446
2024.10.21,20:00,1.08179,1.08223,1.08147,1.08155,11276
2024.10.21,21:00,1.08155,1.08161,1.08116,1.08135,7984
2024.10.22,00:00,1.08143,1.08176,1.08129,1.08154,5832
2024.10.22,04:00,1.08156,1.08206,1.08143,1.08195,10007
2024.10.22,08:00,1.08195,1.08374,1.08174,1.08263,14825
2024.10.22,12:00,1.08264,1.08299,1.08105,1.08111,17121
2024.10.22,16:00,1.08110,1.08178,1.08002,1.08069,22821
2024.10.22,20:00,1.08073,1.08081,1.07919,1.07980,10263
2024.10.23,00:00,1.07954,1.08001,1.07916,1.07944,5182
2024.10.23,04:00,1.07945,1.08046,1.07930,1.08014,10333
2024.10.23,08:00,1.08015,1.08059,1.07786,1.07874,16609
2024.10.23,12:00,1.07875,1.07886,1.07605,1.07737,17759
2024.10.23,16:00,1.07736,1.07855,1.07689,1.07724,20975
2024.10.23,20:00,1.07723,1.07859,1.07665,1.07817,13384
2024.10.24,00:00,1.07813,1.07892,1.07786,1.07881,7131
2024.10.24,04:00,1.07880,1.07929,1.07805,1.07923,9412
2024.10.24,08:00,1.07925,1.08074,1.07700,1.08025,20259
2024.10.24,12:00,1.08023,1.08045,1.07880,1.07958,18492
2024.10.24,16:00,1.07958,1.08106,1.07944,1.08101,23935
2024.10.24,20:00,1.08101,1.08291,1.08099,1.08275,10744
2024.10.25,00:00,1.08240,1.08280,1.08194,1.08211,5597
2024.10.25,04:00,1.08211,1.08268,1.08193,1.08212,8783
2024.10.25,08:00,1.08212,1.08365,1.08130,1.08231,16319
2024.10.25,12:00,1.08230,1.08386,1.08203,1.08378,14875
2024.10.25,16:00,1.08379,1.08380,1.08017,1.08044,21497
2024.10.25,20:00,1.08045,1.08059,1.07924,1.07950,13360
2024.10.28,00:00,1.07905,1.07936,1.07863,1.07930,9164
2024.10.28,04:00,1.07931,1.07953,1.07896,1.07904,10596
2024.10.28,08:00,1.07871,1.07878,1.07813,1.07871,14319
2024.10.28,12:00,1.08185,1.08192,1.08078,1.08124,16846
2024.10.28,16:00,1.08148,1.08218,1.08134,1.08196,20602
2024.10.28,17:00,1.08196,1.08255,1.08138,1.08148,18421
2024.10.28,20:00,1.08147,1.08173,1.08123,1.08130,11189
2024.10.28,21:00,1.08130,1.08167,1.08111,1.08113,7712
2024.10.29,00:00,1.08117,1.08187,1.08101,1.08150,5917
2024.10.29,04:00,1.08151,1.08174,1.08054,1.08080,10331
2024.10.29,08:00,1.08081,1.08197,1.08049,1.08178,14618
2024.10.29,12:00,1.08177,1.08256,1.07714,1.07768,20643
2024.10.29,16:00,1.07770,1.08114,1.07681,1.07982,31767
2024.10.29,20:00,1.07983,1.08175,1.07974,1.08173,13958
2024.10.30,00:00,1.08134,1.08254,1.08114,1.08212,5861
2024.10.30,04:00,1.08212,1.08251,1.08124,1.08160,9326
2024.10.30,08:00,1.08159,1.08440,1.08132,1.08337,14316
2024.10.30,12:00,1.08339,1.08586,1.08074,1.08132,24286
2024.10.30,16:00,1.08132,1.08662,1.08107,1.08604,31552
2024.10.30,20:00,1.08604,1.08706,1.08529,1.08555,13408
2024.10.31,00:00,1.08543,1.08594,1.08523,1.08527,5899
2024.10.31,04:00,1.08527,1.08575,1.08435,1.08471,10065
2024.10.31,08:00,1.08469,1.08628,1.08458,1.08555,16606
2024.10.31,12:00,1.08556,1.08861,1.08535,1.08791,23776
2024.10.31,16:00,1.08791,1.08875,1.08457,1.08574,36136
2024.10.31,20:00,1.08575,1.08843,1.08547,1.08830,17162
2024.11.01,00:00,1.08831,1.08868,1.08797,1.08861,7960
2024.11.01,04:00,1.08859,1.08879,1.08745,1.08765,9897
2024.11.01,08:00,1.08766,1.08774,1.08567,1.08616,14168
2024.11.01,12:00,1.08617,1.09051,1.08517,1.08855,22038
2024.11.01,16:00,1.08856,1.08890,1.08456,1.08518,32562
2024.11.01,20:00,1.08518,1.08521,1.08311,1.08338,13997
2024.11.04,00:00,1.08807,1.08812,1.08735,1.08810,11166
2024.11.04,01:00,1.08810,1.08906,1.08760,1.08876,3560
2024.11.04,04:00,1.08876,1.08936,1.08841,1.08935,12101
2024.11.04,05:00,1.08937,1.08993,1.08936,1.08983,11824
2024.11.04,08:00,1.08984,1.09013,1.08906,1.08909,18624
2024.11.04,09:00,1.08910,1.09015,1.08905,1.08955,18988
2024.11.04,12:00,1.08956,1.09021,1.08929,1.09009,18000
2024.11.04,13:00,1.09009,1.09085,1.08927,1.09046,21147
2024.11.04,16:00,1.09046,1.09091,1.08949,1.08991,24198
2024.11.04,20:00,1.08880,1.08885,1.08775,1.08845,11934
2024.11.05,00:00,1.08769,1.08785,1.08718,1.08769,6121
2024.11.05,04:00,1.08769,1.08793,1.08737,1.08778,7278
2024.11.05,08:00,1.08778,1.08970,1.08763,1.08911,13428
2024.11.05,12:00,1.08911,1.09011,1.08889,1.08922,13468
2024.11.05,16:00,1.08920,1.09297,1.08889,1.09295,23895
2024.11.05,20:00,1.09295,1.09358,1.09235,1.09285,12180
2024.11.06,00:00,1.09252,1.09365,1.08208,1.08360,27405
2024.11.06,04:00,1.08359,1.08388,1.07183,1.07593,44093
2024.11.06,08:00,1.07592,1.07807,1.07022,1.07546,42561
2024.11.06,12:00,1.07544,1.07611,1.06818,1.07090,38724
2024.11.06,16:00,1.07094,1.07445,1.06977,1.07266,38603
2024.11.06,20:00,1.07267,1.07575,1.07254,1.07283,21347
2024.11.07,00:00,1.07281,1.07366,1.07121,1.07170,10718
2024.11.07,04:00,1.07171,1.07471,1.07167,1.07455,12655
2024.11.07,08:00,1.07454,1.07709,1.07405,1.07457,24416
2024.11.07,12:00,1.07457,1.07940,1.07456,1.07917,26204
2024.11.07,16:00,1.07916,1.08240,1.07805,1.08040,30102
2024.11.07,20:00,1.08041,1.08089,1.07663,1.08021,27437
2024.11.08,00:00,1.08028,1.08046,1.07785,1.07862,10093
2024.11.08,04:00,1.07863,1.07891,1.07758,1.07811,12345
2024.11.08,08:00,1.07813,1.07887,1.07603,1.07784,26361
2024.11.08,12:00,1.07786,1.07967,1.07439,1.07521,24611
2024.11.08,16:00,1.07522,1.07650,1.06862,1.07084,30896
2024.11.08,20:00,1.07084,1.07208,1.06993,1.07173,12649
2024.11.11,00:00,1.07108,1.07130,1.07062,1.07079,7522
2024.11.11,04:00,1.07161,1.07273,1.07151,1.07195,12526
2024.11.11,08:00,1.07135,1.07181,1.07106,1.07168,18226
2024.11.11,12:00,1.06867,1.06890,1.06673,1.06809,20694
2024.11.11,16:00,1.06516,1.06547,1.06360,1.06473,22871
2024.11.11,20:00,1.06512,1.06565,1.06443,1.06549,10963
2024.11.12,00:00,1.06548,1.06624,1.06493,1.06572,5407
2024.11.12,04:00,1.06574,1.06592,1.06373,1.06436,13900
2024.11.12,08:00,1.06437,1.06451,1.06163,1.06311,20687
2024.11.12,12:00,1.06310,1.06316,1.06056,1.06190,21606
2024.11.12,16:00,1.06190,1.06266,1.05952,1.05974,29170
2024.11.12,20:00,1.05973,1.06229,1.05943,1.06216,18360
2024.11.13,00:00,1.06215,1.06261,1.06103,1.06121,8131
2024.11.13,04:00,1.06120,1.06287,1.06114,1.06172,12649
2024.11.13,08:00,1.06172,1.06178,1.05925,1.06114,15651
2024.11.13,12:00,1.06113,1.06354,1.06073,1.06307,17222
2024.11.13,16:00,1.06307,1.06535,1.05550,1.05654,45223
2024.11.13,20:00,1.05657,1.05769,1.05557,1.05612,19876
2024.11.14,00:00,1.05612,1.05679,1.05569,1.05646,7032
2024.11.14,04:00,1.05645,1.05645,1.05445,1.05478,13658
2024.11.14,08:00,1.05478,1.05575,1.05317,1.05355,19017
2024.11.14,12:00,1.05354,1.05444,1.04955,1.05352,25183
2024.11.14,16:00,1.05351,1.05818,1.05129,1.05612,38582
2024.11.14,20:00,1.05612,1.05630,1.05113,1.05197,24753
2024.11.15,00:00,1.05196,1.05330,1.05181,1.05300,8618
2024.11.15,04:00,1.05300,1.05454,1.05275,1.05419,12529
2024.11.15,08:00,1.05418,1.05712,1.05330,1.05692,17452
2024.11.15,12:00,1.05691,1.05793,1.05580,1.05752,19616
2024.11.15,16:00,1.05757,1.05923,1.05225,1.05506,40586
2024.11.15,20:00,1.05508,1.05593,1.05157,1.05271,21621
2024.11.16,00:00,1.05271,1.05402,1.05221,1.05387,2038
2024.11.18,00:00,1.05314,1.05491,1.05286,1.05481,7252
2024.11.18,04:00,1.05481,1.05499,1.05296,1.05400,15226
2024.11.18,08:00,1.05400,1.05555,1.05349,1.05461,17420
2024.11.18,12:00,1.05462,1.05705,1.05318,1.05465,21778
2024.11.18,16:00,1.05466,1.05851,1.05448,1.05851,26526
2024.11.18,20:00,1.05852,1.06064,1.05792,1.05917,15220
2024.11.19,00:00,1.05917,1.05998,1.05864,1.05890,6516
2024.11.19,04:00,1.05891,1.06000,1.05857,1.05864,11739
2024.11.19,08:00,1.05862,1.05956,1.05620,1.05710,19854
2024.11.19,12:00,1.05709,1.05772,1.05231,1.05714,26999
2024.11.19,16:00,1.05717,1.06001,1.05649,1.05768,34669
2024.11.19,20:00,1.05766,1.05972,1.05704,1.05929,16442
2024.11.20,00:00,1.05928,1.06091,1.05910,1.05987,7317
2024.11.20,04:00,1.05987,1.06032,1.05868,1.05923,9728
2024.11.20,08:00,1.05923,1.05948,1.05594,1.05637,17470
2024.11.20,12:00,1.05632,1.05682,1.05414,1.05576,20545
2024.11.20,16:00,1.05578,1.05626,1.05061,1.05196,25252
2024.11.20,20:00,1.05194,1.05417,1.05154,1.05386,12406
2024.11.21,00:00,1.05385,1.05467,1.05365,1.05449,5664
2024.11.21,04:00,1.05453,1.05542,1.05443,1.05506,8152
2024.11.21,08:00,1.05507,1.05538,1.05234,1.05401,16967
2024.11.21,12:00,1.05400,1.05402,1.05132,1.05268,19761
2024.11.21,16:00,1.05267,1.05440,1.04708,1.04737,32494
2024.11.21,20:00,1.04736,1.04886,1.04614,1.04784,16198
2024.11.22,00:00,1.04784,1.04801,1.04658,1.04749,6488
2024.11.22,04:00,1.04751,1.04775,1.04664,1.04740,10124
2024.11.22,08:00,1.04740,1.04975,1.04405,1.04430,20185
2024.11.22,12:00,1.04429,1.04435,1.03326,1.04067,31496
2024.11.22,16:00,1.04066,1.04341,1.03914,1.03976,31810
2024.11.22,20:00,1.03979,1.04247,1.03975,1.04139,13162
2024.11.23,00:00,1.04139,1.04195,1.04127,1.04176,1586
2024.11.25,00:00,1.04746,1.05006,1.04613,1.04806,12330
2024.11.25,04:00,1.04800,1.04893,1.04734,1.04785,13720
2024.11.25,08:00,1.04786,1.04888,1.04484,1.04648,19100
2024.11.25,12:00,1.04646,1.04964,1.04625,1.04880,21364
2024.11.25,16:00,1.04881,1.05296,1.04661,1.04770,30788
2024.11.25,20:00,1.04769,1.05100,1.04683,1.04917,14351
2024.11.26,00:00,1.04916,1.05001,1.04243,1.04343,15666
2024.11.26,04:00,1.04343,1.04898,1.04297,1.04791,16096
2024.11.26,08:00,1.04791,1.04957,1.04693,1.04906,19191
2024.11.26,12:00,1.04907,1.05441,1.04903,1.05233,23416
2024.11.26,16:00,1.05232,1.05260,1.04631,1.04793,30380
2024.11.26,20:00,1.04794,1.04813,1.04566,1.04804,18619
2024.11.27,00:00,1.04805,1.04958,1.04802,1.04887,7816
2024.11.27,04:00,1.04886,1.04921,1.04766,1.04780,12184
2024.11.27,08:00,1.04780,1.05397,1.04737,1.05136,20670
2024.11.27,12:00,1.05135,1.05372,1.05085,1.05273,20858
2024.11.27,16:00,1.05276,1.05840,1.05264,1.05735,32715
2024.11.27,20:00,1.05737,1.05870,1.05586,1.05647,15590
2024.11.28,00:00,1.05646,1.05691,1.05504,1.05513,7049
2024.11.28,04:00,1.05510,1.05621,1.05466,1.05541,12581
2024.11.28,08:00,1.05542,1.05574,1.05269,1.05436,16625
2024.11.28,12:00,1.05436,1.05558,1.05293,1.05445,18553
2024.11.28,16:00,1.05445,1.05564,1.05296,1.05532,17751
2024.11.28,20:00,1.05527,1.05564,1.05498,1.05540,3262
2024.11.29,00:00,1.05542,1.05711,1.05481,1.05618,6716
2024.11.29,04:00,1.05619,1.05762,1.05558,1.05694,14865
2024.11.29,08:00,1.05693,1.05965,1.05632,1.05693,19247
2024.11.29,12:00,1.05697,1.05806,1.05475,1.05639,23754
2024.11.29,16:00,1.05636,1.05678,1.05409,1.05459,27024
2024.11.29,20:00,1.05457,1.05838,1.05429,1.05820,14179
2024.11.30,00:00,1.05818,1.05826,1.05740,1.05753,3731
2024.12.02,00:00,1.05713,1.05714,1.05307,1.05356,9956
2024.12.02,04:00,1.05355,1.05385,1.05182,1.05226,14657
2024.12.02,08:00,1.05226,1.05365,1.04953,1.05015,23774
2024.12.02,12:00,1.05015,1.05375,1.04943,1.05002,23363
2024.12.02,16:00,1.05003,1.05140,1.04599,1.04824,34865
2024.12.02,20:00,1.04826,1.05154,1.04795,1.04993,18321
2024.12.03,00:00,1.04996,1.05023,1.04881,1.04905,6871
2024.12.03,04:00,1.04907,1.04964,1.04817,1.04848,13726
2024.12.03,08:00,1.04848,1.05272,1.04800,1.05246,18537
2024.12.03,12:00,1.05246,1.05301,1.05063,1.05069,19772
2024.12.03,16:00,1.05070,1.05283,1.04914,1.05170,29840
2024.12.03,20:00,1.05171,1.05343,1.05022,1.05082,16526
2024.12.04,00:00,1.05083,1.05114,1.04967,1.04986,7259
2024.12.04,04:00,1.04985,1.05130,1.04872,1.05102,15677
2024.12.04,08:00,1.05103,1.05284,1.04896,1.04906,18432
2024.12.04,12:00,1.04907,1.05118,1.04818,1.04905,20480
2024.12.04,16:00,1.04900,1.05434,1.04716,1.05261,34110
2024.12.04,20:00,1.05264,1.05419,1.05042,1.05123,19186
2024.12.05,00:00,1.05125,1.05152,1.05071,1.05135,6586
2024.12.05,04:00,1.05136,1.05250,1.05085,1.05176,10456
2024.12.05,08:00,1.05176,1.05457,1.05166,1.05295,15946
2024.12.05,12:00,1.05295,1.05380,1.05207,1.05361,17581
2024.12.05,16:00,1.05362,1.05889,1.05325,1.05698,30984
2024.12.05,20:00,1.05697,1.05880,1.05563,1.05842,15187
2024.12.06,00:00,1.05838,1.05877,1.05759,1.05763,6239
2024.12.06,04:00,1.05767,1.05797,1.05652,1.05745,11615
2024.12.06,08:00,1.05745,1.05934,1.05668,1.05814,15064
2024.12.06,12:00,1.05820,1.05882,1.05707,1.05806,16418
2024.12.06,16:00,1.05811,1.06291,1.05436,1.05614,36272
2024.12.06,20:00,1.05618,1.05632,1.05416,1.05630,14756
2024.12.07,00:00,1.05628,1.05688,1.05610,1.05663,1416
2024.12.09,00:00,1.05567,1.05687,1.05550,1.05586,5719
2024.12.09,04:00,1.05586,1.05602,1.05315,1.05342,11185
2024.12.09,08:00,1.05342,1.05698,1.05330,1.05668,17724
2024.12.09,12:00,1.05667,1.05847,1.05572,1.05650,16938
2024.12.09,16:00,1.05651,1.05937,1.05575,1.05697,24331
2024.12.09,20:00,1.05695,1.05739,1.05465,1.05493,12168
2024.12.10,00:00,1.05496,1.05565,1.05484,1.05524,6368
2024.12.10,04:00,1.05525,1.05608,1.05445,1.05568,13046
2024.12.10,08:00,1.05569,1.05674,1.05371,1.05371,14593
2024.12.10,12:00,1.05370,1.05376,1.05196,1.05300,17570
2024.12.10,16:00,1.05301,1.05312,1.04978,1.05110,24609
2024.12.10,20:00,1.05111,1.05305,1.05040,1.05258,12778
2024.12.11,00:00,1.05259,1.05316,1.05229,1.05282,5056
2024.12.11,04:00,1.05283,1.05386,1.05199,1.05240,10374
2024.12.11,08:00,1.05239,1.05278,1.04874,1.05049,17009
2024.12.11,12:00,1.05047,1.05175,1.04864,1.05023,20687
2024.12.11,16:00,1.05026,1.05367,1.04796,1.05072,34676
2024.12.11,20:00,1.05073,1.05111,1.04809,1.04918,15846
2024.12.12,00:00,1.04920,1.05080,1.04904,1.05050,7079
2024.12.12,04:00,1.05051,1.05084,1.05002,1.05082,10219
2024.12.12,08:00,1.05084,1.05303,1.05027,1.05085,17221
2024.12.12,12:00,1.05084,1.05167,1.04882,1.04884,19234
2024.12.12,16:00,1.04885,1.05203,1.04629,1.05126,40213
2024.12.12,20:00,1.05126,1.05167,1.04639,1.04666,18140
2024.12.13,00:00,1.04665,1.04798,1.04626,1.04788,7697
2024.12.13,04:00,1.04787,1.04801,1.04557,1.04629,11919
2024.12.13,08:00,1.04629,1.04711,1.04525,1.04681,16238
2024.12.13,12:00,1.04677,1.05187,1.04656,1.05154,19939
2024.12.13,16:00,1.05153,1.05236,1.04816,1.04971,24705
2024.12.13,20:00,1.04972,1.05035,1.04885,1.04964,13667
2024.12.14,00:00,1.04966,1.05039,1.04952,1.05023,1344
2024.12.16,00:00,1.04855,1.05183,1.04846,1.05138,6726
2024.12.16,04:00,1.05137,1.05223,1.05091,1.05152,9325
2024.12.16,08:00,1.05152,1.05240,1.04994,1.05081,15004
2024.12.16,12:00,1.05082,1.05203,1.04826,1.04900,16007
2024.12.16,16:00,1.04899,1.05126,1.04739,1.05106,25058
2024.12.16,20:00,1.05107,1.05218,1.05048,1.05074,13440
2024.12.17,00:00,1.05073,1.05337,1.05060,1.05282,6189
2024.12.17,04:00,1.05281,1.05294,1.05072,1.05076,8350
2024.12.17,08:00,1.05076,1.05094,1.04844,1.04885,15050
2024.12.17,12:00,1.04886,1.05009,1.04786,1.05006,16992
2024.12.17,16:00,1.05006,1.05109,1.04912,1.05045,25984
2024.12.17,20:00,1.05045,1.05152,1.04845,1.04875,14422
2024.12.18,00:00,1.04876,1.05021,1.04860,1.04986,5222
2024.12.18,04:00,1.04985,1.05051,1.04949,1.05023,9592
2024.12.18,08:00,1.05022,1.05121,1.04868,1.04928,14164
2024.12.18,12:00,1.04923,1.05029,1.04851,1.04899,14976
2024.12.18,16:00,1.04899,1.05025,1.04664,1.04684,23540
2024.12.18,20:00,1.04683,1.04918,1.03435,1.03644,34231
2024.12.19,00:00,1.03644,1.03793,1.03467,1.03724,14316
2024.12.19,04:00,1.03724,1.03902,1.03704,1.03784,15451
2024.12.19,08:00,1.03785,1.04087,1.03754,1.04078,22803
2024.12.19,12:00,1.04077,1.04217,1.03902,1.03932,24228
2024.12.19,16:00,1.03932,1.04134,1.03554,1.03561,33785
2024.12.19,20:00,1.03562,1.03766,1.03541,1.03674,19235
2024.12.20,00:00,1.03674,1.03685,1.03601,1.03644,7576
2024.12.20,04:00,1.03644,1.03669,1.03578,1.03581,12686
2024.12.20,08:00,1.03580,1.03978,1.03424,1.03916,19640
2024.12.20,12:00,1.03916,1.03996,1.03751,1.03890,18400
2024.12.20,16:00,1.03889,1.04347,1.03853,1.04275,33905
2024.12.20,20:00,1.04275,1.04468,1.04216,1.04280,19442
2024.12.21,00:00,1.04280,1.04329,1.04212,1.04285,1886
2024.12.23,00:00,1.04290,1.04440,1.04273,1.04312,5917
2024.12.23,04:00,1.04313,1.04448,1.04262,1.04423,9051
2024.12.23,08:00,1.04423,1.04436,1.04066,1.04174,12379
2024.12.23,12:00,1.04173,1.04188,1.03850,1.03948,15845
2024.12.23,16:00,1.03947,1.04097,1.03835,1.04072,22228
2024.12.23,20:00,1.04072,1.04172,1.03958,1.04052,12332
2024.12.24,00:00,1.04053,1.04077,1.03974,1.03996,5136
2024.12.24,04:00,1.03997,1.04081,1.03880,1.03959,7325
2024.12.24,08:00,1.03959,1.04048,1.03895,1.03948,8699
2024.12.24,12:00,1.03947,1.04029,1.03884,1.03908,11425
2024.12.24,16:00,1.03905,1.04095,1.03868,1.03870,15392
2024.12.24,20:00,1.03869,1.03993,1.03828,1.03971,7069
2024.12.26,00:00,1.03911,1.04038,1.03911,1.03959,4172
2024.12.26,04:00,1.03957,1.04035,1.03938,1.03971,7016
2024.12.26,08:00,1.03972,1.04021,1.03897,1.03942,7346
2024.12.26,12:00,1.03941,1.04023,1.03907,1.03989,6745
2024.12.26,16:00,1.03992,1.04221,1.03945,1.04213,16239
2024.12.26,20:00,1.04212,1.04293,1.04057,1.04194,12393
2024.12.27,00:00,1.04193,1.04236,1.04155,1.04174,5458
2024.12.27,04:00,1.04175,1.04177,1.04060,1.04084,7975
2024.12.27,08:00,1.04083,1.04251,1.04044,1.04117,10976
2024.12.27,12:00,1.04117,1.04433,1.04083,1.04318,11205
2024.12.27,16:00,1.04317,1.04391,1.04150,1.04215,21625
2024.12.27,20:00,1.04214,1.04298,1.04138,1.04251,13840
2024.12.28,00:00,1.04251,1.04256,1.04201,1.04226,1226
2024.12.30,00:00,1.04292,1.04335,1.04251,1.04268,4196
2024.12.30,04:00,1.04269,1.04303,1.04203,1.04247,6029
2024.12.30,08:00,1.04245,1.04309,1.04086,1.04122,11332
2024.12.30,12:00,1.04122,1.04577,1.04103,1.04487,17022
2024.12.30,16:00,1.04489,1.04513,1.03710,1.03852,29012
2024.12.30,20:00,1.03851,1.04064,1.03838,1.03981,14640
2024.12.31,00:00,1.03988,1.04062,1.03964,1.04027,5790
2024.12.31,04:00,1.04028,1.04142,1.04015,1.04035,8939
2024.12.31,08:00,1.04035,1.04193,1.03989,1.04175,11285
2024.12.31,12:00,1.04176,1.04237,1.04111,1.04179,4191
2025.01.02,00:00,1.03512,1.03569,1.03457,1.03514,5167
2025.01.02,04:00,1.03514,1.03745,1.03437,1.03686,8191
2025.01.02,08:00,1.03688,1.03718,1.03456,1.03621,14581
2025.01.02,12:00,1.03622,1.03698,1.03130,1.03176,21346
2025.01.02,16:00,1.03175,1.03290,1.02236,1.02606,34307
2025.01.02,20:00,1.02604,1.02673,1.02473,1.02608,17293
2025.01.03,00:00,1.02607,1.02728,1.02555,1.02723,5526
2025.01.03,04:00,1.02722,1.02740,1.02658,1.02690,7125
2025.01.03,08:00,1.02691,1.02874,1.02639,1.02797,14859
2025.01.03,12:00,1.02796,1.03022,1.02785,1.02950,16616
2025.01.03,16:00,1.02949,1.03051,1.02724,1.02902,23081
2025.01.03,20:00,1.02902,1.03069,1.02902,1.03051,12569
2025.01.04,00:00,1.03050,1.03093,1.03040,1.03076,1349
2025.01.06,00:00,1.03060,1.03073,1.02949,1.03023,5276
2025.01.06,04:00,1.03022,1.03175,1.03006,1.03145,9525
2025.01.06,08:00,1.03146,1.03518,1.03071,1.03495,14299
2025.01.06,12:00,1.03495,1.04322,1.03280,1.04102,31590
2025.01.06,16:00,1.04103,1.04361,1.03525,1.03962,38964
2025.01.06,20:00,1.03961,1.03962,1.03764,1.03871,16421
2025.01.07,00:00,1.03874,1.03916,1.03765,1.03837,6599
2025.01.07,04:00,1.03833,1.03938,1.03755,1.03911,9272
2025.01.07,08:00,1.03912,1.04247,1.03902,1.04245,17246
2025.01.07,12:00,1.04244,1.04338,1.03865,1.03886,20975
2025.01.07,16:00,1.03886,1.04045,1.03545,1.03677,31440
2025.01.07,20:00,1.03678,1.03732,1.03434,1.03437,18337
2025.01.08,00:00,1.03434,1.03487,1.03384,1.03461,5822
2025.01.08,04:00,1.03462,1.03542,1.03447,1.03505,6448
2025.01.08,08:00,1.03506,1.03568,1.03174,1.03181,15976
2025.01.08,12:00,1.03181,1.03257,1.02726,1.02820,26362
2025.01.08,16:00,1.02819,1.03139,1.02802,1.03119,31832
2025.01.08,20:00,1.03118,1.03236,1.02975,1.03154,17794
2025.01.09,00:00,1.03155,1.03190,1.03041,1.03124,5694
2025.01.09,04:00,1.03128,1.03207,1.03050,1.03085,7936
2025.01.09,08:00,1.03086,1.03118,1.02829,1.03071,18365
2025.01.09,12:00,1.03071,1.03168,1.02952,1.03027,20066
2025.01.09,16:00,1.03026,1.03183,1.02903,1.02968,19063
2025.01.09,20:00,1.02966,1.03030,1.02930,1.03004,7350
2025.01.10,00:00,1.03005,1.03011,1.02915,1.02948,4701
2025.01.10,04:00,1.02947,1.03038,1.02928,1.02943,6961
2025.01.10,08:00,1.02944,1.03113,1.02805,1.03021,13831
2025.01.10,12:00,1.03019,1.03087,1.02982,1.03049,16178
2025.01.10,16:00,1.03048,1.03111,1.02122,1.02368,42665
2025.01.10,20:00,1.02368,1.02499,1.02322,1.02440,19171
2025.01.11,00:00,1.02439,1.02483,1.02378,1.02402,1827
2025.01.13,00:00,1.02374,1.02462,1.02345,1.02417,5094
2025.01.13,04:00,1.02418,1.02493,1.02070,1.02111,11631
2025.01.13,08:00,1.02111,1.02306,1.02069,1.02209,19388
2025.01.13,12:00,1.02206,1.02234,1.01772,1.02021,26584
2025.01.13,16:00,1.02024,1.02199,1.01910,1.02075,27323
2025.01.13,20:00,1.02076,1.02208,1.02063,1.02160,14418
2025.01.14,00:00,1.02163,1.02767,1.02156,1.02474,10268
2025.01.14,04:00,1.02471,1.02546,1.02378,1.02497,10281
2025.01.14,08:00,1.02497,1.02741,1.02416,1.02608,19238
2025.01.14,12:00,1.02609,1.02658,1.02388,1.02472,19900
2025.01.14,16:00,1.02474,1.03036,1.02408,1.02908,34314
2025.01.14,20:00,1.02906,1.03079,1.02783,1.03011,13890
2025.01.15,00:00,1.03013,1.03077,1.02991,1.03005,5411
2025.01.15,04:00,1.03004,1.03042,1.02946,1.03017,6994
2025.01.15,08:00,1.03018,1.03163,1.02860,1.02958,16645
2025.01.15,12:00,1.02960,1.03134,1.02928,1.02991,17338
2025.01.15,16:00,1.02992,1.03538,1.02579,1.02805,36399
2025.01.15,20:00,1.02805,1.02982,1.02803,1.02950,13312
2025.01.16,00:00,1.02952,1.02992,1.02842,1.02983,7321
2025.01.16,04:00,1.02984,1.02989,1.02840,1.02863,11068
2025.01.16,08:00,1.02864,1.03008,1.02802,1.02953,15345
2025.01.16,12:00,1.02952,1.02982,1.02634,1.02712,17535
2025.01.16,16:00,1.02712,1.03110,1.02600,1.03016,34335
2025.01.16,20:00,1.03018,1.03144,1.02928,1.02995,15682
2025.01.17,00:00,1.02990,1.03059,1.02957,1.03041,5968
2025.01.17,04:00,1.03042,1.03088,1.02912,1.02930,8012
2025.01.17,08:00,1.02932,1.02982,1.02769,1.02963,13986
2025.01.17,12:00,1.02964,1.03094,1.02886,1.02922,18032
2025.01.17,16:00,1.02924,1.03300,1.02645,1.02854,32046
2025.01.17,20:00,1.02855,1.02914,1.02721,1.02747,14699
2025.01.18,00:00,1.02743,1.02746,1.02684,1.02703,1589
2025.01.20,00:00,1.02759,1.02894,1.02655,1.02857,5500
2025.01.20,04:00,1.02856,1.03065,1.02784,1.03037,9462
2025.01.20,08:00,1.03036,1.03181,1.02988,1.03092,14151
2025.01.20,12:00,1.03091,1.03258,1.03044,1.03196,17069
2025.01.20,16:00,1.03190,1.04295,1.03079,1.03978,35146
2025.01.20,20:00,1.03978,1.04337,1.03531,1.04154,14506
2025.01.21,00:00,1.04149,1.04337,1.03520,1.03617,14521
2025.01.21,04:00,1.03623,1.04003,1.03551,1.03892,22761
2025.01.21,08:00,1.03892,1.03915,1.03495,1.03600,18795
2025.01.21,12:00,1.03600,1.03630,1.03414,1.03535,24015
2025.01.21,16:00,1.03534,1.04222,1.03521,1.04218,31425
2025.01.21,20:00,1.04218,1.04347,1.04151,1.04194,14289
2025.01.22,00:00,1.04189,1.04324,1.03918,1.04224,10723
2025.01.22,04:00,1.04225,1.04226,1.04055,1.04165,9874
2025.01.22,08:00,1.04164,1.04234,1.03992,1.04225,17388
2025.01.22,12:00,1.04228,1.04567,1.04194,1.04374,20160
2025.01.22,16:00,1.04374,1.04451,1.04116,1.04189,26019
2025.01.22,20:00,1.04189,1.04223,1.04106,1.04114,12584
2025.01.23,00:00,1.04114,1.04124,1.04048,1.04097,5589
2025.01.23,04:00,1.04097,1.04152,1.03963,1.04101,10725
2025.01.23,08:00,1.04102,1.04114,1.03894,1.03934,15586
2025.01.23,12:00,1.03933,1.04196,1.03926,1.04029,18868
2025.01.23,16:00,1.04029,1.04284,1.03715,1.04189,32390
2025.01.23,20:00,1.04188,1.04374,1.04132,1.04168,16874
2025.01.24,00:00,1.04169,1.04224,1.04120,1.04186,6464
2025.01.24,04:00,1.04185,1.04532,1.04110,1.04467,17641
2025.01.24,08:00,1.04468,1.04945,1.04431,1.04927,23643
2025.01.24,12:00,1.04929,1.05144,1.04727,1.04730,20034
2025.01.24,16:00,1.04732,1.05200,1.04631,1.05140,29605
2025.01.24,20:00,1.05139,1.05208,1.04875,1.04939,13166
2025.01.25,00:00,1.04941,1.04966,1.04904,1.04922,1537
2025.01.27,00:00,1.04784,1.04853,1.04645,1.04720,7038
2025.01.27,04:00,1.04719,1.04781,1.04583,1.04627,14228
2025.01.27,08:00,1.04626,1.04881,1.04533,1.04871,20184
2025.01.27,12:00,1.04870,1.05272,1.04745,1.05206,30710
2025.01.27,16:00,1.05206,1.05324,1.04885,1.04902,32286
2025.01.27,20:00,1.04902,1.04941,1.04785,1.04873,19191
2025.01.28,00:00,1.04873,1.04928,1.04278,1.04447,15533
2025.01.28,04:00,1.04446,1.04559,1.04241,1.04330,15390
2025.01.28,08:00,1.04331,1.04435,1.04186,1.04245,18191
2025.01.28,12:00,1.04245,1.04436,1.04132,1.04195,21380
2025.01.28,16:00,1.04192,1.04400,1.04166,1.04254,27330
2025.01.28,20:00,1.04255,1.04375,1.04220,1.04309,15299
2025.01.29,00:00,1.04309,1.04337,1.04259,1.04297,5857
2025.01.29,04:00,1.04296,1.04419,1.04251,1.04378,9626
2025.01.29,08:00,1.04378,1.04429,1.04125,1.04235,16089
2025.01.29,12:00,1.04234,1.04240,1.03930,1.04033,21139
2025.01.29,16:00,1.04036,1.04265,1.03816,1.04151,29377
2025.01.29,20:00,1.04150,1.04282,1.03876,1.04097,30311
2025.01.30,00:00,1.04097,1.04282,1.04083,1.04254,7728
2025.01.30,04:00,1.04252,1.04271,1.04170,1.04184,9362
2025.01.30,08:00,1.04183,1.04283,1.04088,1.04211,14850
2025.01.30,12:00,1.04210,1.04220,1.03896,1.04027,20288
2025.01.30,16:00,1.04030,1.04670,1.04007,1.04191,32357
2025.01.30,20:00,1.04190,1.04315,1.03854,1.04070,17376
2025.01.31,00:00,1.04069,1.04135,1.03844,1.03861,10313
2025.01.31,04:00,1.03856,1.03943,1.03765,1.03867,12194
2025.01.31,08:00,1.03865,1.04122,1.03805,1.03836,16648
2025.01.31,12:00,1.03835,1.03850,1.03647,1.03819,21128
2025.01.31,16:00,1.03819,1.04069,1.03595,1.03991,29671
2025.01.31,20:00,1.03991,1.04332,1.03612,1.03729,35067
2025.02.01,00:00,1.03730,1.03866,1.03495,1.03588,6215
2025.02.03,00:00,1.02446,1.02696,1.02098,1.02314,20087
2025.02.03,04:00,1.02313,1.02516,1.02115,1.02259,25982
2025.02.03,08:00,1.02261,1.02510,1.02122,1.02432,25858
2025.02.03,12:00,1.02431,1.02775,1.02250,1.02572,23496
2025.02.03,16:00,1.02570,1.03349,1.02429,1.02755,42989
2025.02.03,20:00,1.02755,1.03019,1.02701,1.02952,25376
2025.02.04,00:00,1.02948,1.03504,1.02922,1.03172,14581
2025.02.04,04:00,1.03169,1.03234,1.03053,1.03054,14923
2025.02.04,08:00,1.03052,1.03349,1.02714,1.03336,26069
2025.02.04,12:00,1.03336,1.03488,1.03197,1.03246,18820
2025.02.04,16:00,1.03246,1.03868,1.03233,1.03777,29475
2025.02.04,20:00,1.03776,1.03856,1.03651,1.03846,17053
2025.02.05,00:00,1.03848,1.03869,1.03691,1.03781,7781
2025.02.05,04:00,1.03782,1.03860,1.03718,1.03780,13970
2025.02.05,08:00,1.03780,1.04090,1.03725,1.04032,19250
2025.02.05,12:00,1.04033,1.04298,1.04009,1.04185,20046
2025.02.05,16:00,1.04182,1.04419,1.04008,1.04173,30966
2025.02.05,20:00,1.04174,1.04233,1.04005,1.04041,13637
2025.02.06,00:00,1.04041,1.04060,1.03945,1.03968,6944
2025.02.06,04:00,1.03969,1.04048,1.03845,1.03863,12442
2025.02.06,08:00,1.03864,1.03918,1.03555,1.03643,16034
2025.02.06,12:00,1.03644,1.03672,1.03519,1.03612,20423
2025.02.06,16:00,1.03610,1.03758,1.03528,1.03663,25971
2025.02.06,20:00,1.03657,1.03961,1.03651,1.03884,15002
2025.02.07,00:00,1.03883,1.03904,1.03766,1.03770,6284
2025.02.07,04:00,1.03770,1.03861,1.03736,1.03805,11361
2025.02.07,08:00,1.03805,1.03993,1.03719,1.03971,13697
2025.02.07,12:00,1.03971,1.03987,1.03677,1.03738,14628
2025.02.07,16:00,1.03737,1.04121,1.03218,1.03274,39228
2025.02.07,20:00,1.03273,1.03594,1.03046,1.03272,20609
2025.02.08,00:00,1.03274,1.03317,1.03245,1.03260,1864
2025.02.10,00:00,1.02843,1.03163,1.02810,1.03098,6488
2025.02.10,04:00,1.03097,1.03152,1.02991,1.03125,6398
2025.02.10,08:00,1.03127,1.03249,1.03060,1.03215,15704
2025.02.10,12:00,1.03213,1.03358,1.03078,1.03131,17373
2025.02.10,16:00,1.03130,1.03258,1.03037,1.03109,20560
2025.02.10,20:00,1.03110,1.03154,1.03043,1.03061,10632
2025.02.11,00:00,1.03059,1.03080,1.02979,1.03040,6254
2025.02.11,04:00,1.03041,1.03041,1.02914,1.03035,10397
2025.02.11,08:00,1.03036,1.03191,1.02991,1.03176,13504
2025.02.11,12:00,1.03175,1.03280,1.03120,1.03213,15240
2025.02.11,16:00,1.03214,1.03506,1.03159,1.03450,21381
2025.02.11,20:00,1.03451,1.03808,1.03413,1.03623,13626
2025.02.12,00:00,1.03622,1.03669,1.03558,1.03567,5839
2025.02.12,04:00,1.03568,1.03672,1.03533,1.03556,11891
2025.02.12,08:00,1.03557,1.03793,1.03543,1.03705,15029
2025.02.12,12:00,1.03705,1.03850,1.03641,1.03723,16136
2025.02.12,16:00,1.03723,1.03965,1.03164,1.03907,37138
2025.02.12,20:00,1.03907,1.04292,1.03840,1.03910,22061
2025.02.13,00:00,1.03912,1.03999,1.03801,1.03890,8025
2025.02.13,04:00,1.03889,1.04347,1.03866,1.04341,14508
2025.02.13,08:00,1.04340,1.04393,1.04098,1.04130,21264
2025.02.13,12:00,1.04129,1.04284,1.03851,1.03892,20874
2025.02.13,16:00,1.03892,1.04447,1.03748,1.04268,32824
2025.02.13,20:00,1.04266,1.04651,1.03724,1.04610,23899
2025.02.14,00:00,1.04614,1.04673,1.04555,1.04602,8174
2025.02.14,04:00,1.04601,1.04662,1.04532,1.04542,10890
2025.02.14,08:00,1.04544,1.04856,1.04465,1.04761,18806
2025.02.14,12:00,1.04760,1.04871,1.04563,1.04709,17986
2025.02.14,16:00,1.04710,1.05134,1.04705,1.04969,28418
2025.02.14,20:00,1.04968,1.05081,1.04905,1.04914,11659
2025.02.15,00:00,1.04917,1.04941,1.04879,1.04896,1559
2025.02.17,00:00,1.04829,1.04936,1.04828,1.04915,6314
2025.02.17,04:00,1.04916,1.05057,1.04886,1.04948,10790
2025.02.17,08:00,1.04949,1.04975,1.04704,1.04736,18197
2025.02.17,12:00,1.04736,1.04887,1.04677,1.04714,15235
2025.02.17,16:00,1.04715,1.04835,1.04664,1.04780,12363
2025.02.17,20:00,1.04782,1.04839,1.04770,1.04828,4677
2025.02.18,00:00,1.04830,1.04857,1.04721,1.04744,6391
2025.02.18,04:00,1.04743,1.04750,1.04548,1.04564,14797
2025.02.18,08:00,1.04565,1.04685,1.04515,1.04561,16472
2025.02.18,12:00,1.04561,1.04665,1.04522,1.04546,14953
2025.02.18,16:00,1.04546,1.04687,1.04408,1.04560,22313
2025.02.18,20:00,1.04559,1.04560,1.04344,1.04470,13281
2025.02.19,00:00,1.04467,1.04506,1.04418,1.04449,6744
2025.02.19,04:00,1.04453,1.04524,1.04405,1.04517,10473
2025.02.19,08:00,1.04516,1.04607,1.04379,1.04398,14022
2025.02.19,12:00,1.04398,1.04429,1.04182,1.04275,20735
2025.02.19,16:00,1.04277,1.04406,1.04034,1.04039,23592
2025.02.19,20:00,1.04038,1.04318,1.04002,1.04246,14429
2025.02.20,00:00,1.04243,1.04294,1.04189,1.04285,6792
2025.02.20,04:00,1.04286,1.04368,1.04180,1.04296,17069
2025.02.20,08:00,1.04295,1.04412,1.04229,1.04327,17331
2025.02.20,12:00,1.04326,1.04456,1.04279,1.04350,16559
2025.02.20,16:00,1.04351,1.04776,1.04342,1.04743,27565
2025.02.20,20:00,1.04742,1.05026,1.04705,1.05021,16202
2025.02.21,00:00,1.05020,1.05049,1.04887,1.04895,7204
2025.02.21,04:00,1.04894,1.05042,1.04837,1.04984,12577
2025.02.21,08:00,1.04983,1.05000,1.04673,1.04761,17744
2025.02.21,12:00,1.04770,1.04804,1.04586,1.04611,17608
2025.02.21,16:00,1.04610,1.04918,1.04485,1.04539,26739
2025.02.21,20:00,1.04538,1.04672,1.04502,1.04600,20394
2025.02.22,00:00,1.04602,1.04614,1.04493,1.04569,2089
2025.02.24,00:00,1.04675,1.05065,1.04596,1.05035,10257
2025.02.24,04:00,1.05035,1.05276,1.05018,1.05149,20424
2025.02.24,08:00,1.05147,1.05190,1.04690,1.04793,19765
2025.02.24,12:00,1.04790,1.04840,1.04595,1.04682,15582
2025.02.24,16:00,1.04683,1.04794,1.04521,1.04770,26993
2025.02.24,20:00,1.04771,1.04850,1.04639,1.04644,21021
2025.02.25,00:00,1.04645,1.04689,1.04592,1.04625,6262
2025.02.25,04:00,1.04628,1.04764,1.04601,1.04723,11666
2025.02.25,08:00,1.04724,1.04795,1.04556,1.04694,18794
2025.02.25,12:00,1.04695,1.04994,1.04646,1.04930,20707
2025.02.25,16:00,1.04931,1.05185,1.04912,1.04970,28855
2025.02.25,20:00,1.04969,1.05183,1.04832,1.05156,19409
2025.02.26,00:00,1.05155,1.05242,1.05098,1.05220,8066
2025.02.26,04:00,1.05220,1.05229,1.04959,1.04966,14481
2025.02.26,08:00,1.04966,1.05109,1.04865,1.05018,18645
2025.02.26,12:00,1.05019,1.05025,1.04742,1.04760,17774
2025.02.26,16:00,1.04759,1.05148,1.04758,1.05128,30373
2025.02.26,20:00,1.05130,1.05282,1.04801,1.04854,28336
2025.02.27,00:00,1.04853,1.04919,1.04761,1.04767,6779
2025.02.27,04:00,1.04767,1.04826,1.04584,1.04621,13133
2025.02.27,08:00,1.04623,1.04795,1.04608,1.04777,17326
2025.02.27,12:00,1.04778,1.04867,1.04726,1.04759,17700
2025.02.27,16:00,1.04756,1.04888,1.04027,1.04129,36054
2025.02.27,20:00,1.04130,1.04175,1.03996,1.04046,19483
2025.02.28,00:00,1.04047,1.04047,1.03885,1.04017,7289
2025.02.28,04:00,1.04018,1.04035,1.03799,1.03858,16745
2025.02.28,08:00,1.03859,1.04036,1.03820,1.04007,17936
2025.02.28,12:00,1.04017,1.04073,1.03917,1.04061,16740
2025.02.28,16:00,1.04062,1.04192,1.03927,1.04009,32557
2025.02.28,20:00,1.04013,1.04093,1.03592,1.03740,29093
2025.03.01,00:00,1.03738,1.03763,1.03678,1.03741,2265
2025.03.03,00:00,1.04021,1.04204,1.03912,1.04087,9326
2025.03.03,04:00,1.04089,1.04226,1.04069,1.04172,14051
2025.03.03,08:00,1.04168,1.04188,1.03879,1.04003,18089
2025.03.03,12:00,1.04013,1.04754,1.04007,1.04697,24665
2025.03.03,16:00,1.04700,1.05030,1.04588,1.04953,30088
2025.03.03,20:00,1.04955,1.05030,1.04660,1.04814,25869
2025.03.04,00:00,1.04815,1.04919,1.04759,1.04874,10862
2025.03.04,04:00,1.04874,1.04954,1.04706,1.04774,19001
2025.03.04,08:00,1.04772,1.05233,1.04705,1.05181,25539
2025.03.04,12:00,1.05181,1.05565,1.05019,1.05523,26145
2025.03.04,16:00,1.05523,1.05592,1.04958,1.05330,38414
2025.03.04,20:00,1.05329,1.06231,1.05300,1.06080,34919
2025.03.05,00:00,1.06079,1.06366,1.06076,1.06202,13533
2025.03.05,04:00,1.06202,1.06268,1.06015,1.06182,21843
2025.03.05,08:00,1.06182,1.06990,1.06182,1.06972,26457
2025.03.05,12:00,1.06973,1.07214,1.06757,1.06950,26808
2025.03.05,16:00,1.06955,1.07862,1.06863,1.07664,39735
2025.03.05,20:00,1.07665,1.07960,1.07617,1.07916,30085
2025.03.06,00:00,1.07915,1.08021,1.07850,1.07938,8771
2025.03.06,04:00,1.07938,1.08195,1.07835,1.08027,20278
2025.03.06,08:00,1.08029,1.08215,1.07914,1.08005,30351
2025.03.06,12:00,1.08003,1.08062,1.07797,1.07994,28774
2025.03.06,16:00,1.07996,1.08530,1.07899,1.08168,48091
2025.03.06,20:00,1.08167,1.08216,1.07649,1.07856,28419
2025.03.07,00:00,1.07856,1.07956,1.07743,1.07870,9010
2025.03.07,04:00,1.07871,1.08141,1.07806,1.08124,14178
2025.03.07,08:00,1.08125,1.08544,1.08069,1.08501,21086
2025.03.07,12:00,1.08501,1.08706,1.08405,1.08538,21607
2025.03.07,16:00,1.08539,1.08880,1.08349,1.08579,39824
2025.03.07,20:00,1.08580,1.08635,1.08249,1.08465,24869
2025.03.08,00:00,1.08465,1.08505,1.08320,1.08323,2133
2025.03.10,00:00,1.08265,1.08665,1.08265,1.08635,12337
2025.03.10,04:00,1.08636,1.08705,1.08295,1.08301,16066
2025.03.10,08:00,1.08296,1.08441,1.08045,1.08092,24960
2025.03.10,12:00,1.08093,1.08740,1.08081,1.08433,30991
2025.03.10,16:00,1.08434,1.08502,1.08201,1.08297,31514
2025.03.10,20:00,1.08296,1.08450,1.08170,1.08351,19465
2025.03.11,00:00,1.08304,1.08527,1.08294,1.08507,9085
2025.03.11,04:00,1.08509,1.08607,1.08431,1.08537,18397
2025.03.11,08:00,1.08536,1.09187,1.08350,1.09165,28264
2025.03.11,12:00,1.09162,1.09201,1.08805,1.09174,22133
2025.03.11,16:00,1.09174,1.09300,1.08945,1.09245,35010
2025.03.11,20:00,1.09244,1.09465,1.09094,1.09187,21658
2025.03.12,00:00,1.09170,1.09179,1.09050,1.09082,7208
2025.03.12,04:00,1.09085,1.09146,1.08950,1.08983,13790
2025.03.12,08:00,1.08984,1.09209,1.08868,1.09206,23353
2025.03.12,12:00,1.09208,1.09311,1.08755,1.08775,28278
2025.03.12,16:00,1.08776,1.09271,1.08749,1.09050,33643
2025.03.12,20:00,1.09051,1.09135,1.08791,1.08869,17762
2025.03.13,00:00,1.08880,1.08911,1.08820,1.08906,5688
2025.03.13,04:00,1.08906,1.08964,1.08809,1.08927,11780
2025.03.13,08:00,1.08928,1.08928,1.08586,1.08726,22492
2025.03.13,12:00,1.08725,1.08846,1.08253,1.08339,28244
2025.03.13,16:00,1.08340,1.08775,1.08218,1.08719,33244
2025.03.13,20:00,1.08720,1.08729,1.08459,1.08506,17585
2025.03.14,00:00,1.08464,1.08579,1.08454,1.08484,7643
2025.03.14,04:00,1.08484,1.08486,1.08336,1.08403,13588
2025.03.14,08:00,1.08402,1.08561,1.08300,1.08531,20727
2025.03.14,12:00,1.08531,1.09119,1.08463,1.08940,27670
2025.03.14,16:00,1.08940,1.08973,1.08648,1.08824,29957
2025.03.14,20:00,1.08822,1.08873,1.08727,1.08749,13162
2025.03.17,00:00,1.08779,1.08846,1.08740,1.08789,7669
2025.03.17,04:00,1.08789,1.08931,1.08735,1.08814,11441
2025.03.17,08:00,1.08815,1.08862,1.08678,1.08830,18331
2025.03.17,12:00,1.08831,1.09112,1.08764,1.09010,20674
2025.03.17,16:00,1.09011,1.09291,1.08965,1.09204,24766
2025.03.17,20:00,1.09205,1.09272,1.09107,1.09208,12525
2025.03.18,00:00,1.09187,1.09221,1.09143,1.09154,5880
2025.03.18,04:00,1.09153,1.09185,1.09055,1.09102,10233
2025.03.18,08:00,1.09102,1.09539,1.09028,1.09505,16172
2025.03.18,12:00,1.09508,1.09525,1.08919,1.09108,21813
2025.03.18,16:00,1.09109,1.09392,1.08960,1.09380,27235
2025.03.18,20:00,1.09379,1.09511,1.09379,1.09442,14549
2025.03.19,00:00,1.09442,1.09472,1.09312,1.09340,5847
2025.03.19,04:00,1.09340,1.09443,1.09275,1.09292,8234
2025.03.19,08:00,1.09292,1.09355,1.08725,1.09063,18086
2025.03.19,12:00,1.09064,1.09170,1.08907,1.09004,17389
2025.03.19,16:00,1.09007,1.09031,1.08747,1.08844,21256
2025.03.19,20:00,1.08843,1.09125,1.08597,1.09014,27328
2025.03.20,00:00,1.09012,1.09158,1.09010,1.09116,7171
2025.03.20,04:00,1.09115,1.09166,1.08996,1.09026,13562
2025.03.20,08:00,1.09027,1.09027,1.08624,1.08645,15449
2025.03.20,12:00,1.08648,1.08678,1.08302,1.08331,22442
2025.03.20,16:00,1.08330,1.08515,1.08140,1.08478,26088
2025.03.20,20:00,1.08479,1.08583,1.08384,1.08526,10776
2025.03.21,00:00,1.08505,1.08581,1.08501,1.08525,6207
2025.03.21,04:00,1.08525,1.08549,1.08268,1.08295,11341
2025.03.21,08:00,1.08292,1.08448,1.08193,1.08353,15769
2025.03.21,12:00,1.08352,1.08608,1.08242,1.08315,16750
2025.03.21,16:00,1.08314,1.08352,1.07969,1.08175,26877
2025.03.21,20:00,1.08173,1.08261,1.08045,1.08133,13703
2025.03.24,00:00,1.08121,1.08393,1.08108,1.08366,7969
2025.03.24,04:00,1.08365,1.08369,1.08163,1.08222,12939
2025.03.24,08:00,1.08221,1.08574,1.08176,1.08424,17943
2025.03.24,12:00,1.08425,1.08541,1.08209,1.08290,16755
2025.03.24,16:00,1.08291,1.08300,1.07809,1.07913,26183
2025.03.24,20:00,1.07912,1.08123,1.07834,1.08003,12217
2025.03.25,00:00,1.07975,1.08029,1.07942,1.07996,6052
2025.03.25,04:00,1.07996,1.08082,1.07935,1.08026,10623
2025.03.25,08:00,1.08027,1.08064,1.07763,1.07896,16264
2025.03.25,12:00,1.07896,1.08294,1.07868,1.08245,21417
2025.03.25,16:00,1.08243,1.08270,1.07965,1.08058,24615
2025.03.25,20:00,1.08060,1.08163,1.07881,1.07911,12782
2025.03.26,00:00,1.07910,1.07930,1.07829,1.07838,6008
2025.03.26,04:00,1.07837,1.07965,1.07774,1.07835,9982
2025.03.26,08:00,1.07834,1.07991,1.07772,1.07986,16952
2025.03.26,12:00,1.07986,1.08020,1.07810,1.07835,18817
2025.03.26,16:00,1.07836,1.07947,1.07668,1.07870,24939
2025.03.26,20:00,1.07869,1.07887,1.07433,1.07516,15717
2025.03.27,00:00,1.07545,1.07569,1.07325,1.07548,10243
2025.03.27,04:00,1.07549,1.07862,1.07544,1.07796,9856
2025.03.27,08:00,1.07794,1.07818,1.07535,1.07752,20114
2025.03.27,12:00,1.07748,1.07989,1.07605,1.07864,21412
2025.03.27,16:00,1.07863,1.08204,1.07757,1.07980,27833
2025.03.27,20:00,1.07983,1.08081,1.07875,1.08010,12134
2025.03.28,00:00,1.07941,1.08006,1.07876,1.07942,5895
2025.03.28,04:00,1.07941,1.07982,1.07839,1.07878,9785
2025.03.28,08:00,1.07879,1.07992,1.07746,1.07776,16500
2025.03.28,12:00,1.07778,1.07912,1.07639,1.07884,18937
2025.03.28,16:00,1.07883,1.08440,1.07842,1.08209,29916
2025.03.28,20:00,1.08210,1.08354,1.08113,1.08274,14485
